보험회사명,상품명,구분,급부명칭,지급사유,지급금액,가입금액,남자 (월),여자 (월),"보험가격지수 남자","보험가격지수 여자",보험기간,갱신주기,특이사항
ABL생명,"(무)ABL건강N더보장종합보험(갱신형)(간편심사형)",주계약,재해사망보험금,피보험자가 보험기간 중 재해로 사망하였을 때,보험가입금액,"100만원",33,14,139.30%,204.40%,보험기간(1년 초과),갱신형,"1. 가입나이 : 일반심사형 만15세 ~ 최대 80세, 간편심사형 30세 ~ 최대 80세 2. 가입한도 : 100만원 ~ 1,000만원 3. 보험종류 : 간편심사형 / 일반심사형 4. 보험기간 : 10년/20년/30년 만기 갱신형 5. 납입기간: 전기납 6. 보험료 예시기준 : 간편심사형(325), 가입금액 100만원, 40세, 20년 만기 갱신형, 전기납, 월납, 최초계약 7. 보험가격지수 예시기준 : 간편심사형(325), 가입금액 100만원, 40세, 20년 만기 갱신형, 전기납, 월납, 최초계약 8. 특약보험료 예시기준 - (무)허혈심장질환진단특약DII(갱신형)(간편심사형) : 간편심사형(325), 20년만기, 전기납, 월납, 최초계약 - (무)수술보장특약DII(갱신형)(간편심사형) : 간편심사형(325), 20년만기, 전기납, 월납, 최초계약 - (무)일반암진단특약DII(갱신형)(간편심사형) : 간편심사형(325), 20년만기, 전기납, 월납, 최초계약 - (무)암직접치료입원보장특약DII(갱신형)(간편심사형) : 간편심사형(325), 20년만기, 전기납, 월납, 최초계약"
ABL생명,"(무)ABL건강N더보장종합보험(갱신형)(간편심사형)",특약,"(무)허혈심장질환진단특약DII(갱신형)(간편심사형)","이 특약의 보험기간 중 피보험자가 “허혈심장질환”으로 진단이 확정되었을 때(다만, 최초 1회에 한함)","경과기간 1년 미만： 500만원 경과기간 1년 이상：1,000만원","1000만원",7750,5660,,,,
ABL생명,"(무)ABL건강N더보장종합보험(갱신형)(간편심사형)",특약,"(무)수술보장특약DII(갱신형)(간편심사형)",피보험자가 이 특약의 보험기간 중 수술을 받았을 때,"(수술 1회당) 1종 수술： 15만원 2종 수술： 30만원 3종 수술： 60만원 4종 수술：100만원 5종 수술：500만원 (다만, 계약일부터 1년이 지난 보험계약해당일 전일 이전에 재해 이외의 원인으로 지급사유가 발생하였을 경우에는 상기금액의 50%를 지급)","1000만원",10200,12800,,,,
ABL생명,"(무)ABL건강N더보장종합보험(갱신형)(간편심사형)",특약,"(무)일반암진단특약DII(갱신형)(간편심사형)","이 특약의 보험기간 중 피보험자가 암보장개시일 이후에 “암”(중증 이외의 갑상선암, 기타피부암 및 대장점막내암 제외)으로 진단이 확정되었을 때 (다만, 최초 1회에 한함)","경과기간 1년 미만： 500만원 경과기간 1년 이상：1,000만원","1000만원",6230,9040,,,,
ABL생명,"(무)ABL건강N더보장종합보험(갱신형)(간편심사형)",특약,"(무)암직접치료입원보장특약DII(갱신형)(간편심사형)","피보험자가 보험기간 중 보장개시일(암의 경우 암 보장개시일) 이후에 암, 갑상선암, 기타피부암, 제자리암 및 경계성종양으로 진단이 확정되고, 그 암, 갑상선암, 기타피부암, 제자리암 및 경계성종양의 직접적인 치료를 목적으로 4일 이상 계속하여 입원하였을 때 (120일 한도)","3일초과 입원일수 1일당 암 : 5만원 갑상선암, 기타피부암, 제자리암, 경계성종양 : 2만원 (다만, 최초계약의 계약일로부터 1년 미만에 입원시 50% 지급)","1000만원",1150,1560,,,,
ABL생명,"(무)ABL건강N더보장종합보험(갱신형)(일반심사형)",주계약,재해사망보험금,피보험자가 보험기간 중 재해로 사망하였을 때,보험가입금액,"100만원",30,11,126.60%,160.60%,보험기간(1년 초과),갱신형,"1. 가입나이 : 일반심사형 만15세 ~ 최대 80세, 간편심사형 30세 ~ 최대 80세 2. 가입한도 : 100만원 ~ 1,000만원 3. 보험종류 : 간편심사형 / 일반심사형 4. 보험기간 : 10년/20년/30년 만기 갱신형 5. 납입기간: 전기납 6. 보험료 예시기준 : 일반심사형, 가입금액 100만원, 40세, 20년 만기 갱신형, 전기납, 월납, 최초계약 7. 보험가격지수 예시기준 : 일반심사형, 가입금액 100만원, 40세, 20년 만기 갱신형, 전기납, 월납, 최초계약 8. 특약보험료 예시기준 - (무)허혈심장질환진단특약DII(갱신형)(일반심사형) : 일반심사형, 20년만기, 전기납, 월납, 최초계약 - (무)수술보장특약DII(갱신형)(일반심사형) : 일반심사형, 20년만기, 전기납, 월납, 최초계약 - (무)일반암진단특약DII(갱신형)(일반심사형) : 일반심사형, 20년만기, 전기납, 월납, 최초계약 - (무)암직접치료입원보장특약DII(갱신형)(일반심사형) : 일반심사형, 20년만기, 전기납, 월납, 최초계약"
ABL생명,"(무)ABL건강N더보장종합보험(갱신형)(일반심사형)",특약,"(무)허혈심장질환진단특약DII(갱신형)(일반심사형)","이 특약의 보험기간 중 피보험자가 “허혈심장질환”으로 진단이 확정되었을 때(다만, 최초 1회에 한함)","경과기간 1년 미만： 500만원 경과기간 1년 이상：1,000만원","1000만원",6000,3340,,,,
ABL생명,"(무)ABL건강N더보장종합보험(갱신형)(일반심사형)",특약,"(무)수술보장특약DII(갱신형)(일반심사형)",피보험자가 이 특약의 보험기간 중 수술을 받았을 때,"(수술 1회당) 1종 수술： 15만원 2종 수술： 30만원 3종 수술： 60만원 4종 수술：100만원 5종 수술：500만원","1000만원",6100,7700,,,,
ABL생명,"(무)ABL건강N더보장종합보험(갱신형)(일반심사형)",특약,"(무)일반암진단특약DII(갱신형)(일반심사형)","이 특약의 보험기간 중 피보험자가 암보장개시일 이후에 “암”(중증 이외의 갑상선암, 기타피부암 및 대장점막내암 제외)으로 진단이 확정되었을 때 (다만, 최초 1회에 한함)","경과기간 1년 미만： 500만원 경과기간 1년 이상：1,000만원","1000만원",4630,6670,,,,
ABL생명,"(무)ABL건강N더보장종합보험(갱신형)(일반심사형)",특약,"(무)암직접치료입원보장특약DII(갱신형)(일반심사형)","피보험자가 보험기간 중 보장개시일(암의 경우 암 보장개시일) 이후에 암, 갑상선암, 기타피부암, 제자리암 및 경계성종양으로 진단이 확정되고, 그 암, 갑상선암, 기타피부암, 제자리암 및 경계성종양의 직접적인 치료를 목적으로 4일 이상 계속하여 입원하였을 때 (120일 한도)","3일초과 입원일수 1일당 암 : 5만원 갑상선암, 기타피부암, 제자리암, 경계성종양 : 2만원 (다만, 최초계약의 계약일로부터 1년 미만에 입원시 50% 지급)","1000만원",800,1090,,,,
ABL생명,"(무)더나은ABL안심보험(해약환급금일부지급형)",주계약,50%이상 장해생활자금,"피보험자가 보험기간 중 「동일한 재해 또는 재해 이외의 동일한 원인」으로 인하여 장해분류표 중 여러 신체부위의 장해지급률을 더하여 50%이상인 장해상태가 되었을 때(다만, 최초 1회에 한하며, 매월 50%이상 장해생활자금 지급해당일에 총 120회 확정지급)","매월 20만원 (다만, 계약일로부터 1년이 지난 보험계약해당일 전일 이전에 재해이외의 원인으로 지급사유가 발생시 상기금액의 50%를 지급)","1,000만원",349600,172500,107.90%,104.40%,보험기간(1년 초과),비갱신형,"1. 가입나이 : (1형 장해보장형) 만15세 ~ 최대 75세 (성별, 납입기간별 상이) (2형 상해보장형) 만15세 ~ 최대 75세 (성별, 납입기간별 상이) 2. 가입한도 : (1형 장해보장형) 65세 이하 - 100만원 ~ 7,000만원 66세 이상 - 100만원 ~ 4,000만원 (2형 상해보장형) 70세 이하 - 100만원 ~ 5,000만원 71세 이상 - 100만원 ~ 3,000만원 3. 보험종류 - 1형(장해보장형) - 해약환급금 일부지급형(50%) - 2형(상해보장형) - 해약환급금 일부지급형(50%) 4. 보험기간 : 100세/110세 만기 5. 납입기간 : 5/7/10/15/20년납 6. 적용이율 : 가입 후 경과기간 10년 이내 3.00% / 10년 초과 2.00% 7. 보험료 예시기준 : 1형(장해보장형), 해약환급금 일부지급형(50%), 가입금액 1,000만원, 40세, 100세만기, 20년납, 월납 8. 보험가격지수 예시기준 : 1형(장해보장형), 해약환급금 일부지급형(50%), 가입금액 1,000만원, 40세, 100세만기, 20년납, 월납 "
ABL생명,"(무)더나은ABL안심보험(해약환급금일부지급형)",주계약,60%이상 장해생활자금,"피보험자가 보험기간 중 「동일한 재해 또는 재해 이외의 동일한 원인」으로 인하여 장해분류표 중 여러 신체부위의 장해지급률을 더하여 60%이상인 장해상태가 되었을 때(다만, 최초 1회에 한하며, 매월 60%이상 장해생활자금 지급해당일에 총 120회 확정지급)","매월 80만원 (다만, 계약일로부터 1년이 지난 보험계약해당일 전일 이전에 재해이외의 원인으로 지급사유가 발생시 상기금액의 50%를 지급)","1,000만원",349600,172500,,,,
ABL생명,"(무)더나은ABL안심보험(해약환급금일부지급형)",주계약,80%이상 장해생활자금,"피보험자가 보험기간 중 「동일한 재해 또는 재해 이외의 동일한 원인」으로 인하여 장해분류표 중 여러 신체부위의 장해지급률을 더하여 80%이상인 장해상태가 되었을 때(다만, 최초 1회에 한하며, 매월 80%이상 장해생활자금 지급해당일에 총 120회 확정지급)","매월 100만원 (다만, 계약일로부터 1년이 지난 보험계약해당일 전일 이전에 재해이외의 원인으로 지급사유가 발생시 상기금액의 50%를 지급)","1,000만원",349600,172500,,,,
ABL생명,"(무)더나은ABL안심보험(해약환급금일부지급형)",주계약,장해보험금,"「동일한 재해 또는 재해 이외의 동일한 원인」으로 인하여 장해분류표에서 정한 각 장해지급률 중 3% 이상 100%에 해당하는 상태가 되었을 때","1,000만원 x 해당 장해지급률 (다만, 계약일로부터 1년이 지난 보험계약해당일 전일 이전에 재해이외의 원인으로 지급사유가 발생시 상기금액의 50%를 지급)","1,000만원",349600,172500,,,,
ABL생명,"무배당 ABL인터넷네개딱!패키지건강보험(갱신형)",주계약,재해사망보험금,보험기간 중 피보험자가 재해로 사망하였을 때,"1,000만원","1,000만원",240,60,101.30%,87.60%,보험기간(1년 초과),갱신형,"1. 상품형태 : 10년갱신형, 20년갱신형 2. 가입나이 : 만19세 ~ 60세 3. 가입한도 : 500만원/ 1,000만원 4. 보험료 기준 : 20년갱신형, 전기납, 월납, 가입금액 1,000만원, 40세 5. 보험료가격지수 기준 : 20년갱신형, 전기납, 월납, 가입금액 1,000만원, 40세 6. 특약보험료 예시기준 - (무)ABL인터넷뇌심보장패키지특약(갱신형) : 20년만기, 전기납, 월납, 최초계약 - (무)ABL인터넷입원수술보장패키지특약Ⅱ(갱신형) : 20년만기, 전기납, 월납, 최초계약 - (무)ABL인터넷암보장패키지특약(갱신형) : 20년만기, 전기납, 월납, 최초계약 - (무)ABL인터넷장해보장패키지특약(갱신형) : 20년만기, 전기납, 월납, 최초계약 ※ 이 상품의 약관, 상품요약서 등 세부내용은 당사 홈페이지 상품공시실에서 확인하실 수 있습니다."
ABL생명,"무배당 ABL인터넷네개딱!패키지건강보험(갱신형)",특약,"무배당 ABL인터넷뇌심보장패키지특약(갱신형)","이 특약의 보험기간 중 피보험자가 “뇌출혈 및 뇌경색증” 또는 “급성심근경색증”으로 진단이 확정되었을 때 (다만, “뇌출혈 및 뇌경색증” 또는 “급성심근경색증” 중 최초로 발생한 질병 1회에 한하여 지급) ※ 이외 보장담보는 상품요약서 참조","경과기간 1년미만 500만원 경과기간 1년이상 1,000만원","1,000만원",2600,1200,,,,
ABL생명,"무배당 ABL인터넷네개딱!패키지건강보험(갱신형)",특약,"무배당 ABL인터넷입원수술보장패키지특약Ⅱ(갱신형)","이 특약의 보험기간 중 피보험자가 질병 또는 재해의 직접적인 치료를 목적으로 1일 이상 계속하여 입원하였을 때(다만, 1회 입원당 120일 한도) ※ 이외 보장담보는 상품요약서 참조",1만원 (입원 1일당),"1,000만원",9110,11220,,,,
ABL생명,"무배당 ABL인터넷네개딱!패키지건강보험(갱신형)",특약,"무배당 ABL인터넷암보장패키지특약(갱신형)","이 특약의 보험기간 중 피보험자가 암보장개시일 이후에 “암”으로 진단이 확정되었을 때 (다만, 최초 1회에 한함) ※ 이외 보장담보는 상품요약서 참조","경과기간 1년미만 500만원 경과기간 1년이상 1,000만원","1,000만원",5600,8240,,,,
ABL생명,"무배당 ABL인터넷네개딱!패키지건강보험(갱신형)",특약,"무배당 ABL인터넷장해보장패키지특약(갱신형)",피보험자가 이 특약의 보험기간 중 발생한 교통재해를 직접적인 원인으로 사망하였을 때 ※ 이외 보장담보는 상품요약서 참조,"1,000만원","1,000만원",2220,2140,,,,
삼성생명,"삼성The간편한다(多)모은건강보험(2502)(갱신형,무배당)_2종(일반고지형)",주계약,재해사망보험금,피보험자가 보험기간 중 재해로 인하여 사망하였을 경우,"1,000만원","1,000만원",370,140,195.20%,204.40%,보험기간(1년 초과),갱신형,"□ 필수기재사항 1. 가입나이 : 최저 만 15세 ~ 최대 80세 2. 보험기간 - 최초계약 : 20년만기 - 갱신계약 : 1~20년만기 ※ 주계약의 최종 갱신계약의 보험기간 만료일은 피보험자의 100세 계약해당일의 전일 - 단, 일부 선택특약은 보험기간 상이 3. 보험료 예시기준 - 40세,보험기간 20년만기 전기납(최대 100세),월납,위험지수 비위험, 최초계약 - 주보험 2종 (일반고지형) 보험가입금액 3,000만원 □ 선택기재사항 1. 납입기간 : 전기납 2. 보험가격지수 예시기준 - 2종(일반고지형), 40세, 보험기간 20년만기 전기납, 월납, 위험지수 비위험, 가입금액 3,000만원, 최초계약 기준"
삼성생명,"삼성The간편한다(多)모은건강보험(2502)(갱신형,무배당)_2종(일반고지형)",특약,"암진단특약ⅢU(갱신형,무배당)","피보험자가 이 특약의 보험기간 중 ""암보장개시일"" 이후에 암으로 진단 확정 되었을 경우(단,최초 1회에 한함)","1,000만원","1,000만원",5300,5800,,,,
삼성생명,"삼성The간편한다(多)모은건강보험(2502)(갱신형,무배당)_2종(일반고지형)",특약,"뇌혈관질환진단특약ⅢU(갱신형,무배당)",피보험자가 이 특약의 보험기간 중 뇌혈관질환으로 진단 확정 되었을 경우(최초1회한),"90일이내 : 100만원- 90일초과 1년이내 : 500만원- 1년 초과 : 1,000만원","1,000만원",4810,3190,,,,
삼성생명,"삼성The간편한다(多)모은건강보험(2502)(갱신형,무배당)_2종(일반고지형)",특약,"허혈심장질환진단특약ⅢU(갱신형,무배당)",피보험자가 이 특약의 보험기간 중 허혈심장질환으로 진단이 확정되었을 경우(최초1회한),"90일이내 : 100만원- 90일초과 1년이내 : 500만원- 1년 초과 : 1,000만원","1,000만원",4630,2270,,,,
삼성생명,"삼성The간편한다(多)모은건강보험(2502)(갱신형,무배당)_2종(일반고지형)",특약,"질병·재해수술보장특약ⅢU(갱신형,무배당)","피보험자가 ""수술 보장 대상 질병 및 재해""의 직접적인 치료를 목적으로 수술 시(질병 및 재해 각각에 대하여 보험연도 기준 연1회한)","1만원(※ 단, 재해 이외의 원인으로 인한 경우 1년 이내에는 50% 삭감 지급함)",1만원,133,143,,,,
삼성생명,"삼성The간편한다(多)모은건강보험(2502)(갱신형,무배당)_1종(간편고지형)",주계약,재해사망보험금,피보험자가 보험기간 중 재해로 인하여 사망하였을 경우,"1,000만원","1,000만원",350,140,138.50%,116.80%,보험기간(1년 초과),갱신형,"□ 필수기재사항 1. 가입나이 : 최저 만 15세 ~ 최대 80세 2. 보험기간 - 최초계약 : 20년만기 - 갱신계약 : 1~20년만기 ※ 주계약의 최종 갱신계약의 보험기간 만료일은 피보험자의 100세 계약해당일의 전일 - 단, 일부 선택특약은 보험기간 상이 3. 보험료 예시기준 - 40세,보험기간 20년만기 전기납(최대 100세),월납,위험지수 비위험, 최초계약 - 주보험 1종 1형(간편고지형 3.10.5) 보험가입금액 3,000만원 □ 선택기재사항 1. 납입기간 : 전기납 2. 보험가격지수 예시기준 - 1종 1형(간편고지형 3.10.5), 40세, 보험기간 20년만기 전기납, 월납, 위험지수 비위험, 가입금액 3,000만원, 최초계약 기준"
삼성생명,"삼성The간편한다(多)모은건강보험(2502)(갱신형,무배당)_1종(간편고지형)",특약,"암진단특약ⅢU(갱신형,무배당)","피보험자가 이 특약의 보험기간 중 ""암보장개시일"" 이후에 암으로 진단 확정 되었을 경우(단,최초 1회에 한함)","1,000만원","1,000만원",6100,6700,,,,
삼성생명,"삼성The간편한다(多)모은건강보험(2502)(갱신형,무배당)_1종(간편고지형)",특약,"뇌혈관질환진단특약ⅢU(갱신형,무배당)",피보험자가 이 특약의 보험기간 중 뇌혈관질환으로 진단 확정 되었을 경우(최초1회한),"90일이내 : 100만원- 90일초과 1년이내 : 500만원- 1년 초과 : 1,000만원","1,000만원",5850,3660,,,,
삼성생명,"삼성The간편한다(多)모은건강보험(2502)(갱신형,무배당)_1종(간편고지형)",특약,"허혈심장질환진단특약ⅢU(갱신형,무배당)",피보험자가 이 특약의 보험기간 중 허혈심장질환으로 진단이 확정되었을 경우(최초1회한),"90일이내 : 100만원- 90일초과 1년이내 : 500만원- 1년 초과 : 1,000만원","1,000만원",5260,2520,,,,
삼성생명,"삼성The간편한다(多)모은건강보험(2502)(갱신형,무배당)_1종(간편고지형)",특약,"질병·재해수술보장특약ⅢU(갱신형,무배당)","피보험자가 ""수술 보장 대상 질병 및 재해""의 직접적인 치료를 목적으로 수술 시(질병 및 재해 각각에 대하여 보험연도 기준 연1회한)","1만원(※ 단, 재해 이외의 원인으로 인한 경우 1년 이내에는 50% 삭감 지급함)",1만원,159,175,,,,
삼성생명,"삼성 초간편종합보장보험(2403)(갱신형,무배당)_2종(일반고지형)",주계약,재해사망보험금,보험기간 중 피보험자가 재해로 인하여 사망하였을 경우,3000만원,3000만원,690,270,132.40%,175.20%,보험기간(1년 초과),갱신형,"□ 필수기재사항 1. 가입나이 : 최저 만15세 ~ 최대 85세 2. 보험기간 - 최초계약 : 15년만기 / 30년만기 - 갱신계약 : 1~15년만기 / 1~30년만기 ※ 주계약의 최종 갱신계약의 보험기간 만료일은 피보험자의 100세 계약해당일의 전일 - 단, 일부 선택특약은 보험기간 상이 3. 보험료 예시기준 - 40세, 보험기간 15년만기 전기납(최대 100세), 월납, 위험지수 비위험, 최초계약 - 주보험 보험가입금액 3,000만원 □ 선택기재사항 1. 납입기간 : 전기납 2. 보험가격지수 예시기준 - 40세, 보험기간 15년 만기 전기납, 월납,위험지수 비위험, 가입금액 3,000만원, 최초계약 기준"
삼성생명,"삼성 초간편종합보장보험(2403)(갱신형,무배당)_2종(일반고지형)",특약,"뇌출혈진단특약(갱신형,무배당)","피보험자가 이 특약의 보험기간 중 뇌출혈로 진단이 확정되었 을 때(단, 최초 1회에 한함)",1000만원(1년 미만시 500만원),"1,000만원",1120,820,,,,
삼성생명,"삼성 초간편종합보장보험(2403)(갱신형,무배당)_2종(일반고지형)",특약,"암진단특약Ⅲ(갱신형,무배당)","피보험자가 이 특약의 보험기간 중 「암보장개시일」이후에 암으로 진단 확정되었을 경우 (단, 최초 1회에 한함)",1000만원(1년 미만시 500만원),"1,000만원",4600,5600,,,,
삼성생명,"삼성 초간편종합보장보험(2403)(갱신형,무배당)_2종(일반고지형)",특약,"급성심근경색증진단특약(갱신형,무배당)","피보험자가 이 특약의 보험기간 중 급성심근경색증으로 진단 이 확정 되었을 때(단, 최초 1회에 한함)",1000만원(1년 미만시 500만원),"1,000만원",1370,410,,,,
삼성생명,"삼성 초간편종합보장보험(2403)(갱신형,무배당)_2종(일반고지형)",특약,"허혈심장질환진단특약Ⅲ(갱신형,무배당)","피보험자가 이 특약의 보험기간 중 허혈심장질환으로 진단이 확정되었을 경우(단, 최초 1회에 한함)","90일이내 : 100만원- 90일초과 1년이내 : 500만원- 1년 초과 : 1,000만원","1,000만원",3910,1860,,,,
삼성생명,"삼성 초간편종합보장보험(2403)(갱신형,무배당)_1종(간편고지형)",주계약,재해사망보험금,보험기간 중 피보험자가 재해로 인하여 사망하였을 경우,3000만원,3000만원,1140,420,96.20%,90.80%,보험기간(1년 초과),갱신형,"□ 필수기재사항 1. 가입나이 : 최저 만15세 ~ 최대 85세 2. 보험기간 - 최초계약 : 15년만기 / 30년만기 - 갱신계약 : 1~15년만기 /1~30년만기 ※ 주계약의 최종 갱신계약의 보험기간 만료일은 피보험자의 100세 계약해당일의 전일 - 단, 일부 선택특약은 보험기간 상이 3. 보험료 예시기준 - 40세, 보험기간 15년만기 전기납(최대 100세), 월납, 위험지수 비위험, 최초계약 - 주보험 보험가입금액 3,000만원 □ 선택기재사항 1. 납입기간 : 전기납 2. 보험가격지수 예시기준 - 40세, 보험기간 15년 만기 전기납, 월납,위험지수 비위험, 가입금액 3,000만원, 최초계약 기준"
삼성생명,"삼성 초간편종합보장보험(2403)(갱신형,무배당)_1종(간편고지형)",특약,"뇌출혈진단특약(갱신형,무배당)","피보험자가 이 특약의 보험기간 중 뇌출혈로 진단이 확정되었 을 때(단, 최초 1회에 한함)",1000만원(1년 미만시 500만원),"1,000만원",1950,1250,,,,
삼성생명,"삼성 초간편종합보장보험(2403)(갱신형,무배당)_1종(간편고지형)",특약,"암진단특약Ⅲ(갱신형,무배당)","피보험자가 이 특약의 보험기간 중 「암보장개시일」이후에 암으로 진단 확정되었을 경우 (단, 최초 1회에 한함)",1000만원(1년 미만시 500만원),"1,000만원",7800,9200,,,,
삼성생명,"삼성 초간편종합보장보험(2403)(갱신형,무배당)_1종(간편고지형)",특약,"급성심근경색증진단특약(갱신형,무배당)","피보험자가 이 특약의 보험기간 중 급성심근경색증으로 진단 이 확정 되었을 때(단, 최초 1회에 한함)",1000만원(1년 미만시 500만원),"1,000만원",2590,740,,,,
삼성생명,"삼성 초간편종합보장보험(2403)(갱신형,무배당)_1종(간편고지형)",특약,"허혈심장질환진단특약Ⅲ(갱신형,무배당)","피보험자가 이 특약의 보험기간 중 허혈심장질환으로 진단이 확정되었을 경우(단, 최초 1회에 한함)","90일이내 : 100만원- 90일초과 1년이내 : 500만원- 1년 초과 : 1,000만원","1,000만원",7080,5830,,,,
삼성생명,"삼성 슬기로운 취미생활 상해보험(2501)(무배당)",주계약,재해골절수술보험금,"보험기간 중 재해로 인하여 ""재해 골절"" 상태가 되고, ""재해골절""의 직접적인 치료를 목적 으로 ""재해골절수술""을 받았을 때 (치아의 파절 제외) (단, 보험연도 기준 연 3회한)",1회당 5만원,"1,000만원",900,900,95.00%,75.10%,보험기간(1년 초과),비갱신형,"□ 필수기재사항 1. 가입나이 : -1종(골절수술보장형), 2종(스포츠안심보장형) : 20세~만64세 -3종(어린이골절수술보장형): 0세~ 만13세 2. 보험기간 : 1년 3. 보험료 예시기준 : 주보험 1종 보험가입금액 1,000만원, 40세, 남자, 1년만기, 일시납 □ 선택기재사항 1. 보험료 납입기간 : 일시납 2. 보험가격지수 예시 기준 : 주보험 1종 보험가입금액 1,000만원, 40세, 1년만기, 일시납"
삼성생명,"삼성 슬기로운 취미생활 상해보험(2501)(무배당)",주계약,5대재해골절수술보험금,"보험기간 중 재해로 인하여 ""5대 재해골절"" 상태가 되고, ""5대재해골절""의 직접적인 치료 를 목적으로 ""5대재해골절수술""을 받았을 때 (치아의 파절 및 비골의 골절 제외) (단, 최대 3회한)",1회당 25만원,"1,000만원",900,900,,,,
삼성생명,"삼성 s교통상해보험(2501)(무배당)",주계약,교통재해사망보험금,"보험기간 중 교통재해분류표에서 정하는 ""교통재해""로 인하여 사망하였을 경우","3,000만원","3,000만원",5700,3300,133.60%,214.10%,보험기간(1년 이하),비갱신형,"□ 필수기재사항 1. 가입나이 : 최저 만15세~만64세 2. 보험기간 : 1년만기 3. 보험료 예시기준(비위험) - 주계약 : 가입금액 3,000만원, 1년만기, 일시납 - 특약 : 가입금액 3,000만원, 1년만기, 일시납 □ 선택기재사항 1. 보험료 납입기간 : 일시납 2. 보험가격지수 예시기준 - 주계약 1종(교통재해사망보장형) 가입금액 3,000만원, 40세, 비위험, 1년만기, 일시납 ※ 교통재해장해특약(무배당)은 주보험 1종(교통재해사망보장형) 선택시 부가 가능 ※ 일반자동차탑승중교통재해장해특약(무배당)은 주보험 2종(일반자동차탑승중교통재해사망보장형) 선택시 부가 가능 ※ 대중교통재해장해특약(무배당)은 주보험 3종(대중교통재해사망보장형) 선택시 부가 가능"
삼성생명,"삼성 s교통상해보험(2501)(무배당)",주계약,일반자동차탑승중교통재해사망보험금,"보험기간 중 ""일반자동차탑승중교통사고""로 인하여 사망하였을 경우","3,000만원","3,000만원",2700,2100,,,,
삼성생명,"삼성 s교통상해보험(2501)(무배당)",주계약,대중교통사고사망보험금,"보험기간 중 ""대중교통사고""로 인하여 사망하였을 경우","3,000만원","3,000만원",300,240,,,,
삼성생명,"삼성 s교통상해보험(2501)(무배당)",특약,교통재해장해특약,"보험기간 중 교통재해분류표에서 정하는 ""교통재해""로 인하여 장해분류표 중 장해지급률이 3%이상 100%이하에 해당하는 장해상태가 되었을 경우","3,000만원 ×해당 장해지급률","3,000만원",4500,3000,,,,
삼성생명,"삼성 s교통상해보험(2501)(무배당)",특약,일반자동차탑승중 교통재해장해특약,보험기간 중 “일반자동차탑승중 교통사고”로 인하여 장해분류표 중 장해지급률이 3%이상 100%이하에 해당하는 장해상태가 되었을 경우,"3,000만원 ×해당 장해지급률","3,000만원",3600,2700,,,,
삼성생명,"삼성 s교통상해보험(2501)(무배당)",특약,대중교통재해장해특약,보험기간 중 “대중교통사고”로 인하여 장해분류표 중 장해지급률이 3%이상 100%이하에 해당하는 장해상태가 되었을 경우,"3,000만원 ×해당 장해지급률","3,000만원",300,300,,,,
삼성생명,"삼성 마음모아 미니상해보험(2403)(무배당)",주계약,"재해골절(치아파절제외) 진단보험금","재해로 인하여 ""재해골절""상태가 되었을 때(발생 1회당) ※ 동일한 재해로 인하여 2가지 이상의 골절(복합골절)시 1회만 지급",10만원,"1,000만원",4800,4000,84.40%,77.90%,보험기간(1년 이하),비갱신형,"□ 필수기재사항 1. 가입 나이 : 20세 ~ 만 64세 2. 보험 기간 : 1년 3. 보험료 예시 기준 : 납입기간 일시납, 40세, 가입금액 1,000만원 □ 선택기재사항 1. 가입한도 - 보험가입금액 : 500만원 ~ 1,000만원 2. 보험가격지수 예시기준 - 납입기간 일시납, 40세, 가입금액 1,000만원 "
삼성생명,"삼성 마음모아 미니상해보험(2403)(무배당)",주계약,"깁스치료(부목제외) 보험금","재해 또는 재해 이외의 원인으로 ""깁스(Cast)치료""를 받았을 때(1회당)",10만원,"1,000만원",4800,4000,,,,
흥국생명,"(무)흥국생명 다사랑3.10.5간편건강보험(해약환급금미지급형)(갱신형)",주계약,재해장해보험금,피보험자가 보험기간 중 보장개시일 이후에 재 해로 인하여 장해분류표에서 정한 각 장해지 급률에 해당하는 장해상태가 되었을 경우,보험가입금액 x 해당 장해지급률,"3,000만원",1050,630,105.50%,94.30%,보험기간(1년 초과),갱신형,"1.가입나이: 만15세~80세(단 성별, 보험기간, 납입기간별 차등적용) 2.보험기간: 10년(단, 갱신계약의 경우 1~10년), 20년(단, 갱신계약의 경우 1~20년) 3.보험료 예시기준: 가입금액 3,000만원, 20년만기, 전기납,월납, 40세 (단, 자사 최대 가입한도는 1,000만원임)"
흥국생명,"(무)흥국생명 다사랑3.10.5간편건강보험(해약환급금미지급형)(갱신형)",특약,"(무)간편한(3.10.5)질병수술특약S(기본형)(해약환급금미지급형)(갱신형)",피보험자가 보험기간 중 보장개시일 이후에 질병으로 인하여 그 치료를 직접목적으로 하 여 수술을 받았을 때 (동일한 질병당 1회한),"1년 미만 5만원, 1년 이후 10만원",10만원,1334,1693,,,,
흥국생명,"(무)흥국생명 다사랑3.10.5간편건강보험(해약환급금미지급형)(갱신형)",특약,"(무)간편한(3.10.5)암진단특약S(해약환급금미지급형)(갱신형)",피보험자가 보험기간 중 암보장개시일 이후 에 암으로 진단확정 되었을 때 (최초 1회에 한함),"180일 미만 100만원, 180일 이후 1,000만원",1000만원,4300,5700,,,,
흥국생명,"(무)흥국생명 다사랑3.10.5간편건강보험(해약환급금미지급형)(갱신형)",특약,"(무)간편한(3.10.5)항암약물치료특약S(해약환급금미지급형)(갱신형)","피보험자가 보험기간 중 암보장개시일 이후에 암으로 진단 확정되고, 그 암의 직접적인 치료 를 목적으로 항암약물치료를 받았을 때 (최초 1회에 한함) * 이외 보장담보는 상품요약서 참조","암항암약물치료비: 1년 미만 50만원, 1년 이후 100만원",100만원,118,194,,,,
흥국생명,"(무)흥국생명 다사랑3.10.5간편건강보험(해약환급금미지급형)(갱신형)",특약,"(무)간편한(3.10.5)항암방사선치료특약S(해약환급금미지급형)(갱신형)","피보험자가 보험기간 중 암보장개시일 이후에 암으로 진단 확정되고, 그 암의 직접적인 치료를 목적으로 항암방사선치료를 받았을 때 (최초 1회에 한함) * 이외 보장담보는 상품요약서 참조","암항암방사선치료비: 1년 미만 50만원, 1년 이후 100만원",100만원,75,147,,,,
흥국생명,"(무)흥국생명다사랑335간편건강보험(갱신형)",주계약,재해장해보험금,피보험자가 보험기간 중 보장개시일 이후에 재해로 인하여 장해분류표에서 정한 각 장해지 급률에 해당하는 장해상태가 되었을 경우,보험가입금액 x 해당 장해지급률,"3,000만원",1200,750,115.10%,104.30%,보험기간(1년 초과),갱신형,"1.가입나이: 만15세~80세(단 성별, 보험기간, 납입기간별 차등적용) 2.보험기간: 10년(단, 갱신계약의 경우 1~10년), 20년(단, 갱신계약의 경우 1~20년) 3.보험료 예시기준: 1종(납입면제미적용형), 335간편심사형,가입금액 3,000만원, 20년만기, 전기납,월납, 40세 (단, 자사 최대 가입한도는 1,000만원임) "
흥국생명,"(무)흥국생명다사랑335간편건강보험(갱신형)",특약,"(무)간편한질병수술특약S(기본형)(갱신형)",피보험자가 보험기간 중 보장개시일 이후에 질병으로 인하여 그 치료를 직접목적으로 하 여 수술을 받았을 때 (동일한 질병당 1회한),"1년 미만 5만원, 1년 이후 10만원",10만원,1604,1944,,,,
흥국생명,"(무)흥국생명다사랑335간편건강보험(갱신형)",특약,"(무)간편한암진단특약S(갱신형)",피보험자가 보험기간 중 암보장개시일 이후에 암으로 진단확정 되었을 때 (최초 1회에 한함),"180일 미만 100만원, 180일 이후 1,000만원","1,000만원",6100,7900,,,,
흥국생명,"(무)흥국생명다사랑335간편건강보험(갱신형)",특약,"(무)간편한항암약물치료특약S(갱신형)","피보험자가 보험기간 중 암보장개시일 이후에 암으로 진단 확정되고, 그 암의 직접적인 치료 를 목적으로 항암약물치료를 받았을 때 (최초 1회에 한함) * 이외 보장담보는 상품요약서 참조","암항암약물치료비: 1년 미만 50만원, 1년 이후 100만원",100만원,140,220,,,,
흥국생명,"(무)흥국생명다사랑335간편건강보험(갱신형)",특약,"(무)간편한항암방사선치료특약S(갱신형)","피보험자가 보험기간 중 암보장개시일 이후에 암으로 진단 확정되고, 그 암의 직접적인 치료를 목적으로 항암방사선치료를 받았을 때 (최초 1회에 한함) * 이외 보장담보는 상품요약서 참조","암 항암방사선치료비: 1년 미만 50만원, 1년 이후 100만원",100만원,85,157,,,,
흥국생명,"(무)흥국생명다사랑325간편건강보험(갱신형)",주계약,재해장해보험금,피보험자가 보험기간 중 보장개시일 이후에 재 해로 인하여 장해분류표에서 정한 각 장해지 급률에 해당하는 장해상태가 되었을 경우,보험가입금액 x 해당 장해지급률,"3,000만원",1200,750,115.10%,104.30%,보험기간(1년 초과),갱신형,"1.가입나이: 만15세~80세(단 성별, 보험기간, 납입기간별 차등적용) 2.보험기간: 10년(단, 갱신계약의 경우 1~10년), 20년(단, 갱신계약의 경우 1~20년) 3.보험료 예시기준: 1종(납입면제미적용형), 325간편심사형,가입금액 3,000만원, 20년만기, 전기납,월납, 40세 (단, 자사 최대 가입한도는 1,000만원임) "
흥국생명,"(무)흥국생명다사랑325간편건강보험(갱신형)",특약,"(무)간편한질병수술특약S(기본형)(갱신형)",피보험자가 보험기간 중 보장개시일 이후에 질병으로 인하여 그 치료를 직접목적으로 하 여 수술을 받았을 때 (동일한 질병당 1회한),"1년 미만 5만원, 1년 이후 10만원",10만원,1724,2130,,,,
흥국생명,"(무)흥국생명다사랑325간편건강보험(갱신형)",특약,"(무)간편한암진단특약S(갱신형)",피보험자가 보험기간 중 암보장개시일 이후에 암으로 진단확정 되었을 때 (최초 1회에 한함),"180일 미만 100만원, 180일 이후 1,000만원","1,000만원",6400,8100,,,,
흥국생명,"(무)흥국생명다사랑325간편건강보험(갱신형)",특약,"(무)간편한항암약물치료특약S(갱신형)","피보험자가 보험기간 중 암보장개시일 이후에 암으로 진단 확정되고, 그 암의 직접적인 치료 를 목적으로 항암약물치료를 받았을 때 (최초 1회에 한함) * 이외 보장담보는 상품요약서 참조","암항암약물치료비: 1년 미만 50만원, 1년 이후 100만원",100만원,140,220,,,,
흥국생명,"(무)흥국생명다사랑325간편건강보험(갱신형)",특약,"(무)간편한항암방사선치료특약S(갱신형)","피보험자가 보험기간 중 암보장개시일 이후에 암으로 진단 확정되고, 그 암의 직접적인 치료를 목적으로 항암방사선치료를 받았을 때 (최초 1회에 한함) * 이외 보장담보는 상품요약서 참조","암 항암방사선치료비: 1년 미만 50만원, 1년 이후 100만원",100만원,88,161,,,,
흥국생명,"(무)흥국생명다사랑355간편건강보험(갱신형)",주계약,재해장해보험금,피보험자가 보험기간 중 보장개시일 이후에 재해로 인하여 장해분류표에서 정한 각 장해지 급률에 해당하는 장해상태가 되었을 경우,보험가입금액 x 해당 장해지급률,"3,000만원",1200,750,115.10%,104.30%,보험기간(1년 초과),갱신형,"1.가입나이: 만15세~80세(단 성별, 보험기간, 납입기간별 차등적용) 2.보험기간: 10년(단, 갱신계약의 경우 1~10년), 20년(단, 갱신계약의 경우 1~20년) 3.보험료 예시기준: 1종(납입면제미적용형), 355간편심사형,가입금액 3,000만원, 20년만기, 전기납,월납, 40세 (단, 자사 최대 가입한도는 1,000만원임)"
흥국생명,"(무)흥국생명다사랑355간편건강보험(갱신형)",특약,"(무)간편한질병수술특약S(기본형)(갱신형)",피보험자가 보험기간 중 보장개시일 이후에 질병으로 인하여 그 치료를 직접목적으로 하 여 수술을 받았을 때 (동일한 질병당 1회한),"1년 미만 5만원, 1년 이후 10만원",10만원,1416,1744,,,,
흥국생명,"(무)흥국생명다사랑355간편건강보험(갱신형)",특약,"(무)간편한암진단특약S(갱신형)",피보험자가 보험기간 중 암보장개시일 이후에 암으로 진단확정 되었을 때 (최초 1회에 한함),"180일 미만 100만원, 180일 이후 1,000만원","1,000만원",5800,7600,,,,
흥국생명,"(무)흥국생명다사랑355간편건강보험(갱신형)",특약,"(무)간편한항암약물치료특약S(갱신형)","암 항암약물치료비: 피보험자가 보험기간 중 암보장개시일 이후에 암으로 진단 확정되고, 그 암의 직접적인 치료 를 목적으로 항암약물치료를 받았을 때 (최초 1회에 한함)* 이외 보장담보는 상품요약서 참조","암항암약물치료비: 1년 미만 50만원, 1년 이후 100만원",100만원,130,210,,,,
흥국생명,"(무)흥국생명다사랑355간편건강보험(갱신형)",특약,"(무)간편한항암방사선치료특약S(갱신형)","암 항암방사선 치료비: 피보험자가 보험기간 중 암보장개시일 이후에 암으로 진단 확정되고, 그 암의 직접적인 치 료를 목적으로 항암방사선치료를 받았을 때 (최초 1회에 한함) * 이외 보장담보는 상품요약서 참조","암 항암방사선치료비: 1년 미만 50만원, 1년 이후 100만원",100만원,81,152,,,,
흥국생명,(무)처음만난흥국생명상해보험,주계약,"뺑소니,무보험차 교통재해 장해급여금","피보험자가 보험기간 중 보장개시일 이후에 제3조(“뺑소니,무보험차 교통재해”의 정의)에서 정한 뺑소니 ？ 무보험차에 의한 교통재해로 인하여 장해분류표에서 정한 장해지급률에 해당하는 장해상태가 되었을 때","남자 1,000만원 × 해당 장해지급률 / 여자 2,000만원 × 해당 장해지급률",10만원,3000,3000,120.80%,69.90%,보험기간(1년 이하),비갱신형,"1. 가입나이 : 자녀형(0세~20세), 레저형 및 성인형(만15세~65세) 2. 보험기간 : 1년 3. 보험료 예시기준 : 1형(자녀형), 가입금액 1구좌(10만원), 1년만기, 일시납, 5세"
흥국생명,(무)처음만난흥국생명상해보험,주계약,일반재해 장해급여금,피보험자가 보험기간 중 보장개시일 이후에 발생한 뺑소니,무보험차에 의한 교통재해 이외의 재해로 인하여 장해분류표에서 정한 장해지급률에 해당하는 장해상태가 되었을 때,남자 300만원 × 해당 장해지급률 / 여자 600만원 × 해당 장해지급률,10만원,3000,3000,,,,
흥국생명,(무)처음만난흥국생명상해보험,주계약,"재해골절 (치아파절 제외) 수술비",피보험자가 보험기간 중 보장개시일 이후에 재해로 인하여 제4조(“재해골절(치아파절 제외)”의 정의 및 진단확정)에서 정한 골절상태가 되어 그 치료를 직접적인 목적으로 수술을 받았을 때(수술 1회당),남자 10만원 / 여자 20만원,10만원,3000,3000,,,,
흥국생명,(무)처음만난흥국생명상해보험,주계약,화상 및 부식 입원비,"피보험자가 보험기간 중 보장개시일 이후에 재해를 직접적인 원인으로 화상 및 부식 이 진단확정되고 그 화상 및 부식치료를 직접목적으로 하여 11일이상 계속입원 하였을 때(110일 한도, 10일초과 1일당)",남자 5만원 / 여자 10만원,10만원,3000,3000,,,,
흥국생명,"(무)흥국생명다재다능종합보험(해약환급금미지급형V2)",주계약,재해장해보험금,피보험자가 보험기간 중 보장개시일 이후에 재해로 인하여 장해분류표에서 정한 각 장해지급률에 해당하는 장해상태가 되었을 경우,"1,000만원 × 해당 장해지급률","3,000만원",1710,1440,108.20%,102.50%,보험기간(1년 초과),비갱신형,"1. 가입나이 : 0세 ~ 30세(단, 성별, 보험기간, 납입기간별 차등적용) 2. 보험기간 : 90세만기, 100세만기 3. 보험료 예시 및 보험가격지수 산출기준 : 1종(해약환급금 미지급형V2), 1형(재해장해보장형), 가입금액 3,000만원, 5세, 100세만기, 20년납, 월납"
흥국생명,"(무)흥국생명다재다능종합보험(해약환급금미지급형V2)",특약,"(무)골절진단(치아파절제외)특약","피보험자가 보험기간 중 보장개시일 이후에 재해골절(치아파절 제외)이 발생하였을 때(발생 1회당) (다만, 동일재해에 의한 경우 1회에 한함)",가입금액의 100%,"1,000만원",6170,46801,,,,
흥국생명,"(무)흥국생명다재다능종합보험(해약환급금미지급형V2)",특약,"(무)허혈심장질환특약Ⅱ",피보험자가 보험기간 중 보장개시일 이후에 허혈심장질환으로 진단확정 되었을 때(다만, 최초 1회에 한함),가입금액의 100%,10만원,834,667,,,,
흥국생명,"(무)흥국생명다재다능종합보험(해약환급금미지급형V2)",특약,(무)수술보장특약Ⅲ,피보험자가 보험기간 중 보장개시일 이후에 질병 또는 재해로 인하여 그 치료를 직접 목적으로 별표3(1~5종 수술분류표)에서 정한 수술을 받았을 때(수술 1회당),"1종 : 20만원 2종 : 50만원 3종 : 100만원 4종 : 500만원 5종 : 1,000만원","1,000만원",2800,1500,,,,
흥국생명,"(무)흥국생명다재다능종합보험(해약환급금미지급형V2)",특약,(무)뇌혈관질환진단특약Ⅱ,"피보험자가 보험기간 중 보장개시일 이후에 뇌혈관질환으로 진단확정 되었을 때 (다만, 뇌혈관질환(신생아 뇌출혈 제외), 신생아 뇌출혈 각 최초 1회에 한함)",가입금액의 100%,"1,000만원",11400,11400,,,,
흥국생명,(무)흥국생명다재다능종합보험,주계약,재해장해보험금,피보험자가 보험기간 중 보장개시일 이후에 재해로 인하여 장해분류표에서 정한 각 장해지급률에 해당하는 장해상태가 되었을 경우,"1,000만원 × 해당 장해지급률","3,000만원",1500,1230,93.40%,89.00%,보험기간(1년 초과),비갱신형,"1. 가입나이 : 0세 ~ 30세(단, 성별, 보험기간, 납입기간별 차등적용) 2. 보험기간 : 30세만기, 90세만기, 100세만기 3. 보험료 예시 및 보험가격지수 산출기준 : 2종(표준형), 1형(재해장해보장형), 가입금액 3,000만원, 5세, 100세만기, 20년납, 월납"
흥국생명,(무)흥국생명다재다능종합보험,특약,"(무)골절진단(치아파절제외)특약","피보험자가 보험기간 중 보장개시일 이후에 재해골절(치아파절 제외)이 발생하였을 때(발생 1회당) (다만, 동일재해에 의한 경우 1회에 한함)",가입금액의 100%,"1,000만원",7590,5570,,,,
흥국생명,(무)흥국생명다재다능종합보험,특약,"(무)허혈심장질환특약Ⅱ",피보험자가 보험기간 중 보장개시일 이후에 허혈심장질환으로 진단확정 되었을 때(다만, 최초 1회에 한함),가입금액의 100%,10만원,924,785,,,,
흥국생명,(무)흥국생명다재다능종합보험,특약,(무)수술보장특약Ⅲ,피보험자가 보험기간 중 보장개시일 이후에 질병 또는 재해로 인하여 그 치료를 직접 목적으로 별표3(1~5종 수술분류표)에서 정한 수술을 받았을 때(수술 1회당),"1종 : 20만원 2종 : 50만원 3종 : 100만원 4종 : 500만원 5종 : 1,000만원","1,000만원",3400,1900,,,,
흥국생명,(무)흥국생명다재다능종합보험,특약,(무)뇌혈관질환진단특약Ⅱ,"피보험자가 보험기간 중 보장개시일 이후에 뇌혈관질환으로 진단확정 되었을 때 (다만, 뇌혈관질환(신생아 뇌출혈 제외), 신생아 뇌출혈 각 최초 1회에 한함)",가입금액의 100%,"1,000만원",13200,13100,,,,
흥국생명,"(무)흥국생명 안심케어보험2504_2종 4형",주계약,재해사망보험금,피보험자가 보험기간 중 재해로 인하여 사망하였을 때,6억원,"3,000만원",1155600,510000,85.80%,80.50%,보험기간(1년 초과),비갱신형,"1. 가입나이 : 만15세 ~ 70세(단 성별, 보험기간, 납입기간별 차등적용) 2. 보험기간 : 100세만기, 110세 만기 3. 보험료 예시기준 : 2종(표준형) 4형(상해보장형) 가입금액 3,000만원, 40세, 100세만기, 20년납, 월납 "
흥국생명,"(무)흥국생명 안심케어보험2504_2종 4형",주계약,고도장해보험금,"피보험자가 보험기간 중 보장개시일 이후에 장해분류표 중 동일한 재해 또는 재해 이외의 동일한 원인으로 여러 신체부위의 장해지급률을 더하여 80%이상인 장해상태가 되었을 때(다만, 최초 1회에 한함)","9억원(다만, 보험계약일부터 1년이 지난 계약해당일의 전일 이전에 재해 이외의 동일한 원인으로 80%이상인 장해상태가 되었을 경우에는 50% 지급)","3,000만원",1155600,510000,,,,
흥국생명,"(무)흥국생명 안심케어보험2504(해약환급금일부지급형)_1종 4형",주계약,재해사망보험금,피보험자가 보험기간 중 재해로 인하여 사망하였을 때,6억원,"3,000만원",1067100,474300,89.40%,84.90%,보험기간(1년 초과),비갱신형,"1. 가입나이 : 만15세 ~ 70세(단 성별, 보험기간, 납입기간별 차등적용) 2. 보험기간 : 100세만기, 110세 만기 3. 보험료 예시기준 : 1종(50%환급형) 4형(상해보장형) 가입금액 3,000만원, 40세, 100세만기, 20년납, 월납 "
흥국생명,"(무)흥국생명 안심케어보험2504(해약환급금일부지급형)_1종 4형",주계약,고도장해보험금,"피보험자가 보험기간 중 보장개시일 이후에 장해분류표 중 동일한 재해 또는 재해 이외의 동일한 원인으로 여러 신체부위의 장해지급률을 더하여 80%이상인 장해상태가 되었을 때(다만, 최초 1회에 한함)","9억원(다만, 보험계약일부터 1년이 지난 계약해당일의 전일 이전에 재해 이외의 동일한 원인으로 80%이상인 장해상태가 되었을 경우에는 50% 지급)","3,000만원",1067100,474300,,,,
교보생명,"교보상해보험 [D](무배당)[만기환급형(100%)]",주계약,재해사망보험금,피보험자가 보험기간 중 발생한 재해로 사망하였을 경우,보험가입금액의 500%,"1,000만원",152496,82530,1028.20%,991.80%,보험기간(1년 초과),비갱신형,"■필수기재사항 1. 가입나이 : 19 ~ 60세 2. 보험기간 : 20년 3. 보험료 예시기준 : 만기환급형(100%), 보험가입금액 1,000만원, 40세, 20년만기, 20년납, 월납, 비위험직 ■선택기재사항 1. 납입기간 : 5년, 10년, 15년, 20년 2. 납입방법 : 월납 / 연납"
교보생명,"교보상해보험 [D](무배당)[만기환급형(100%)]",주계약,만기환급금,만기환급형의 경우 보험기간이 끝날 때까지 피보험자가 살아 있을 경우,이미 납입한 주계약 보험료의 100%,"1,000만원",152496,82530,,,,
교보생명,"교보상해보험 [D](무배당)[만기환급형(100%)]",특약,(무)교보재해수술특약,피보험자가 이 특약의 보험기간 중 재해를 직접 적인 원인으로 수술을 받았을 경우,수술1회당 10만원,"1,000만원",190,130,,,,
교보생명,"교보상해보험 [D](무배당)[만기환급형(100%)]",특약,"(무)재해상해특약(1형)",피보험자가 이 특약의 보험기간 중 발생한 재해로 약관 장해분류표에서 정한 각 장해지급률에 해당하 는 장해상태가 되었을 경우,특약보험가입금액의 100% ×해당 장해지급률,"1,000만원",480,270,,,,
교보생명,"교보상해보험 [D](무배당)[만기환급형(100%)]",특약,(무)재해입원특약Ⅱ,피보험자가 이 특약의 보험기간 중 재해로 인한 직접적인 치료를 목적으로 1일 이상 입원하였을 때,입원일수 1일당 1만원 (1회 입원당 지급일수 120일 한도),"1,000만원",650,610,,,,
교보생명,"교보상해보험 [D](무배당)[만기환급형(100%)]",특약,"(무)교보깁스치료(부목제외)특약",피보험자가 이 특약의 보험기간 중 질병 또는 재해로 “깁스(Cast)치료”를 받았을 경우(발생 1회당),깁스치료 1회당 10만원,"1,000만원",70,100,,,,
교보생명,"교보e일잘러케어보험(무배당)",주계약,재해사망보험금,피보험자가 보험기간 중 발생한 재해로 사망하였을 경우,보험가입금액의 100%,"1,000만원",213,70,133.50%,151.40%,보험기간(1년 초과),비갱신형,"■필수기재사항 1. 가입나이 : 20 ~ 60세 2. 보험기간 : 1년 / 3년 3. 보험료 예시기준 : 보험가입금액 1,000만원, 40세, 1년만기, 월납 ■선택기재사항 1. 납입기간 : 전기납 / 일시납 2. 납입방법 : 월납 / 연납 / 일시납 "
교보생명,"교보e일잘러케어보험(무배당)",특약,"교보e일잘러케어보험(무배당) 특정디지털질환수술특약Ⅱ","피보험자가 이 특약의 보험기간 중 “시각질환”으로 진단이 확정되고 그 “시각질환”의 직접적인 치료를 목적으로 “수술”을 받았을 경우(다만, 연간 1회에 한함)※ 이외 보장담보는 상품요약서 참조","시각질환수술보험금 ※ 이외 보장담보는 상품요약서 참조","1,000만원",120,90,,,,
교보생명,"교보e일잘러케어보험(무배당)",특약,"교보e일잘러케어보험(무배당) 골절·깁스·재해수술특약",피보험자가 이 특약의 보험기간 중 질병 또는 재해로 “깁스(Cast)치료”를 받았을 경우※ 이외 보장담보는 상품요약서 참조,"깁스치료보험금 ※ 이외 보장담보는 상품요약서 참조","1,000만원",440,280,,,,
교보생명,"교보일잘러케어보험(무배당)",주계약,재해사망보험금,피보험자가 보험기간 중 발생한 재해로 사망하였을 경우,보험가입금액의 100%,"1,000만원",213,70,133.50%,151.40%,보험기간(1년 초과),비갱신형,"■필수기재사항 1. 가입나이 : 20 ~ 60세 2. 보험기간 : 1년 / 3년 3. 보험료 예시기준 : 보험가입금액 1,000만원, 40세, 1년만기, 월납 ■선택기재사항 1. 납입기간 : 전기납 / 일시납 2. 납입방법 : 월납 / 연납 / 일시납 "
교보생명,"교보일잘러케어보험(무배당)",특약,"교보일잘러케어보험(무배당) 특정디지털질환수술특약Ⅱ","피보험자가 이 특약의 보험기간 중 “시각질환”으로 진단이 확정되고 그 “시각질환”의 직접적인 치료를 목적으로 “수술”을 받았을 경우(다만, 연간 1회에 한함)※ 이외 보장담보는 상품요약서 참조","시각질환수술보험금*이외 보장담보는 상품요약서 참조","1,000만원",120,90,,,,
교보생명,"교보일잘러케어보험(무배당)",특약,"교보일잘러케어보험(무배당) 골절·깁스·재해수술특약",피보험자가 이 특약의 보험기간 중 질병 또는 재해로 “깁스(Cast)치료”를 받았을 경우※ 이외 보장담보는 상품요약서 참조,"깁스치료보험금*이외 보장담보는 상품요약서 참조","1,000만원",440,280,,,,
교보생명,"교보e교통안심보험 (무배당)",주계약,교통재해사망보험금,"피보험자가 보험기간 중 ""교통재해""로 사망하였을 경우",보험가입금액의 100%,"1,000만원",2920,1110,120.00%,124.70%,보험기간(1년 이하),비갱신형,"■필수기재사항 1. 가입나이 : 20세 ~ 60세 2. 보험기간 : 1년 3. 납입기간 : 일시납 ■선택기재사항 1. 보험료 예시기준 : 보험가입금액 1,000만원, 40세, 1년만기, 일시납"
교보생명,"교보e교통안심보험 (무배당)",주계약,교통재해장해급여금,"피보험자가 보험기간 중 ""교통재해""를 원인으로 장해분류표에서 정한 각 장해지급률 중 3%이상 100%이하에 해당하는 장해상태가 되었을 경우",보험가입금액 X 해당 장해지급률,"1,000만원",2920,1110,,,,
교보생명,"교보e교통안심보험 (무배당)",주계약,강력범죄 위로금,"피보험자가 보험기간 중 ""강력범죄""를 직접적인 원인으로 ""신체피해로 전치 1개월을 초과하는 상해""가 발생하였을 경우 (사고 1회당, 동일사고에 의한 경우 1회에 한함)",100만원,"1,000만원",2920,1110,,,,
교보생명,"교보e대중교통안심보험 (무배당)",주계약,대중교통 재해사망보험금,"피보험자가 보험기간 중 ""대중교통 이용 중 교통재해""로 사망하였을 경우",보험가입금액의 100%,"1,000만원",5250,3580,109.30%,98.60%,보험기간(1년 이하),비갱신형,"■필수기재사항 1. 가입나이 : 19세 ~ 60세 2. 보험기간 : 1년 3. 납입기간 : 일시납 ■선택기재사항 1. 보험료 예시기준 : 보험가입금액 1,000만원, 40세, 1년만기, 일시납"
교보생명,"교보e대중교통안심보험 (무배당)",주계약,교통재해 장해급여금,"피보험자가 보험기간 중 ""교통재해""를 원인으로 장해분류표에서 정한 각 장해지급률 중 3%이상 100%이하에 해당하는 장해상태가 되었을 경우",보험가입금액 X 해당 장해지급률,"1,000만원",5250,3580,,,,
교보생명,"교보e대중교통안심보험 (무배당)",주계약,재해골절 진단보험금,"피보험자가 보험기간 중 재해로 인하여 재해골절[치아파절(깨짐, 부러짐) 제외]로 진단확정되었을 경우 [다만, 치아파절(깨짐, 부러짐) 제외, 연간 1회에 한하여 지급]",10만원,"1,000만원",5250,3580,,,,
교보생명,"교보e대중교통안심보험 (무배당)",주계약,깁스치료보험금,피보험자가 보험기간 중 질병 또는 재해로 “깁스(Cast)치료”를 받았을 경우,깁스치료 1회당 10만원,"1,000만원",5250,3580,,,,
교보생명,"교보상해케어보험 23.11 (무배당)",주계약,강력범죄위로금,피보험자가 보험기간 중 “강력범죄”를 직접적인 원인으로 “신체피해로 전치 1개월을 초과하는 상해”가 발생하였을 경우 (동일사고에 의한 경우 1회에 한함),300만원(사고 1회당),"1,000만원",1100,710,91.60%,84.60%,보험기간(1년 이하),비갱신형,"■필수기재사항 1. 가입나이 : 20 ~ 60세 2. 보험기간 : 1년 3. 납입기간 : 전기납 ■선택기재사항 1. 보험료 예시기준 : 보험가입금액 1,000만원, 40세, 1년만기, 전기납, 월납"
교보생명,"교보상해케어보험 23.11 (무배당)",주계약,깁스치료비,피보험자가 보험기간 중 질병 또는 재해로 “깁스(Cast)치료”를 받았을 경우,10만원(깁스치료 1회당),"1,000만원",1100,710,,,,
교보생명,"교보상해케어보험 23.11 (무배당)",주계약,재해골절치료비,"피보험자가 보험기간 중 재해로 인하여 재해골절[치아파절(깨짐, 부러짐) 제외]로 진단확정되었을 경우 [다만, 치아파절(깨짐, 부러짐) 제외, 연간 1회에 한하여 지급]",10만원(골절발생 1회당),"1,000만원",1100,710,,,,
교보생명,"교보상해케어보험 23.11 (무배당)",주계약,응급실내원비,"피보험자가 보험기간 중 “응급환자”로 응급실에 내원하여 진료를 받았을 경우(다만, 1일 1회에 한함)",1만원(내원 1회당),"1,000만원",1100,710,,,,
교보생명,"교보상해케어보험 23.11 (무배당)",주계약,재해입원비,피보험자가 보험기간 중 재해로 인한 직접적인 치료를 목적으로 1일 이상 입원하였을 경우,입원일수 1일당 1만원(1회 입원당지급일수 120일 한도),"1,000만원",1100,710,,,,
교보생명,"교보상해케어보험 23.11 (무배당)",주계약,재해수술비,피보험자가 보험기간 중 재해를 직접적인 원인으로 수술을 받았을 경우,10만원(수술 1회당),"1,000만원",1100,710,,,,
교보생명,"교보상해케어보험 23.11 (무배당)",주계약,특정외모상해수술비,"피보험자가 보험기간 중 “특정외모상해”로 진단확정되고, “특정외모상해”의 직접적인 치료를 목적으로 수술을 받았을 경우 ※ 다만, 연간 1회에 한함",30만원 (수술 1회당),"1,000만원",1100,710,,,,
교보생명,"교보상해보험 [D](무배당)[순수보장형]",주계약,재해사망보험금,피보험자가 보험기간 중 발생한 재해로 사망하였을 경우,보험가입금액의 500%,"1,000만원",1544,532,159.70%,165.30%,보험기간(1년 초과),비갱신형,"■필수기재사항 1. 가입나이 : 19 ~ 60세 2. 보험기간 : 20년 3. 보험료 예시기준 : 순수보장형, 보험가입금액 1,000만원, 40세, 20년만기, 20년납, 월납, 비위험직 ■선택기재사항 1. 납입기간 : 5년, 10년, 15년, 20년 2. 납입방법 : 월납 / 연납"
교보생명,"교보상해보험 [D](무배당)[순수보장형]",특약,(무)교보재해수술특약,피보험자가 이 특약의 보험기간 중 재해를 직접적인 원인으로 수술을 받았을 경우,수술1회당 10만원,"1,000만원",190,130,,,,
교보생명,"교보상해보험 [D](무배당)[순수보장형]",특약,"(무)재해상해특약(1형)",피보험자가 이 특약의 보험기간 중 발생한 재해로 약관 장해분류표에서 정한 각 장해지급률에 해당하는 장해상태가 되었을 경우,특약보험가입금액의100%×해당 장해지급률,"1,000만원",480,270,,,,
교보생명,"교보상해보험 [D](무배당)[순수보장형]",특약,(무)재해입원특약Ⅱ,피보험자가 이 특약의 보험기간 중 재해로 인한 직접적인 치료를 목적으로 1일 이상 입원하였을 때,입원일수 1일당 1만원 (1회 입원당 지급일수 120일 한도),"1,000만원",650,610,,,,
교보생명,"교보상해보험 [D](무배당)[순수보장형]",특약,"(무)교보깁스치료(부목제외)특약",피보험자가 이 특약의 보험기간 중 질병 또는 재해로 “깁스(Cast)치료”를 받았을 경우(발생 1회당),깁스치료1회당10만원,"1,000만원",70,100,,,,
iM라이프,"iM 프리미엄안심보험 무배당 2508 3종(상해보장형) 2형(일반형)",주계약,재해사망보험금,피보험자가 보험기간 중 재해로 사망하였을 때,7억 5천만원,"3,000만원",493500,264900,98.00%,91.60%,보험기간(1년 초과),비갱신형,"1. 가입나이 : 만15세 ~ 최고 75세 2. 보험기간 : 90세/100세/110세만기 3. 납입기간 : 5/7/10/15/20년납 4. 보험료 및 보험가격지수 예시 기준 : 3종(상해보장형), 40세, 90세 만기, 20년납, 월납, 가입금액 3천만원 기준 5. 적용이율: 10년이내 연복리 3.40%, 10년초과 연복리 1.50%"
iM라이프,"iM 프리미엄안심보험 무배당 2508 3종(상해보장형) 2형(일반형)",주계약,고도장해보험금,피보험자가 보험기간 중 발생한 동일한 재해 또는 재해 이외의 동일한 원인으로 장해분류표에서 정한 기준에 따른 여러 신체부위의 장해지급률을 더하여 80%이상인 장해상태가 되었을 때(최초 1회에 한함),"9억원(다만, 계약일로부터 1년 미만에 재해 이외의 동일한 원인으로 80%이상인 장해상태가 되었을 때 50% 지급)","3,000만원",493500,264900,,,,
iM라이프,"iM 프리미엄안심보험 무배당 2508 3종(상해보장형) 1형(해약환급금 일부지급형(50%형))",주계약,재해사망보험금,피보험자가 보험기간 중 재해로 사망하였을 때,7억 5천만원,"3,000만원",477000,257400,113.10%,107.10%,보험기간(1년 초과),비갱신형,"1. 가입나이 : 만15세 ~ 최고 75세 2. 보험기간 : 90세/100세/110세만기 3. 납입기간 : 5/7/10/15/20년납 4. 보험료 및 보험가격지수 예시 기준 : 3종(상해보장형), 40세, 90세 만기, 20년납, 월납, 가입금액 3천만원 기준 5. 적용이율: 10년이내 연복리 3.40%, 10년초과 연복리 1.50%"
iM라이프,"iM 프리미엄안심보험 무배당 2508 3종(상해보장형) 1형(해약환급금 일부지급형(50%형))",주계약,고도장해보험금,피보험자가 보험기간 중 발생한 동일한 재해 또는 재해 이외의 동일한 원인으로 장해분류표에서 정한 기준에 따른 여러 신체부위의 장해지급률을 더하여 80%이상인 장해상태가 되었을 때(최초 1회에 한함),"9억원(다만, 계약일로부터 1년 미만에 재해 이외의 동일한 원인으로 80%이상인 장해상태가 되었을 때 50% 지급)","3,000만원",477000,257400,,,,
미래에셋생명,"M-케어 건강보험(3.10.5 간편고지, 갱신형) 무배당",주계약,재해사망보험금,피보험자가 보험기간 중 발생한 재해를 직접적인 원인으로 사망하는 경우,보험가입금액,"2,000만원",320,120,67.50%,70.10%,보험기간(1년 초과),갱신형,"1. 보험기간 : 10, 20, 30년 만기(갱신계약 5년 만기, 100세 만기) 2. 보험종류 : 최초계약, 갱신계약 3. 가입나이 : 만15세 ~ 75세(최초계약), 25세 ~ 99세(갱신계약) 4. 납입기간 : 전기납 5. 납입주기 : 월납 6. 보험가격지수 산출기준 : 가입금액 2,000만원, 40세, 20년만기, 전기납, 월납 7. 주계약 보험료 산출기준 : 가입금액 2,000만원, 40세, 20년만기, 전기납, 월납 8. 특약 보험기간, 납입기간 : 20년만기, 전기납 9. 특이사항 : 「M-케어 건강보험(3.10.5 간편고지, 갱신형) 무배당」은 고지유형 세분화를 통해 일반심사보험에 가입이 어려운 유병자에게 합리적인 보험료로 종합적인 보장을 제공하는 상품입니다."
미래에셋생명,"M-케어 건강보험(3.10.5 간편고지, 갱신형) 무배당",특약,"1-7종수술특약(급여)(3.10.5 간편고지, 갱신형)","피보험자가 이 특약의 보험기간 중 약관에서 정하는 ‘수술 보장 대상 질병 또는 재해’로 약관에서 정하는 ‘1-7종 수술분류표’에 해당하는 수술을 받은 경우 (1회의 입원당 1회의 수술 또는 1회의 통원(1일 1회의 통원에 한함)당 1회의 수술에 한하여 보장하며, 하나의 수술코드 당 연간 1회에 한하여 보장)","1종 : 이 특약 보험가입금액의 1% 2종 : 이 특약 보험가입금액의 2% 3종 : 이 특약 보험가입금액의 3% 4종 : 이 특약 보험가입금액의 5% 5종 : 이 특약 보험가입금액의 10% 6종 : 이 특약 보험가입금액의 30% 7종 : 이 특약 보험가입금액의 50%","1,000만원",6050,6180,,,,
미래에셋생명,"M-케어 건강보험(3.10.5 간편고지, 갱신형) 무배당",특약,"암(유사암제외)진단특약(3.10.5 간편고지, 갱신형)","피보험자가 이 특약의 보험기간 중 암보장개시일 이후에 ‘암’으로 진단확정된 경우 (다만, 최초 1회에 한하여 지급)","최초계약의 최초 계약일로부터 1년 미만 : 이 특약 보험가입금액의 50% 최초계약의 최초 계약일로부터 1년 이후, 갱신계약 : 이 특약 보험가입금액의 100%","1,000만원",4280,5790,,,,
미래에셋생명,"M-케어 건강보험(3.10.5 간편고지, 갱신형) 무배당",특약,"항암약물치료특약(3.10.5 간편고지, 갱신형)","피보험자가 이 특약의 보험기간 중 암보장개시일 이후에 ‘암’으로 진단 확정되고 그 ‘암’의 치료를 직접적인 목적으로 ‘항암약물치료’를 받았거나, 이 특약의 보험기간 중 ‘기타피부암’, ‘갑상선암(중증갑상선암 제외)’, ‘대장점막내암’, ‘비침습방광암’, ‘제자리암’ 또는 ‘경계성종양’으로 진단확정 되고 그 ‘기타피부암’, ‘갑상선암(중증갑상선암 제외)’, ‘대장점막내암’, ‘비침습방광암’, ‘제자리암’ 또는 ‘경계성종양’의 치료를 직접적인 목적으로 ‘항암약물치료’를 받은 경우 (다만, 각각 최초 1회의 치료에 한하여 지급)","암 : 이 특약 보험가입금액의 100% 기타피부암, 갑상선암(중증갑상선암 제외), 대장점막내암, 비침습방광암, 제자리암, 경계성종양 : 이 특약 보험가입금액의 20%","1,000만원",1020,1420,,,,
미래에셋생명,"M-케어 건강보험(3.10.5 간편고지, 갱신형) 무배당",특약,"급성심근경색증진단특약(3.10.5 간편고지, 갱신형)","피보험자가 이 특약의 보험기간 중 ‘급성심근경색증’으로 진단 확정된 경우 (다만, 최초 1회에 한하여 지급)","최초계약의 최초 계약일로부터 1년 미만 : 이 특약 보험가입금액의 50% 최초계약의 최초 계약일로부터 1년 이후, 갱신계약 : 이 특약 보험가입금액의 100%","1,000만원",1670,230,,,,
미래에셋생명,"M-케어 0세부터 건강보험 무배당 [해약환급금이 없는 유형]",주계약,재해장해보험금,피보험자가 보험기간 중 발생한 동일한 재해를 직접적인 원인으로 약관 장해분류표에서 정한 장해지급률이 3% 이상 100% 이하인 장해상태가 된 경우,"보험가입금액의 100% x 해당 장해지급률","3,000만원",1620,1410,95.00%,91.50%,보험기간(1년 초과),비갱신형,"1. 보험기간 : 30세만기, 100세만기 2. 보험종류 : 기본형, 해약환급금이 없는 유형 3. 가입나이 : 0세~30세 4. 납입기간 : 10년, 15년, 20년, 25년, 30년납 5. 납입주기 : 월납 6. 보험가격지수 산출기준: 가입금액 3000만원, 100세만기, 30년납, 해약환급금이 없는 유형 7. 주계약 보험료 산출기준: 가입금액 3000만원, 100세만기, 30년납, 해약환급금이 없는 유형 8. 특약보험료 산출기준: 100세만기, 30년납, 해약환급금이 없는 유형 9. 특이사항 : 「M-케어 0세부터 건강보험 무배당」은 주계약의 재해장해보장을 중심으로 각종 특약을 부가해 종합적으로 보장을 설계할 수 있는 상품입니다. 0세부터 최대 30세까지 가입가능하며 연령대에 꼭 필요한 암, 뇌혈관질환, 심장질환의 핵심담보 뿐만 아니라, 입원, 수술, 장해 등 다양한 보장을 제공합니다."
미래에셋생명,"M-케어 0세부터 건강보험 무배당 [해약환급금이 없는 유형]",특약,"질병수술특약J [해약환급금이 없는 유형]","피보험자가 이 특약의 보험기간 중 '질병분류표'에서 정하는 '질병'의 치료를 직접적인 목적으로 수술을 받은 경우(다만, 동일한 질병당 1회를 한도로 함)",이 특약 보험가입금액의 100%,40만원,6248,6676,,,,
미래에셋생명,"M-케어 0세부터 건강보험 무배당 [해약환급금이 없는 유형]",특약,"암(유사암제외)진단특약J [해약환급금이 없는 유형]","피보험자가 이 특약의 보험기간 중 암보장개시일 이후에 ‘암’으로 진단확정된 경우 (다만, 최초 1회에 한하여 지급)",이 특약 보험가입금액의 100%,"1,000만원",8140,6380,,,,
미래에셋생명,"M-케어 0세부터 건강보험 무배당 [해약환급금이 없는 유형]",특약,"항암방사선치료특약J [해약환급금이 없는 유형]","피보험자가 이 특약의 보험기간 중 암보장개시일 이후에 ‘암’으로 진단 확정되고 그 ‘암’의 치료를 직접적인 목적으로 ‘항암방사선치료’를 받았거나, 이 특약의 보험기간 중 ‘기타피부암’, ‘갑상선암(중증갑상선암 제외)’, ‘대장점막내암’, ‘비침습방광암’, ‘제자리암’ 또는 ‘경계성종양’으로 진단확정 되고 그 ‘기타피부암’, ‘갑상선암(중증갑상선암 제외)’, ‘대장점막내암’, ‘비침습방광암’, ‘제자리암’ 또는 ‘경계성종양’의 치료를 직접적인 목적으로 ‘항암방사선치료’를 받은 경우 (다만, 각각 최초 1회의 치료에 한하여 지급)","암 : 이 특약 보험가입금액의 100% 기타피부암, 갑상선암(중증갑상선암 제외), 대장점막내암, 비침습방광암, 제자리암, 경계성종양 : 이 특약 보험가입금액의 20%","1,000만원",2090,2630,,,,
미래에셋생명,"M-케어 0세부터 건강보험 무배당 [해약환급금이 없는 유형]",특약,"허혈성심장질환진단특약J [해약환급금이 없는 유형]","피보험자가 이 특약의 보험기간 중 ‘허혈성심장질환’으로 진단확정된 경우 (다만, 최초 1회에 한하여 지급)",이 특약 보험가입금액의 100%,"1,000만원",5920,3970,,,,
미래에셋생명,"M-케어 0세부터 건강보험 무배당 [기본형]",주계약,재해장해보험금,피보험자가 보험기간 중 발생한 동일한 재해를 직접적인 원인으로 약관 장해분류표에서 정한 장해지급률이 3% 이상 100% 이하인 장해상태가 된 경우,"보험가입금액의 100% x 해당 장해지급률","3,000만원",390,180,82.30%,87.60%,보험기간(1년 초과),비갱신형,"1. 보험기간 : 30세만기, 100세만기 2. 보험종류 : 기본형, 해약환급금이 없는 유형 3. 가입나이 : 0세~30세 4. 납입기간 : 10년, 15년, 20년, 25년, 30년납 5. 납입주기 : 월납 6. 보험가격지수 산출기준: 가입금액 3000만원, 30세만기, 15년납, 기본형 7. 주계약 보험료 산출기준: 가입금액 3000만원, 30세만기, 15년납, 기본형 8. 특약보험료 산출기준: 30세만기, 15년납, 기본형 9. 특이사항 : 「M-케어 0세부터 건강보험 무배당」은 주계약의 재해장해보장을 중심으로 각종 특약을 부가해 종합적으로 보장을 설계할 수 있는 상품입니다. 0세부터 최대 30세까지 가입가능하며 연령대에 꼭 필요한 암, 뇌혈관질환, 심장질환의 핵심담보 뿐만 아니라, 입원, 수술, 장해 등 다양한 보장을 제공합니다."
미래에셋생명,"M-케어 0세부터 건강보험 무배당 [기본형]",특약,"질병수술특약J [기본형]","피보험자가 이 특약의 보험기간 중 '질병분류표'에서 정하는 '질병'의 치료를 직접적인 목적으로 수술을 받은 경우(다만, 동일한 질병당 1회를 한도로 함)",이 특약 보험가입금액의 100%,40만원,1156,1204,,,,
미래에셋생명,"M-케어 0세부터 건강보험 무배당 [기본형]",특약,"암(유사암제외)진단특약J [기본형]","피보험자가 이 특약의 보험기간 중 암보장개시일 이후에 ‘암’으로 진단확정된 경우 (다만, 최초 1회에 한하여 지급)",이 특약 보험가입금액의 100%,"1,000만원",380,450,,,,
미래에셋생명,"M-케어 0세부터 건강보험 무배당 [기본형]",특약,"항암방사선치료특약J [기본형]","피보험자가 이 특약의 보험기간 중 암보장개시일 이후에 ‘암’으로 진단 확정되고 그 ‘암’의 치료를 직접적인 목적으로 ‘항암방사선치료’를 받았거나, 이 특약의 보험기간 중 ‘기타피부암’, ‘갑상선암(중증갑상선암 제외)’, ‘대장점막내암’, ‘비침습방광암’, ‘제자리암’ 또는 ‘경계성종양’으로 진단확정 되고 그 ‘기타피부암’, ‘갑상선암(중증갑상선암 제외)’, ‘대장점막내암’, ‘비침습방광암’, ‘제자리암’ 또는 ‘경계성종양’의 치료를 직접적인 목적으로 ‘항암방사선치료’를 받은 경우 (다만, 각각 최초 1회의 치료에 한하여 지급)","암 : 이 특약 보험가입금액의 100% 기타피부암, 갑상선암(중증갑상선암 제외), 대장점막내암, 비침습방광암, 제자리암, 경계성종양 : 이 특약 보험가입금액의 20%","1,000만원",100,240,,,,
미래에셋생명,"M-케어 0세부터 건강보험 무배당 [기본형]",특약,"허혈성심장질환진단특약J [기본형]","피보험자가 이 특약의 보험기간 중 ‘허혈성심장질환’으로 진단확정된 경우 (다만, 최초 1회에 한하여 지급)",이 특약 보험가입금액의 100%,"1,000만원",550,420,,,,
미래에셋생명,"M-케어 건강보험(갱신형) 무배당",주계약,재해사망보험금,피보험자가 보험기간 중 발생한 재해를 직접적인 원인으로 사망하는 경우,보험가입금액,"2,000만원",340,100,71.70%,73.00%,보험기간(1년 초과),갱신형,"1. 보험기간 : 10,20,30년 만기(최초계약), 5년 만기, 종신 만기(갱신계약) 2. 보험종류 : 최초계약, 갱신계약 3. 가입나이 : 만15세 ~ 75세(최초계약), 25세 ~ 111세(갱신계약) 4. 납입기간 : 전기납 5. 납입주기 : 월납 6. 보험가격지수 산출기준 : 가입금액 2,000만원, 40세, 20년만기, 20년납, 월납 7. 주계약 보험료 산출기준 : 가입금액 2,000만원, 40세, 20년만기, 20년납, 월납 8. 특약 보험기간, 납입기간 : 20년만기, 20년납 9. 특이사항 : 「M-케어 건강보험(갱신형) 무배당」은 재해로 인한 사망을 보장하는 상품입니다. 암, 뇌혈관질환, 심장질환의 핵심담보 뿐만 아니라, 입원, 수술, 장해, 사망 등 다양한 보장을 제공하여 종합적으로 보장을 설계할 수 있는 상품입니다"
미래에셋생명,"M-케어 건강보험(갱신형) 무배당",특약,"1-7종수술특약(급여)(갱신형) 무배당","피보험자가 이 특약의 보험기간 중 약관에서 정하는 ‘수술 보장 대상 질병 또는 재해’로 약관에서 정하는 ‘1-7종 수술분류표’에 해당하는 수술을 받은 경우 (1회의 입원당 1회의 수술 또는 1회의 통원(1일 1회의 통원에 한함)당 1회의 수술에 한하여 보장하며, 하나의 수술코드 당 연간 1회에 한하여 보장)","1종 : 이 특약 보험가입금액의 1% 2종 : 이 특약 보험가입금액의 2% 3종 : 이 특약 보험가입금액의 3% 4종 : 이 특약 보험가입금액의 5% 5종 : 이 특약 보험가입금액의 10% 6종 : 이 특약 보험가입금액의 30% 7종 : 이 특약 보험가입금액의 50%","1,000만원",5180,5360,,,,
미래에셋생명,"M-케어 건강보험(갱신형) 무배당",특약,"암(유사암제외)진단특약(갱신형) 무배당","피보험자가 이 특약의 보험기간 중 암보장개시일 이후에 ‘암’으로 진단확정된 경우 (다만, 최초 1회에 한하여 지급)","이 특약 보험가입금액의 100% (다만, ‘여성유방암’ 및 ‘전립선암’의 경우 최초 계약일로부터 1년미만 진단확정시 50% 지급)","1,000만원",3700,5160,,,,
미래에셋생명,"M-케어 건강보험(갱신형) 무배당",특약,"항암약물치료특약(갱신형) 무배당","피보험자가 이 특약의 보험기간 중 암보장개시일 이후에 ‘암’으로 진단 확정되고 그 ‘암’의 치료를 직접적인 목적으로 ‘항암약물치료’를 받았거나, 이 특약의 보험기간 중 ‘기타피부암’, ‘갑상선암(중증갑상선암 제외)’, ‘대장점막내암’, ‘비침습방광암’, ‘제자리암’ 또는 ‘경계성종양’으로 진단확정 되고 그 ‘기타피부암’, ‘갑상선암(중증갑상선암 제외)’, ‘대장점막내암’, ‘비침습방광암’, ‘제자리암’ 또는 ‘경계성종양’의 치료를 직접적인 목적으로 ‘항암약물치료’를 받은 경우 (다만, 각각 최초 1회의 치료에 한하여 지급)","암 : 이 특약 보험가입금액의 100% 기타피부암, 갑상선암(중증갑상선암 제외), 대장점막내암, 비침습방광암, 제자리암, 경계성종양 : 이 특약 보험가입금액의 20%","1,000만원",930,1340,,,,
미래에셋생명,"M-케어 건강보험(갱신형) 무배당",특약,"급성심근경색증진단특약(갱신형) 무배당","피보험자가 이 특약의 보험기간 중 ‘급성심근경색증’으로 진단 확정된 경우 (다만, 최초 1회에 한하여 지급)","최초계약의 최초 계약일로부터 1년 미만 : 이 특약 보험가입금액의 50% 최초계약의 최초 계약일로부터 1년 이후, 갱신계약 : 이 특약 보험가입금액의 100%","1,000만원",1412,186,,,,
KDB생명,(무)세이프존상해보험,주계약,교통재해장해급여금,보험기간 중 피보험자가 '교통재해'를 원인으로 장해분류표에서 정한 각 장해지급률에 해당하는 장해상태가 되었을 때,"2,000만원 x 해당 장해지급률",200만원,1460,940,79.70%,74.20%,보험기간(1년 이하),비갱신형,"1. 가입나이: 0세 ~ 70세 2. 보험기간: 1년만기 3. 보험료 납입기간: 전기납 4. 보험료 납입주기: 연납 5. 보험료 예시기준: 40세, 주계약 보험가입금액 200만원, 1년만기, 전기납, 연납 6. 보험가격지수 예시기준: 40세, 주계약 보험가입금액 200만원, 1년만기, 전기납, 연납"
DB생명,"(무)백년친구 간편한(335) 내가고른 건강보험(갱신형)(2504)",주계약,재해사망보험금,재해사망시,100만원,100만원,28,12,118.20%,175.20%,보험기간(1년 초과),갱신형,"1. 상품형태: 갱신형, 순수보장형 2. 보험기간: 20년 또는 10년만기 갱신형, 최대 100세 만기 3. 납입기간: 전기납 4. 가입연령: 만 15세~ 최고 85세 5. 보험가격지수 예시기준: 주계약, 20년만기, 전기납, 가입금액 3천만원 기준 6. 보험료 예시기준: - 주계약, 40세, 20년만기, 전기납, 가입금액 1백만원 기준 - 선택특약, 40세, 20년만기, 전기납, 가입금액 1천만원 기준"
DB생명,"(무)백년친구 간편한(335) 내가고른 건강보험(갱신형)(2504)",특약,"(무)뇌혈관질환진단특약Ⅱ(갱신형)(S)(335간편심사)","뇌혈관질환 진단확정시(최초1회한, 최초계약의 경우 1년미만 지급사유발생시 50% 지급)","1,000만원","1,000만원",7220,6570,,,,
DB생명,"(무)백년친구 간편한(335) 내가고른 건강보험(갱신형)(2504)",특약,"(무)암(유사암제외)진단특약Ⅱ(갱신형)(S)(335간편심사)","암 보장개시일 이후 암 진단 확정시(최초1회한, 최초계약의 경우, 1년미만 유방암 이외의 암 진단시 암진단자금의 50%지급. 유방암의 경우에는 보험계약일로부터 180일 이내에 진단확정시 암진단자금의 20%, 180일초과 1년미만에 진단확정시 암진단자금의 50% 지급","1,000만원","1,000만원",6800,8990,,,,
DB생명,"(무)백년친구 간편한(335) 내가고른 건강보험(갱신형)(2504)",특약,"(무)유사암진단특약Ⅱ(갱신형)(S)(335간편심사)","기타피부암,제자리암,경계성종양,특정갑상선암 진단확정시(각 최초 1회한, 최초계약의 경우 1년미만 지급사유발생시 50% 지급)","1,000만원","1,000만원",2880,5970,,,,
DB생명,"(무)백년친구 간편한(335) 내가고른 건강보험(갱신형)(2504)",특약,"(무)급성심근경색증진단특약Ⅱ(갱신형)(S)(335간편심사)","급성심근경색증으로 진단확정시(최초1회한, 최초계약의 경우 1년미만 지급사유발생시 50% 지급)","1,000만원","1,000만원",1470,500,,,,
DB생명,"(무)백년친구 New 내가고른 건강보험(갱신형)(2404)",주계약,재해사망보험금,재해사망시,"2.000만원","2.000만원",560,240,117.30%,177.10%,보험기간(1년 초과),갱신형,"1. 상품형태 : 갱신형, 순수보장형 2. 보험기간 : 20년 또는 10년만기 갱신형, 최대 100세 만기 3. 납입기간 : 전기납 4. 가입연령 : 만15세 ~ 최고 70세 5. 보험가격지수 예시기준: 주계약, 20년만기, 전기납, 가입금액 3천만원 기준 6. 보험료 예시기준 : - 주계약, 40세, 20년만기, 전기납, 가입금액 2천만원 기준 - 선택특약, 40세, 20년만기,, 전기납, 가입금액 1천만원 기준"
DB생명,"(무)백년친구 New 내가고른 건강보험(갱신형)(2404)",특약,"(무)뇌혈관질환진단특약Ⅱ(갱신형)(D)","뇌혈관질환 진단확정시(최초1회한, 최초계약의 경우 1년미만 지급사유발생시 50% 지급)","1,000만원","1,000만원",5230,4540,,,,
DB생명,"(무)백년친구 New 내가고른 건강보험(갱신형)(2404)",특약,"(무)암(유사암제외)진단특약Ⅱ(갱신형)(D)","암 보장개시일 이후 암 진단 확정시(최초1회한, 최초계약의 경우, 1년미만 유방암 이외의 암 진단시 암진단자금의 50%지급. 유방암의 경우에는 보험계약일로부터 180일 이내에 진단확정시 암진단자금의 20%, 180일초과 1년미만에 진단확정시 암진단자금의 50% 지급","1,000만원","1,000만원",5080,6690,,,,
DB생명,"(무)백년친구 New 내가고른 건강보험(갱신형)(2404)",특약,"(무)유사암진단특약Ⅱ(갱신형)(D)","기타피부암,제자리암,경계성종양,특정갑상선암 진단확정시(각 최초 1회한, 최초계약의 경우 1년미만 지급사유발생시 50% 지급)","1,000만원","1,000만원",2160,4480,,,,
DB생명,"(무)백년친구 New 내가고른 건강보험(갱신형)(2404)",특약,"(무)급성심근경색증진단특약Ⅱ(갱신형)(D)","급성심근경색증으로 진단확정시(최초1회한, 최초계약의 경우 1년미만 지급사유발생시 50% 지급)","1,000만원","1,000만원",1110,360,,,,
DB생명,"(무)백년친구 안심보험(2504)(장해보장형,해약환급금 일부지급형)",주계약,장해생활비Ⅰ,"피보험자가 보험기간 중 「동일한 재해 또는 재해 이외의 동일한 원인」 을 직접적인 원인으로 장해분류표 중 여러 신체부위의 장해지급률을 더하여 60%이상인 장해상태가 되었을 때(최초 1회한)(다만, 계약일로부터 1년미만에 재해 이외의 동일한 원인으로 지급사유 발생시 50% 지급)",50만원 (180회 확정지급),"1000만원",88800,55100,103.90%,96.30%,보험기간(1년 초과),비갱신형,"○ 가입연령 : 0세 ~ 최고70세 ○ 보험기간 : 90세만기, 100세만기, 110세만기 ○ 보험료 예시 기준 - 가입금액 1,000만원, 40세, 90세만기, 20년납, 월납 ○ 보험가격지수 예시 기준 - 가입금액 3,000만원, 40세, 90세만기, 20년납, 월납 ※기타 자세한 사항은 상품요약서 참조"
DB생명,"(무)백년친구 안심보험(2504)(장해보장형,해약환급금 일부지급형)",주계약,장해생활비Ⅱ,"피보험자가 보험기간 중 「동일한 재해 또는 재해 이외의 동일한 원인」 을 직접적인 원인으로 장해분류표 중 여러 신체부위의 장해지급률을 더하여 80%이상인 장해상태가 되었을 때(최초 1회한)(다만, 계약일로부터 1년미만에 재해 이외의 동일한 원인으로 지급사유 발생시 50% 지급)",50만원 (180회 확정지급),"1000만원",88800,55100,,,,
DB생명,"(무)백년친구 안심보험(2504)(장해보장형,해약환급금 일부지급형)",주계약,장해급여금,"피보험자가 보험기간 중 「동일한 재해 또는 재해 이외의 동일한 원인」 을 직접적인 원인으로 장해분류표에서 정한 장해지급률 중 3%이상 100%이하에 해당하는 장해상태가 되었을 때(다만, 계약일로부터 1년미만에 재해 이외의 동일한 원인으로 지급사유 발생시 50% 지급)","1,000만원 X 해당 장해지급률","1000만원",88800,55100,,,,
DB생명,"(무)백년친구 안심보험(2504)(장해보장형,표준형)",주계약,장해생활비Ⅰ,"피보험자가 보험기간 중 「동일한 재해 또는 재해 이외의 동일한 원인」 을 직접적인 원인으로 장해분류표 중 여러 신체부위의 장해지급률을 더하여 60%이상인 장해상태가 되었을 때(최초 1회한)(다만, 계약일로부터 1년미만에 재해 이외의 동일한 원인으로 지급사유 발생시 50% 지급)",50만원 (180회 확정지급),1000만원,95500,58700,97.50%,89.30%,보험기간(1년 초과),비갱신형,"○ 가입연령 : 0세 ~ 최고70세 ○ 보험기간 : 90세만기, 100세만기, 110세만기 ○ 보험료 예시 기준 - 가입금액 1,000만원, 40세, 90세만기, 20년납, 월납 ○ 보험가격지수 예시 기준 - 가입금액 3,000만원, 40세, 90세만기, 20년납, 월납 ※기타 자세한 사항은 상품요약서 참조"
DB생명,"(무)백년친구 안심보험(2504)(장해보장형,표준형)",주계약,장해생활비Ⅱ,"피보험자가 보험기간 중 「동일한 재해 또는 재해 이외의 동일한 원인」 을 직접적인 원인으로 장해분류표 중 여러 신체부위의 장해지급률을 더하여 80%이상인 장해상태가 되었을 때(최초 1회한)(다만, 계약일로부터 1년미만에 재해 이외의 동일한 원인으로 지급사유 발생시 50% 지급)",50만원 (180회 확정지급),1000만원,95500,58700,,,,
DB생명,"(무)백년친구 안심보험(2504)(장해보장형,표준형)",주계약,장해급여금,"피보험자가 보험기간 중 「동일한 재해 또는 재해 이외의 동일한 원인」 을 직접적인 원인으로 장해분류표에서 정한 장해지급률 중 3%이상 100%이하에 해당하는 장해상태가 되었을 때(다만, 계약일로부터 1년미만에 재해 이외의 동일한 원인으로 지급사유 발생시 50% 지급)","1,000만원 X 해당 장해지급률",1000만원,95500,58700,,,,
DB생명,"(무)백년친구 안심보험(2504)(상해보장형,해약환급금 일부지급형)",주계약,재해사망보험금,피보험자가 보험기간 중 재해로 인하여 사망하였을 때,20000만원,"1000만원",138500,75600,97.20%,92.40%,보험기간(1년 초과),비갱신형,"○ 가입연령 : 15세 ~ 최고75세 ○ 보험기간 : 90세만기, 100세만기, 110세만기 ○ 보험료 예시 기준 - 가입금액 1,000만원, 40세, 90세만기, 20년납, 월납 ○ 보험가격지수 예시 기준 - 가입금액 3,000만원, 40세, 90세만기, 20년납, 월납 ※기타 자세한 사항은 상품요약서 참조"
DB생명,"(무)백년친구 안심보험(2504)(상해보장형,해약환급금 일부지급형)",주계약,고도장해급여금,"피보험자가 보험기간 중 「동일한 재해 또는 재해 이외의 동일한 원인」 을 직접적인 원인으로 장해분류표 중 여러 신체부위의 장해지급률을 더하여 80%이상인 장해상태가 되었을 때 (최초 1회한)(단, 계약일로부터 1년 미만에 재해 이외의 동일한 원인으로 80%이상인 장해상태가 되었을 때 50% 지급)",30000만원,"1000만원",138500,75600,,,,
DB생명,"(무)백년친구 안심보험(2504)(상해보장형,표준형)",주계약,재해사망보험금,피보험자가 보험기간 중 재해로 인하여 사망하였을 때,20000만원,1000만원,148700,80100,91.30%,85.10%,보험기간(1년 초과),비갱신형,"○ 가입연령 : 15세 ~ 최고75세 ○ 보험기간 : 90세만기, 100세만기, 110세만기 ○ 보험료 예시 기준 - 가입금액 1,000만원, 40세, 90세만기, 20년납, 월납 ○ 보험가격지수 예시 기준 - 가입금액 3,000만원, 40세, 90세만기, 20년납, 월납 ※기타 자세한 사항은 상품요약서 참조"
DB생명,"(무)백년친구 안심보험(2504)(상해보장형,표준형)",주계약,고도장해급여금,"피보험자가 보험기간 중 「동일한 재해 또는 재해 이외의 동일한 원인」 을 직접적인 원인으로 장해분류표 중 여러 신체부위의 장해지급률을 더하여 80%이상인 장해상태가 되었을 때 (최초 1회한)(단, 계약일로부터 1년 미만에 재해 이외의 동일한 원인으로 80%이상인 장해상태가 되었을 때 50% 지급)",30000만원,1000만원,148700,80100,,,,
DB생명,"(무)백년친구 생활보험(2507)(2종:건강보장형)",주계약,교통재해사망보험금,보험기간 중 피보험자가 “교통재해”로 인하여 사망하였을 때,"10,000만원","1,000만원",15000,12600,155.70%,171.10%,보험기간(1년 초과),비갱신형,"1. 상품형태: 2종(건강보장형) 2. 보험기간: 10년만기 3. 납입주기: 월납 4. 가입연령: 15세 ~ 최고 75세 5. 보험가격지수 예시기준: 2종(건강보장형), 가입금액형, 가입금액 3,000만원, 가입나이 40세, 보험기간 10년, 2년납, 월납 6. 보험료 예시기준 - 주계약: 2종(건강보장형), 가입금액형, 가입금액 1,000만원, 가입나이 40세, 보험기간 10년, 2년납, 월납 ※기타 자세한 사항은 상품요약서 참조"
DB생명,"(무)백년친구 생활보험(2507)(2종:건강보장형)",주계약,교통재해장해보험금,보험기간 중 피보험자가 동일한 교통재해를 직접적인 원인으로 장해분류표에서 정한 장해지급률 중 3%이상 100%이하에 해당하는 장해상태가 되었을 때,"1,000만원 × 해당장해지급율","1,000만원",15000,12600,,,,
DB생명,"(무)백년친구 생활보험(2507)(2종:건강보장형)",주계약,독감 항바이러스제 치료비,보험기간 중 피보험자가 “독감(인플루엔자)”으로 진단 확정되고 그 치료를 직접적인 목적으로 “독감 항바이러스제”를 처방받았을 때(연간 1회한),10만원,"1,000만원",15000,12600,,,,
DB생명,"(무)백년친구 생활보험(2507)(2종:건강보장형)",주계약,온열질환 진단비,보험기간 중 피보험자가 “온열질환”으로 진단이 확정되었을 때(연간 1회한),10만원,"1,000만원",15000,12600,,,,
DB생명,"(무)백년친구 생활보험(2507)(2종:건강보장형)",주계약,한랭질환 진단비,보험기간 중 피보험자가 “한랭질환”으로 진단이 확정되었을 때(연간 1회한),10만원,"1,000만원",15000,12600,,,,
DB생명,"(무)백년친구 생활보험(2507)(2종:건강보장형)",주계약,대상포진 진단자금,"보험기간 중 피보험자가 대상포진으로 진단이 확정되었을 때 (다만, 보험계약일로부터 1년미만 진단확정시 해당 대상포진 진단자금의 50% 지급)(최초 1회에 한함)",20만원,"1,000만원",15000,12600,,,,
DB생명,"(무)백년친구 생활보험(2507)(2종:건강보장형)",주계약,"12대기관 양성종양 및 3대기관 폴립 수술급여금","보험기간 중 피보험자가 “12대기관 양성종양 및 3대기관 폴립”으로 진단이 확정되고, 보험기간 중 그 치료를 직접적인 목적으로 수술을 받았을 때(연간 1회한)",10만원,"1,000만원",15000,12600,,,,
DB생명,"(무)백년친구 생활보험(2507)(2종:건강보장형)",주계약,통풍 진단자금,"보험기간 중 피보험자가 통풍으로 진단이 확정되었을 때 (다만, 보험계약일로부터 1년미만 진단확정시 해당 통풍 진단자금의 50% 지급)(최초 1회에 한함)",20만원,"1,000만원",15000,12600,,,,
DB생명,"(무)백년친구 생활보험(2507)(1종:레저보장형)",주계약,교통재해사망보험금,보험기간 중 피보험자가 “교통재해”로 인하여 사망하였을 때,10000만원,1000만원,10100,7000,155.90%,227.10%,보험기간(1년 초과),비갱신형,"1. 상품형태: 1종(레저보장형) 2. 보험기간: 10년만기 3. 납입주기: 월납 4. 가입연령: 15세 ~ 최고 75세 5. 보험가격지수 예시기준: 1종(레저보장형), 가입금액형, 가입금액 3,000만원, 가입나이 40세, 보험기간 10년, 2년납, 월납 6. 보험료 예시기준 - 주계약: 1종(레저보장형), 가입금액형, 가입금액 1,000만원, 가입나이 40세, 보험기간 10년, 2년납, 월납 ※기타 자세한 사항은 상품요약서 참조"
DB생명,"(무)백년친구 생활보험(2507)(1종:레저보장형)",주계약,교통재해장해보험금,보험기간 중 피보험자가 동일한 교통재해를 직접적인 원인으로 장해분류표에서 정한 장해지급률 중 3%이상 100%이하에 해당하는 장해상태가 되었을 때,"1,000만원 × 해당장해지급율",1000만원,10100,7000,,,,
DB생명,"(무)백년친구 생활보험(2507)(1종:레저보장형)",주계약,재해수술급여금,보험기간 중 피보험자가 재해의 치료를 직접적인 목적으로 수술을 받았을 때(수술 1회당),10만원,1000만원,10100,7000,,,,
DB생명,"(무)백년친구 생활보험(2507)(1종:레저보장형)",주계약,재해골절치료비,보험기간 중 피보험자가 재해를 원인으로 재해골절(치아파절 제외) 상태가 되었을 때(발생 1회당),10만원,1000만원,10100,7000,,,,
DB생명,"(무)백년친구 생활보험(2507)(1종:레저보장형)",주계약,아킬레스힘줄손상 수술급여금,"보험기간 중 피보험자가 재해를 직접적인 원인으로 아킬레스힘줄손상으로 진단확정되고, 그 직접적인 치료를 목적으로 수술을 받았을 때(수술 1회당)",50만원,1000만원,10100,7000,,,,
DB생명,"(무)백년친구 생활보험(2507)(1종:레저보장형)",주계약,"무릎인대파열·연골손상 수술급여금","보험기간 중 피보험자가 재해를 직접적인 원인으로 무릎인대파열·연골손상으로 진단확정되고, 그 직접적인 치료를 목적으로 수술을 받았을 때(수술 1회당)",20만원,1000만원,10100,7000,,,,
DB생명,"(무)백년친구 생활보험(2507)(1종:레저보장형)",주계약,"내측상과염(골프엘보우) 진단자금",보험기간 중 피보험자가 내측상과염으로 진단확정 되었을 때(최초 1회에 한함),10만원,1000만원,10100,7000,,,,
동양생명,"(무)엔젤안심보험(생활비보장형(장해), 표준형)",주계약,장해생활자금Ⅰ,"피보험자가 보험기간 중 보장개시일 이후 「동일한 재해 또는 재해 이외의 동일한 원인」으로 인하여 장해분류표 중 여러 신체부위의 장해지급률을 더하여 50%이상인 장해상태가 되었을 때 (다만, 최초 1회에 한함)","매월 장해생활자금Ⅰ 지급해당일 : 10만원 (180회 확정지급) (다만, 계약일로부터 1년 미만에 재해 이외의 동일한 원인으로 50%이상인 장해상태가 되었을 때 매월 장해생활자금Ⅰ 지급해당일에 5만원 지급)","1,000만원",102100,63400,88.80%,81.90%,보험기간(1년 초과),비갱신형,"1. 가입나이 : 0세~최대75세 2. 상품형태 : 치매보장형, 생활비보장형(장해), 상해보장형 / 해약환급금 일부지급형, 표준형 3. 보험기간 : 90·100·110세만기 4. 보험료 예시기준: 생활비보장형(장해), 표준형, 보험가입금액 1,000만원, 40세, 90세만기, 20년납, 월납 5. 보험가격지수 예시기준: 생활비보장형(장해), 표준형, 보험가입금액 1,000만원, 40세, 90세만기, 20년납, 월납 6. 확정이율 : 10년 이내 3.25%, 10년 초과 2.25%"
동양생명,"(무)엔젤안심보험(생활비보장형(장해), 표준형)",주계약,장해생활자금Ⅱ,"피보험자가 보험기간 중 보장개시일 이후 「동일한 재해 또는 재해 이외의 동일한 원인」으로 인하여 장해분류표 중 여러 신체부위의 장해지급률을 더하여 60%이상인 장해상태가 되었을 때 (다만, 최초 1회에 한함)","매월 장해생활자금Ⅱ 지급해당일 : 50만원 (180회 확정지급) (다만, 계약일로부터 1년 미만에 재해 이외의 동일한 원인으로 60%이상인 장해상태가 되었을 때 매월 장해생활자금Ⅱ 지급해당일에 25만원 지급)","1,000만원",102100,63400,,,,
