policy_id,min_age,max_age,min_coverage,max_coverage,special_notes
1,15,60,1000000,0,"1. 가입나이 : 만15세 ~ 60세(납입기간, 보험기간별로 상이) 2. 가입한도 : 100만원 ~ 1,000만원 3. 보험기간 : 10, 20년 만기, 60, 70세 만기 4. 납입기간 : 5, 10, 15, 20년납, 전기납 5. 납입주기 : 월납, 3개월납, 6개월납, 연납 6. 보험가격지수 기준 : 40세, 70세만기, 20년납, 가입금액 1,000만원, 월납 7. 보험료 기준 : 40세, 가입금액 1,000만원, 70세만기, 20년납, 월납 8. 보장범위지수 기준 : 남자 40세, 월납  - 암진단 : 개별상품 위험보험료는 일반암진단금 1,000만원(최초1회한), 초기 이외의 갑상선암 진단금 800만원(최초1회한), 소액암진단금 200만원(최초1회한) 지급 기준으로 산출  - 암입원 : 개별상품 위험보험료는 일반암 또는 갑상선암 입원금 5만원, 소액암 입원금 2만원 지급 기준으로 산출 9. 특약 기준 : - 장애인전용 곰두리암사망특약 무배당 : 70세만기 20년납, 월납  - 첫날부터 요양병원암입원특약Ⅱ(갱신형) 무배당 : 갱신형, 20년만기 20년납"
2,,,500000,5000000,"1. 가입나이 : 15세 ~ 80세(보험종목, 성별, 보험기간 및 납입기간별로 상이) 2. 가입한도 : 주계약 보험가입금액 50만원 ~ 500만원 (※ 특약의 가입한도는 회사의 별도로 정한 기준에 따라 적용) 3. 보험기간 : 100세만기 4. 납입기간 : 10, 15, 20년납 5. 보험종류 : 해약환급금 미지급형(납입기간중 0%, 납입기간후 50%) 6. 보험가격지수 기준 : 해약환급금 미지급형(납입기간중 0%, 납입기간후 50%), 남/여 40세, 간편가입형(5년), 100세만기, 20년납, 월납, 주계약 가입금액 500만원 7. 보험료(주계약) 기준 : 해약환급금 미지급형(납입기간중 0%, 납입기간후 50%), 남/여 40세, 간편가입형(5년), 100세만기, 20년납, 월납, 주계약 가입금액 500만원 8. 특약 보험료 기준 : 특약 가입금액은 1천만원 또는 최대 가입금액(1천만원 미만인 경우) 기준 (비갱신형) : 해약환급금 미지급형(납입기간중 0%, 납입기간후 50%), 남/여 40세, 간편가입형(5년), 100세만기, 20년납, 월납 9. 참고사항 : 주계약의 경우 암사망/사망급부로 구성 보장범위지수 해당없음"
3,,,,,"1. 가입나이 : 만19~60세(납입기간에 따라 상이) 2. 보험기간 : 20년만기, 60, 70, 80, 100세만기 3. 납입기간 : 5, 10, 15, 20, 30년납, 60세납, 전기납 4. 납입주기 : 월납 5. 보험가격지수 기준 : 표준체형, 40세, 80세만기, 20년납, 주계약 가입금액 3,000만원 6. 보장범위지수 기준 : 표준체형, 남자 40세, 월납, 개별상품 위험보험료는 일반암 진단 1,000만원(최초1회한) 특정 고액치료비관련암 진단 1,000만원(최초1회한),  중증 갑상선암 진단 800만원(최초1회한),  특정 소액암 진단 600만원(최초1회한),  소액질병 진단 200만원(각각 최초1회한) 지급 기준으로 산출 7. 보험료 기준 : 표준체형, 40세, 주계약 가입금액 3,000만원, 80세만기, 20년납, 월납 *특약공시 : 부가가능한 특약 없음"
4,,,500000,5000000,"1. 가입나이 : 15세 ~ 80세(보험종목, 성별, 보험기간 및 납입기간별로 상이) 2. 가입한도 : 주계약 보험가입금액 50만원 ~ 500만원 (※ 특약의 가입한도는 회사의 별도로 정한 기준에 따라 적용) 3. 보험기간 : 100세만기 4. 납입기간 : 10, 15, 20년납 5. 보험종류 : 해약환급금 미지급형(납입기간중 0%, 납입기간후 50%) 6. 보험가격지수 기준 : 해약환급금 미지급형(납입기간중 0%, 납입기간후 50%), 남/여 40세, 100세만기, 20년납, 월납, 주계약 가입금액 500만원 7. 보험료(주계약) 기준 : 해약환급금 미지급형(납입기간중 0%, 납입기간후 50%), 남/여 40세, 100세만기, 20년납, 월납, 주계약 가입금액 500만원 8. 특약 보험료 기준 : 특약 가입금액은 1천만원 또는 최대 가입금액(1천만원 미만인 경우) 기준 (비갱신형) : 해약환급금 미지급형(납입기간중 0%, 납입기간후 50%), 남/여 40세, 100세만기, 20년납, 월납 9. 참고사항 : 주계약의 경우 암사망/사망급부로 구성 보장범위지수 해당없음"
5,,,,,"1. 가입나이 : 만19~60세(납입기간에 따라 상이) 2. 보험기간 : 80, 100세만기 3. 납입기간 : 10, 15, 20, 30년납 4. 납입주기 : 월납 5. 보험가격지수 기준 : 40세, 80세만기, 20년납, 가입금액 3,000만원 ※	한화생명 e시그니처암보험 무배당의 보험가격지수에서 대표계약은 e암진단보장보험Ⅱ(비갱신형) 무배당으로 합니다. 6. 보장범위지수 기준 : 남자 40세, 월납, 개별상품 위험보험료는 일반암 진단 1,000만원(최초1회한), 소액암 진단 600만원(최초1회한), 소액질병 진단 200만원(각각 최초1회한) 지급 기준으로 산출 ※	한화생명 e시그니처암보험 무배당의 암진단 대표계약은 e암진단보장보험Ⅱ(비갱신형) 무배당으로 합니다. 7. 보험료 기준 : 40세, 모듈보험 모두 가입시, 선택한 모듈보험 목록 및 개별 모듈보험 산출 기준은 상품요약서 6. 해약환급금에 관한 사항 예시기준표 참고, 해약환급금 미지급형, 월납 *특약공시 : 부가가능한 특약 없음"
6,,,500000,5000000,"1. 가입나이 : 15세 ~ 80세(보험종목, 성별, 보험기간 및 납입기간별로 상이) 2. 가입한도 : 주계약 보험가입금액 50만원 ~ 500만원 (※ 특약의 가입한도는 회사의 별도로 정한 기준에 따라 적용) 3. 보험기간 : 90세, 100세만기 4. 납입기간 : 5, 7, 10, 15, 20,30년납 5. 보험종류 : 해약환급금 미지급형(납입기간중 0%, 납입기간후 50%) 6. 보험가격지수 기준 : 해약환급금 미지급형(납입기간중 0%, 납입기간후 50%), 남/여 40세, 90세만기, 20년납, 월납, 주계약 가입금액 500만원 7. 보험료(주계약) 기준 : 해약환급금 미지급형(납입기간중 0%, 납입기간후 50%), 남/여 40세, 90세만기, 20년납, 월납, 주계약 가입금액 500만원 8. 참고사항 : 주계약의 경우 암사망/사망급부로 구성 보장범위지수 해당없음"
7,,,500000,5000000,"1. 가입나이 : 15세 ~ 80세(보험종목, 성별, 보험기간 및 납입기간별로 상이) 2. 가입한도 : 주계약 보험가입금액 50만원 ~ 500만원 (※ 특약의 가입한도는 회사의 별도로 정한 기준에 따라 적용) 3. 보험기간 : 90세, 100세만기 4. 납입기간 : 5, 7, 10, 15, 20, 30년납 5. 보험종류 : 해약환급금 미지급형(납입기간중 0%, 납입기간후 50%) 6. 보험가격지수 기준 : 해약환급금 미지급형(납입기간중 0%, 납입기간후 50%), 남/여 40세, 90세만기, 20년납, 월납, 주계약 가입금액 500만원 7. 보험료(주계약) 기준 : 해약환급금 미지급형(납입기간중 0%, 납입기간후 50%), 남/여 40세, 90세만기, 20년납, 월납, 주계약 가입금액 500만원 8. 특약 보험료 기준 : 특약 가입금액은 1천만원 또는 최대 가입금액(1천만원 미만인 경우) 기준 (비갱신형) : 해약환급금 미지급형(납입기간중 0%, 납입기간후 50%), 남/여 40세, 90세만기, 20년납, 월납  (갱신형) : 남/여 40세, 20년만기, 20년납, 월납 9. 참고사항 : 주계약의 경우 암사망/사망급부로 구성 보장범위지수 해당없음"
8,,,500000,5000000,"1. 가입나이 : 15세 ~ 80세(보험종목, 성별, 보험기간 및 납입기간별로 상이) 2. 가입한도 : 주계약 보험가입금액 50만원 ~ 500만원 (※ 특약의 가입한도는 회사의 별도로 정한 기준에 따라 적용) 3. 보험기간 : 90세, 100세만기 4. 납입기간 : 5, 7, 10, 15, 20,30년납 5. 보험종류 : 해약환급금 미지급형(납입기간중 0%, 납입기간후 50%) 6. 보험가격지수 기준 : 해약환급금 미지급형(납입기간중 0%, 납입기간후 50%), 남/여 40세, 90세만기, 20년납, 월납, 주계약 가입금액 500만원 7. 보험료(주계약) 기준 : 해약환급금 미지급형(납입기간중 0%, 납입기간후 50%), 남/여 40세, 90세만기, 20년납, 월납, 주계약 가입금액 500만원 8. 특약 보험료 기준 : 특약 가입금액은 1천만원 또는 최대 가입금액(1천만원 미만인 경우) 기준 (비갱신형) : 해약환급금 미지급형(납입기간중 0%, 납입기간후 50%), 납/여 40세, 90세만기, 20년납, 월납  (갱신형) : 남/여 40세, 20년만기, 20년납, 월납 9. 참고사항 : 주계약의 경우 암사망/사망급부로 구성 보장범위지수 해당없음"
9,,,500000,5000000,"1. 가입나이 : 15세 ~ 80세(보험종목, 성별, 보험기간 및 납입기간별로 상이) 2. 가입한도 : 주계약 보험가입금액 50만원 ~ 500만원 (※ 특약의 가입한도는 회사의 별도로 정한 기준에 따라 적용) 3. 보험기간 : 90세, 100세만기 4. 납입기간 : 5, 7, 10, 15, 20,30년납 5. 보험종류 : 해약환급금 미지급형(납입기간중 0%, 납입기간후 50%) 6. 보험가격지수 기준 : 해약환급금 미지급형(납입기간중 0%, 납입기간후 50%), 남/여 40세, 90세만기, 20년납, 월납, 주계약 가입금액 500만원 7. 보험료(주계약) 기준 : 해약환급금 미지급형(납입기간중 0%, 납입기간후 50%), 남/여 40세, 90세만기, 20년납, 월납, 주계약 가입금액 500만원 8. 참고사항 : 주계약의 경우 암사망/사망급부로 구성 보장범위지수 해당없음"
10,,,,,"1. 가입나이 : 만19~60세(상품별로 상이) 2. 보험기간 : 80세, 100세만기 3. 납입기간 : 10, 15, 20, 30년납 4. 납입주기 : 월납 5. 보험가격지수 기준 : 40세, 80세만기, 20년납, 가입금액 3,000만원 ※ 한화생명 간편가입 e시그니처암보험 무배당의 보험가격지수에서 대표계약은 간편가입 e암진단보장보험Ⅱ(비갱신형) 무배당으로 합니다. 6. 보장범위지수 기준 : 남자 40세, 월납, 암진단 보장범위지수의 경우 개별상품 위험보험료는 일반암 진단 1,000만원(최초1회한), 소액암 진단 600만원(최초1회한), 소액질병 진단 200만원(각각 최초1회한) 지급 기준으로 산출 ※ 한화생명 간편가입 e시그니처암보험 무배당의 암진단 대표계약은 간편가입 e암진단보장보험Ⅱ(비갱신형) 무배당으로 합니다. 7. 보험료 기준 : 40세, 80세만기 20년납, 해약환급금 미지급형, 4회차 이후 납입보험료 기준, 월납  주요상품 5개(암진단, 통합암, 암수술, 항암약물ㆍ방사선치료, 암직접치료통원) 선정하여 공시  *모듈보험 모두 가입에 대한 상세 내용은 상품요약서 6. 해약환급금에 관한 사항 예시기준표 참고 8. 확정이율 : 2.75% 9. 기타 특이사항 : 일부 모듈보험의 경우 암보장개시일까지 3개월 동안은 보험료가 발생하지 않습니다. 이는 보험료 할인이 아니며, 3개월동안 미납입한 보험료는 4회차 이후에 납입할 보험료에 반영됩니다. *특약공시 : 부가가능한 특약 없음"
11,,,,,"1. 가입나이 : 만19~60세(납입기간에 따라 상이) 2. 보험기간 : 20년만기, 60, 70, 80, 100세만기 3. 납입기간 : 5, 10, 15, 20, 30년납, 60세납, 전기납 4. 납입주기 : 월납 5. 보험가격지수 기준 : 비흡연체형, 40세, 80세만기, 20년납, 주계약 가입금액 3,000만원 6. 보장범위지수 기준 : 비흡연체형, 남자 40세, 월납, 개별상품 위험보험료는 일반암 진단 1,000만원(최초1회한) 특정 고액치료비관련암 진단 1,000만원(최초1회한),  중증 갑상선암 진단 800만원(최초1회한), 특정 소액암 진단 600만원(최초1회한),  소액질병 진단 200만원(각각 최초1회한) 지급 기준으로 산출 7. 보험료 기준 : 비흡연체형, 40세, 주계약 가입금액 3,000만원, 80세만기, 20년납, 월납 *특약공시 : 부가가능한 특약 없음"
12,19,50,0,0,"1. 상품형태 : 1종(1년만기형), 2종(10년만기형) 2. 가입나이 : 만19세 ~ 50세 3. 가입한도 : 1,000만원(단일구좌) 4. 보험기간 : 1년만기, 10년만기 5. 보험료는 2종(10년만기형), 10년만기, 전기납, 월납, 가입금액 1,000만원, 나이 40세 기준입니다. 6. 보험료가격지수는 40세, 가입금액 1,000만원, 10년만기 전기납 기준입니다. 7. 보장범위지수는 40세 남자, 10년만기, 전기납, 월납, 가입금액 1,000만원 기준입니다. ※ 이 상품의 약관, 상품요약서 등 세부내용은 당사 홈페이지 상품공시실에서 확인하실 수 있습니다."
13,19,50,5000000,5000000,"1.가입나이  * 최초계약 : 만19세 ~ 50세  * 갱신계약 : 3년만기 - 22세 ~ 97세  1년만기 - 98세 ~ 99세 2. 가입한도  * 만19세 ~ 40세 : 500만원 ~ 3,500만원  * 41세 ~ 50세 : 500만원 ~ 1,500만원 3. 이 상품은 3년만기 갱신형 상품입니다. 4. 보험료는 주계약 보험가입금액 3,000만원, 40세, 3년만기, 전기납, 월납 최초계약 기준입니다. 5. 보험가격지수는 40세, 가입금액 3,000만원, 3년만기 전기납 기준입니다. 6. 보장범위지수는 40세 남자, 10년만기, 전기납, 월납, 가입금액 500만원 기준입니다. 7. 특약보험료 예시기준  - (무)ABL인터넷급성심근경색증진단특약Ⅱ(갱신형) : 가입금액 3,000만원, 3년만기, 전기납, 월납, 최초계약 - (무)ABL인터넷뇌출혈진단특약Ⅱ(갱신형) : 가입금액 3,000만원, 3년만기, 전기납, 월납, 최초계약  - (무)ABL인터넷말기신부전증진단특약(갱신형) : 가입금액 3,000만원, 3년만기, 전기납, 월납, 최초계약 ※ 이 상품의 약관, 상품요약서 등 세부내용은 당사 홈페이지 상품공시실에서 확인하실 수 있습니다."
14,,,,,"□ 필수기재사항 1. 가입나이 : 15세 ~ 60세 2. 보험기간 : 20년 만기 / 70세 만기 3. 보험료 예시기준  -피보험자 40세, 70세만기, 20년 월납 (요양병원암입원특약의 경우 3년만기 갱신형)  주보험 보장계약 보험가입금액 2,500만원  □ 선택기재사항 1. 보험가격지수 기준  - 40세, 보험기간 30년, 납입기간 20년납, 월납, 보험가입금액 2,500만원 2. 보장범위지수 기준  - 남자, 40세, 보험기간 10년, 납입기간 10년납, 월납"
15,,,,,"□ 필수기재사항 1. 가입나이 : - 20세 ~ 최대 60세 ※ 납입기간별로 가입나이는 차이가 있을 수 있습니다. 2. 보험기간 : 90, 100세만기 3. 보험료 예시기준 - 주보험 보험가입금액 3,000만원, 소액질병보장특약Ⅷ(무배당,무해약환급금형) 가입금액 500만원,  암사망특약Ⅲ(무배당,무해약환급금형) 가입금액 9,000만원,  고액치료비암진단특약(무배당,무해약환급금형) 가입금액 2,000만원,  40세, 90세 만기, 20년납, 월납 4. 보장범위지수 세부산출 기준  - 개별상품 위험보험료 산출시 가입금액은 주계약 1,000만원, 소액질병보장특약Ⅷ(무배당,무해약환급금형) 200만원, 고액치료비암진단특약(무배당,무해약환급금형) 1,000만원을 기준으로 산출되었습니다. □ 선택기재사항 1. 보험료 납입기간 :  - 10,15,20,30년납 2. 보험가격지수 예시기준 :  - 주보험 1종, 가입금액 3,000만원, 40세, 90세 만기, 20년납, 월납"
16,,,,,"□ 필수기재사항 1. 가입나이 - 최저 20세 ~ 최고 60세 2. 보험기간 : 최초계약 10년 만기 전기월납 , 갱신계약 1~10년만기 전기월납  ※ 최종 갱신계약의 보험기간 만료일은 피보험자의 100세 계약해당일의 전일  ※ 최종 갱신계약의 보험기간 만료일이 10년미만일 경우에는 갱신일부터 최종 갱신계약의 보험기간 만료일까지를 보험기간으로 합니다. 3. 보험료 예시기준 주보험, 최초계약,40세, 보험기간 10년 만기 갱신형, 납입기간 전기월납,  가입금액 주보험 2,500만원, 암사망특약Ⅱ(갱신형,무배당) 1,000만원,  고액치료비암진단특약Ⅱ(갱신형,무배당) 500만원  재진단암보장특약Ⅱ(갱신형,무배당) 500만원 □ 선택기재사항 1. 보험료 납입기간 : 전기납 2. 보험가격지수 예시기준 : 가입금액 2,500만원 40세 10년만기 전기납 최초계약기준 3. 보장범위지수 예시기준  남자, 40세, 월납, 최초계약 기준 ※ 암진단을 보장하는 고정부가특약을 포함"
17,,,,,"1. 가입나이 : 0세 ~ 30세(단, 성별, 보험기간, 납입기간별 차등적용) 2. 보험기간 : 90세만기, 100세만기 3. 보험료 예시 및 보험가격지수 산출기준 : 1종(해약환급금 미지급형V2), 2형(암보장형), 주보험 가입금액 3,000만원, (무)소액암보장특약Ⅶ 가입금액 600만원, 5세, 100세만기, 20년납, 월납 4. 보장범위지수 산출기준 : 2종(표준형), 2형(암보장형), 주보험 가입금액 1,000만원, (무)소액암보장특약Ⅶ 가입금액 200만원"
18,,,,,"1. 가입나이 : 0세 ~ 30세(단, 성별, 보험기간, 납입기간별 차등적용) 2. 보험기간 : 30세만기, 90세만기, 100세만기 3. 보험료 예시 및 보험가격지수 산출기준 : 2종(표준형), 2형(암보장형), 주보험 가입금액 3,000만원, (무)소액암보장특약Ⅶ 가입금액 600만원, 5세, 100세만기, 20년납, 월납 4. 보장범위지수 산출기준 : 2종(표준형), 2형(암보장형), 주보험 가입금액 1,000만원, (무)소액암보장특약Ⅶ 가입금액 200만원, 40세 남자, 10년만기, 전기납, 월납"
19,,,1000000,0,"■필수기재사항 1. 가입나이 : 15~최대80세(납입기간별로 상이함) 2. 보험기간 : 100세만기 3. 보험료 예시 : 주계약 저해약환급금형,가입금액 3,000만원, 40세, 20년납, 월납 특약 가입금액 1,000만원, 최초계약, 40세, 20년만기(갱신형), 전기월납,100세만기(비갱신형),저해약환급금형(비갱신형) (다만, 무배당 표적항암약물허가치료특약(간편가입/갱신형) 2형의 경우 10년만기(갱신형)) 4. 보장범위지수 산출시 개별상품 암진단 위험보험료는 암(기타피부암,대장점막내암,특정갑상선암,초기유방암(여성에 한함) 및 전립선암 제외) 진단보험금 1,000만원, 초기유방암(여성에 한함) 및 전립선암 진단보험금 400만원, 특정갑상선암, 양성뇌종양/경계성종양/기타피부암/대장점막내암/제자리암 진단보험금 200만원 기준으로 산출되었습니다. ■선택기재사항 1. 주계약 납입기간 : 5년납/10년납/15년납/20년납/25년납/30년납 2. 주계약 가입한도 : 100만원 ~ 10,000만원 3. 보험기간 종료일은 피보험자의 100세 계약해당일 4. 교보New헬스케어서비스 암특화형(R)"
20,,,1000000,0,"■필수기재사항 1. 가입나이 : 15~최대80세(납입기간별로 상이함) 2. 보험기간 : 100세만기 3. 보험료 예시 : 주계약 저해약환급금형,가입금액 3,000만원, 40세, 20년납, 월납 특약 가입금액 1,000만원, 최초계약, 40세, 20년만기(갱신형), 전기월납,100세만기(비갱신형),저해약환급금형(비갱신형) (다만, 무배당 표적항암약물허가치료특약(간편가입/갱신형) 2형의 경우 10년만기(갱신형)) 4. 보장범위지수 산출시 개별상품 암진단 위험보험료는 암(기타피부암,대장점막내암,특정갑상선암,초기유방암(여성에 한함) 및 전립선암 제외) 진단보험금 1,000만원, 초기유방암(여성에 한함) 및 전립선암 진단보험금 400만원, 특정갑상선암, 양성뇌종양/경계성종양/기타피부암/대장점막내암/제자리암 진단보험금 200만원 기준으로 산출되었습니다. ■선택기재사항 1. 주계약 납입기간 : 5년납/10년납/15년납/20년납/25년납/30년납 2. 주계약 가입한도 : 100만원 ~ 10,000만원 3. 보험기간 종료일은 피보험자의 100세 계약해당일 4. 교보New헬스케어서비스 암특화형(R)"
21,,,1000000,0,"■필수기재사항 1. 가입나이 : 15~최대80세(납입기간별로 상이함) 2. 보험기간 : 100세만기 3. 보험료 예시 : 주계약 저해약환급금형,가입금액 3,000만원, 40세, 20년납, 월납 특약 가입금액 1,000만원, 최초계약, 40세, 20년만기(갱신형), 전기월납, 100세만기(비갱신형), 저해약환급금형(비갱신형) (다만, 무배당 표적항암약물허가치료특약(갱신형)2형의 경우 10년만기(갱신형)) 4. 보장범위지수 산출시 개별상품 암진단 위험보험료는 암(기타피부암,대장점막내암,특정갑상선암,초기유방암(여성에 한함) 및 전립선암 제외) 진단보험금 1,000만원, 초기유방암(여성에 한함) 및 전립선암 진단보험금 400만원, 특정갑상선암, 양성뇌종양/경계성종양/기타피부암/대장점막내암/제자리암 진단보험금 200만원 기준으로 산출되었습니다. ■선택기재사항 1. 주계약 납입기간 : 5년납/10년납/15년납/20년납/25년납/30년납 2. 주계약 가입한도 : 100만원 ~ 10,000만원 3. 보험기간 종료일은 피보험자의 100세 계약해당일 4. 교보New헬스케어서비스 암특화형"
22,,,1000000,0,"■필수기재사항 1. 가입나이 : 15~최대80세(납입기간별로 상이함) 2. 보험기간 : 100세만기 3. 보험료 예시 : 주계약 저해약환급금형,가입금액 3,000만원, 40세, 20년납, 월납 특약 가입금액 1,000만원, 최초계약, 40세, 20년만기(갱신형), 전기월납, 100세만기(비갱신형), 저해약환급금형(비갱신형) (다만, 무배당 표적항암약물허가치료특약(갱신형)2형의 경우 10년만기(갱신형)) 4. 보장범위지수 산출시 개별상품 암진단 위험보험료는 암(기타피부암,대장점막내암,특정갑상선암,초기유방암(여성에 한함) 및 전립선암 제외) 진단보험금 1,000만원, 초기유방암(여성에 한함) 및 전립선암 진단보험금 400만원, 특정갑상선암, 양성뇌종양/경계성종양/기타피부암/대장점막내암/제자리암 진단보험금 200만원 기준으로 산출되었습니다. ■선택기재사항 1. 주계약 납입기간 : 5년납/10년납/15년납/20년납/25년납/30년납 2. 주계약 가입한도 : 100만원 ~ 10,000만원 3. 보험기간 종료일은 피보험자의 100세 계약해당일 4. 교보New헬스케어서비스 암특화형"
23,,,0,0,"■필수기재사항 1.가입나이: 최초계약 - 15세 ~ 최대80세 (성별로 상이함), 갱신계약 - 35세 ~ 99세 2.보험기간: 최초계약 - 20년만기(갱신형) 갱신계약 - 1~20년만기(갱신형) 3.보험료 예시 : 주계약 가입금액 3,000만원, 최초계약, 40세, 20년만기(갱신형), 전기월납 특약 가입금액 1,000만원, 최초계약, 40세, 20년만기(갱신형), 전기월납 (다만, 무배당 표적항암약물허가치료특약(간편가입/갱신형)2형의 경우 10년만기(갱신형)) 4.보장범위지수 산출시 개별상품 암진단 위험보험료는 암(기타피부암,대장점막내암,특정갑상선암,초기유방암(여성에 한함) 및 전립선암 제외) 진단보험금 1,000만원, 초기유방암(여성에 한함) 및 전립선암 진단보험금 400만원, 특정갑상선암, 양성뇌종양/경계성종양/기타피부암/대장점막내암/제자리암 진단보험금 200만원 기준으로 산출되었습니다. ■선택기재사항 1. 간편심사보험 2. 납입기간 : 전기월납 3. 주계약 가입한도 : 1,000만원 ~ 10,000만원 4. 최종 갱신계약의 보험기간 종료일은 피보험자의 100세 계약해당일 5. 교보New헬스케어서비스(암특화형)"
24,,,0,0,"■필수기재사항 1.가입나이: 최초계약 - 15세 ~ 최대80세 (성별로 상이함), 갱신계약 - 35세 ~ 99세 2.보험기간: 최초계약 - 20년만기(갱신형) 갱신계약 - 1~20년만기(갱신형) 3.보험료 예시 : 주계약 가입금액 3,000만원, 40세, 최초계약, 40세, 20년만기(갱신형), 전기월납 특약 가입금액 1,000만원, 최초계약, 40세, 20년만기(갱신형), 전기월납 (다만, 무배당 표적항암약물허가치료특약(갱신형)2형의 경우 10년만기(갱신형)) 4.보장범위지수 산출시 개별상품 암진단 위험보험료는 암(기타피부암,대장점막내암,특정갑상선암,초기유방암(여성에 한함) 및 전립선암 제외) 진단보험금 1,000만원, 초기유방암(여성에 한함) 및 전립선암 진단보험금 400만원, 특정갑상선암, 양성뇌종양/경계성종양/기타피부암/대장점막내암/제자리암 진단보험금 200만원 기준으로 산출되었습니다. ■선택기재사항 1. 납입기간 : 전기월납 2. 주계약 가입한도 : 1,000만원 ~ 10,000만원 3. 최종 갱신계약의 보험기간 종료일은 피보험자의 100세 계약해당일 4. 교보New헬스케어서비스(암특화형)"
25,15,60,,,"■필수기재사항 1. 가입나이 : 만15세 ~ 60세(보험기간, 납입기간별로 상이함) 2. 보험기간 : 10/20년만기, 60/70세만기 3. 보험료 예시 기준 : 40세가입, 70세만기, 20년납, 주계약 가입금액 3,000만원 4. 보장범위지수 예시 기준 : 40세가입, 10년만기, 전기납 5. 보장범위지수 세부산출 기준 보장범위지수 산출시 개별상품의 '암진단' 위험보험료는 암('유방암' 및 '전립선암' 제외) 진단자금 1,000만원, '유방암 또는 전립선암' 진단자금 400만원, 소액암 진단자금 100만원 기준으로 산출되었고, 개별상품의 '암입원' 위험보험료는 암 입원비 5만원, 소액암 입원비 1만원 기준으로 산출되었습니다. ※ 암 : 기타피부암, 대장점막내암, 갑상선암을 제외한 암 ■선택기재사항 1. 장애인전용보험 2.(무)암사망특약은 종속특약으로 보험료 예시에는 포함되지 아니함."
26,,,,,"1. 가입나이  - 1종(암보장형) 남자 0세~55세, 여자 0세~62세 2. 보험기간: 80세만기, 100세만기, 110세만기 3. 보험종류  - 1종(암보장형) / 2종(2대질병보장형) / 3종(3대질병보장형) 4. 보험료 및 보험가격지수 예시기준 : 40세, 80세만기, 20년납, 월납, 가입금액 3천만원, 1종(암보장형) 기준 5. 보장범위지수 예시기준 : 남자, 40세, 10년만기, 10년납 기준"
27,,,,,"1. 보험기간 : 10,20,30년 만기(최초계약), 5년 만기, 100세 만기(갱신계약) 2. 보험종류 : 최초계약, 갱신계약 3. 가입나이 : 15세 ~ 75세(최초계약), 25세 ~ 99세(갱신계약) 4. 납입기간 : 전기납 5. 납입주기 : 월납 6. 보험가격지수 산출기준 : 가입금액 3,000만원, 40세, 20년만기, 20년납, 월납 7. 보험료 산출기준 : 가입금액(주보험 5,000만원, 유사암진단특약 1,000만원), 40세, 30년만기, 30년납, 월납 8. 보장범위지수 산출기준 : 남자, 40세, 10년만기, 10년납, 월납, 가입금액(주보험 1,000만원, 유사암진단특약 200만원) 9. 특이사항 : 암 걱정없는 암치료보험(갱신형) 무배당은 주계약 암(유사암 제외) 진단 보장 및 특약 부가를 통하여 암 치료 전 여정을 보장하는 암보험입니다. 암의 발생 이전 암 검사, 진단, 수술, 입원, 통원, 항암치료 및 항암치료 이후 부작용 보장까지 암의 치료 과정에서 발생할 수 있는 다양한 위험을 보장합니다."
28,,,,,"1. 보험기간 : 80, 90, 100세 만기(기본형, 해약환급금이 없는 유형), 10년 만기(갱신형 최초계약), 5년 만기, 100세 만기(갱신형 갱신계약) 2. 보험종류 : 기본형, 해약환급금이 없는 유형, 갱신형 3. 가입나이 : 0 ~ 60세(기본형, 해약환급금이 없는 유형, 갱신형 최초계약), 10 ~ 99세(갱신형 갱신계약) 4. 납입기간 : 10,15,20, 25, 30년납, 전기납 5. 납입주기 : 월납 6. 보험가격지수 산출기준 : 갱신형, 가입금액 3,000만원, 40세, 10년만기, 전기납, 월납 7. 보험료 산출기준 : 갱신형, 가입금액 3,000만원, 40세, 10년만기, 전기납, 월납 8. 보장범위지수 산출기준 : 남자, 40세, 10년만기, 10년납, 월납 (위험보험료 진단금 기준 : 일반암 1,000만원, 여성유방암 또는 전립선암 200만원, 유사암(기타피부암, 갑상선암(중증갑상선암 제외), 대장점막내암, 비침습방광암, 제자리암 및 경계성종양) 100만원) 9. 특약 보험기간, 납입기간: 10년만기, 10년납 10. 특이사항 : 「온라인 암보험 무배당」은 주계약의 암진단보험금을 중심으로 고액암진단 및 각종 항암치료관련 특약을 부가해 암진단부터 암치료까지 폭넓은 보장을 설계할 수 있는 상품입니다."
29,,,,,"1. 보험기간 : 80, 90, 100세 만기(기본형, 해약환급금이 없는 유형), 10년 만기(갱신형 최초계약), 5년 만기, 100세 만기(갱신형 갱신계약) 2. 보험종류 : 기본형, 해약환급금이 없는 유형, 갱신형 3. 가입나이 : 0 ~ 60세(기본형, 해약환급금이 없는 유형, 갱신형 최초계약), 10 ~ 99세(갱신형 갱신계약) 4. 납입기간 : 10,15,20, 25, 30년납, 전기납 5. 납입주기 : 월납 6. 보험가격지수 산출기준 : 해약환급금이 없는 유형, 가입금액 3,000만원, 40세, 80세만기, 20년납, 월납 7. 보험료 산출기준 : 해약환급금이 없는 유형, 가입금액 3,000만원, 40세, 80세만기, 20년납, 월납 8. 보장범위지수 산출기준 : 남자, 40세, 10년만기, 10년납, 월납 (위험보험료 진단금 기준 : 일반암 1,000만원, 여성유방암 또는 전립선암 200만원, 유사암(기타피부암, 갑상선암(중증갑상선암 제외), 대장점막내암, 비침습방광암, 제자리암 및 경계성종양) 100만원) 9. 특약 보험기간, 납입기간:  - 해약환급금이 없는 유형: 80세만기, 20년납  - 갱신형: 10년만기, 10년납 10. 특이사항 : 「온라인 암보험 무배당」은 주계약의 암진단보험금을 중심으로 고액암진단 및 각종 항암치료관련 특약을 부가해 암진단부터 암치료까지 폭넓은 보장을 설계할 수 있는 상품입니다."
30,,,,,"1. 보험기간 : 80, 90, 100세 만기(기본형, 해약환급금이 없는 유형), 10년 만기(갱신형 최초계약), 5년 만기, 100세 만기(갱신형 갱신계약) 2. 보험종류 : 기본형, 해약환급금이 없는 유형, 갱신형 3. 가입나이 : 0 ~ 60세(기본형, 해약환급금이 없는 유형, 갱신형 최초계약), 10 ~ 99세(갱신형 갱신계약) 4. 납입기간 : 10,15,20, 25, 30년납, 전기납 5. 납입주기 : 월납 6. 보험가격지수 산출기준 : 기본형, 가입금액 3,000만원, 40세, 80세만기, 20년납, 월납 7. 보험료 산출기준 : 기본형, 가입금액 3,000만원, 40세, 80세만기, 20년납, 월납 8. 보장범위지수 산출기준 : 남자, 40세, 10년만기, 10년납, 월납 (위험보험료 진단금 기준 : 일반암 1,000만원, 여성유방암 또는 전립선암 200만원, 유사암(기타피부암, 갑상선암(중증갑상선암 제외), 대장점막내암, 비침습방광암, 제자리암 및 경계성종양) 100만원) 9. 특약 보험기간, 납입기간: 갱신형 - 10년만기, 10년납 기본형 - 80세만기, 20년납 10. 특이사항 : 「온라인 암보험 무배당」은 주계약의 암진단보험금을 중심으로 고액암진단 및 각종 항암치료관련 특약을 부가해 암진단부터 암치료까지 폭넓은 보장을 설계할 수 있는 상품입니다."
31,19,60,,,"1. 보험기간 : 5년만기, 10년만기 2. 보험종류 : 남성형, 여성형 3. 가입나이 : 만19세 ~ 최대 60세 4. 납입기간 : 일시납, 전기납 5. 납입주기 : 일시납, 월납, 연납 6. 보험가격지수 산출기준 : 40세, 10년만기, 전기납, 월납, 가입금액 1,000만원(단, [여성형]은 500만원) 7. 보험료 산출기준 : 40세, 10년만기, 전기납, 월납, 가입금액 1,000만원 (단, [여성형]은 500만원) 8. 보장범위지수 산출기준 : 남성형, 40세, 10년만기, 10년납, 월납, 보험가입금액 1000만원 9. 특이사항 : 「온라인 더 잘고른 미니암보험 무배당」은 인터넷으로 직접 가입하는 '주요암' 보장 상품으로 만19세부터 60세까지 저렴한 보험료로 가입이 가능합니다."
32,15,75,,,"1. 보험종목  -. 일반형, 325간편심사형, 355간편심사형  -. 표준형, 해약환급금 미지급형Ⅲ 2. 가입나이: 만15세 ~ 최대 75세 3. 보험기간: 80세, 90세, 95세, 100세만기 4. 보험료 납입기간 및 납입주기: 10년, 15년, 20년, 25년, 30년납 / 월납 5. 보험료 예시기준: 일반형, 해약환급금 미지급형Ⅲ, 40세, 주계약 보험가입금액 100만원,80세만기, 20년납, 월납 6. 보험가격지수 예시기준: 일반형, 해약환급금 미지급형Ⅲ, 40세, 주계약 보험가입금액 500만원, 80세만기, 20년납, 월납 7. 보장범위지수 예시기준: 일반형, 해약환급금 미지급형Ⅲ, 40세, 일반암 1,000만원, 유방암 및 남녀생식기암 1,000만원, 소액암 200만원, 10년만기, 전기납, 남자 8. 특약보험료 예시기준  -. (무)소액치료비암진단특약, (무)유방암 및 남녀생식기관련암 진단특약, (무)일반암진단특약: 일반형, 해약환급금 미지급형Ⅲ, 80세만기, 20년납, 월납  -. (무)표적항암약물치료특약Ⅱ(갱신형): 일반형, 10년만기, 전기납, 최초계약, 월납"
33,15,75,,,"1. 보험종목  -. 일반형, 325간편심사형, 355간편심사형  -. 표준형, 해약환급금 미지급형Ⅲ 2. 가입나이: 만15세 ~ 최대 75세 3. 보험기간: 80세, 90세, 95세, 100세만기 4. 보험료 납입기간 및 납입주기: 10년, 15년, 20년, 25년, 30년납 / 월납 5. 보험료 예시기준: 일반형, 표준형, 40세, 주계약 보험가입금액 100만원, 80세만기, 20년납, 월납 6. 보험가격지수 예시기준: 일반형, 표준형, 40세, 주계약 보험가입금액 500만원, 80세만기, 20년납, 월납 7. 보장범위지수 예시기준: 일반형, 표준형, 40세, 일반암 1,000만원, 유방암 및 남녀생식기암 1,000만원, 소액암 200만원, 10년만기, 전기납, 남자 8. 특약보험료 예시기준  -. (무)소액치료비암진단특약, (무)유방암 및 남녀생식기관련암 진단특약, (무)일반암진단특약: 일반형, 표준형, 80세만기, 20년납, 월납  -. (무)표적항암약물치료특약Ⅱ(갱신형): 일반형, 10년만기, 전기납, 최초계약, 월납"
34,,,,,"1. 보험종목: 갱신형, 표준형, 해약환급금 미지급형Ⅲ 2. 가입나이: 최소 0세 ~ 최대 60세 3. 보험기간  -. 갱신형: 10년만기(갱신형)  -. 표준형 및 해약환급금 미지급형Ⅲ: 20년만기, 80세만기, 100세만기 4. 보험료 납입기간  -. 갱신형: 전기납  -. 표준형 및 해약환급금 미지급형Ⅲ: 전기납, 10년납, 20년납, 80세납 5. 보험료 예시기준: 갱신형, 40세, 주계약 보험가입금액 1,000만원, 10년만기, 전기납, 월납 6. 보험가격지수 예시기준: 갱신형, 40세, 주계약 보험가입금액 1,000만원, 10년만기, 전기납, 월납 7. 보장범위지수 예시기준: 갱신형, 40세, 일반암 1,000만원, 소액암 200만원, 10년만기, 전기납, 남자"
35,,,,,"1. 보험종목: 갱신형, 표준형, 해약환급금 미지급형Ⅲ 2. 가입나이: 최소 0세 ~ 최대 60세 3. 보험기간  -. 갱신형: 10년만기(갱신형)  -. 표준형 및 해약환급금 미지급형Ⅲ: 20년만기, 80세만기, 100세만기 4. 보험료 납입기간  -. 갱신형: 전기납  -. 표준형 및 해약환급금 미지급형Ⅲ: 전기납, 10년납, 20년납, 80세납 5. 보험료 예시기준: 해약환급금 미지급형Ⅲ 40세, 주계약 보험가입금액 1,000만원, 80세만기, 20년납, 월납 6. 보험가격지수 예시기준: 해약환급금 미지급형Ⅲ 40세, 주계약 보험가입금액 1,000만원, 80세만기, 20년납, 월납 7. 보장범위지수 예시기준: 해약환급금 미지급형Ⅲ, 40세, 일반암 1,000만원, 소액암 200만원, 10년만기, 전기납, 남자"
36,,,,,"1. 보험종목: 갱신형, 표준형, 해약환급금 미지급형Ⅲ 2. 가입나이: 최소 0세 ~ 최대 60세 3. 보험기간  -. 갱신형: 10년만기(갱신형)  -. 표준형 및 해약환급금 미지급형Ⅲ: 20년만기, 80세만기, 100세만기 4. 보험료 납입기간  -. 갱신형: 전기납  -. 표준형 및 해약환급금 미지급형Ⅲ: 전기납, 10년납, 20년납, 80세납 5. 보험료 예시기준: 표준형, 40세, 주계약 보험가입금액 1,000만원, 80세만기, 20년납, 월납 6. 보험가격지수 예시기준: 표준형, 40세, 주계약 보험가입금액 1,000만원, 80세만기, 20년납, 월납 7. 보장범위지수 예시기준: 표준형, 40세, 일반암 1,000만원, 소액암 200만원, 10년만기, 전기납, 남자"
37,,,,,"1. 보험종목  -. 암보장형(20년 일시지급형, 25년 일시지급형)  -. 3대질병보장형(20년 일시지급형, 25년 일시지급형) 2. 가입나이: 30세 ~ 최고 65세 3. 보험기간: 90세, 110세만기 4. 보험료 납입기간: 5년, 10년, 15년, 20년, 25년납 5. 보험료 납입주기: 월납, 연납 6. 보험료 예시기준: 암보장형 20년 일시지급형, 40세, 주계약 보험가입금액 3,000만원, 90세만기, 20년납, 월납, 건강관리자금 제외 7. 보험가격지수 예시기준: 암보장형 20년 일시지급형, 40세, 주계약 보험가입금액 3,000만원, 90세만기, 20년납, 월납 8. 보장범위지수 예시기준: 암보장형 20년 일시지급형, 40세, 일반암 1,000만원, 소액암 200만원, 10년만기, 전기납, 남자"
38,,,,,"1. 보험기간 : 10년, 20년만기 갱신형, 최대 100세 만기 * 최종 갱신계약의 보험기간 만료일은 피보험자의 100세 계약해당일로 한다. * 최종 갱신계약의 보험기간 만료일이 '10년만기의 경우 10년', '20년만기의 경우 20년' 미만일 경우에는 갱신일부터 최종 갱신계약의 보험기간 만료일까지를 보험기간으로 합니다. 2. 납입기간 : 전기납 3. 가입연령 : 만19세 ~ 최고 60세 4. 보험료 및 보험가격지수 예시기준 : 주계약 가입금액 3,000만원, 남/여 40세, 20년만기, 전기납, 월납 5. 보장범위지수 세부산출 기준 - 남자, 40세, 10년만기, 전기납, 월납, 최초계약기준 - 암 진단자금 1,000만원, 소액암(기타피부암, 갑상선암, 제자리암 및 경계성종양)진단자금 200만원 6. 선택특약 예시 기준 - (무)항암약물치료보장특약Ⅱ(갱신형)(O), (무)항암방사선치료보장특약Ⅱ(갱신형)(O), (무)특정항암호르몬약물허가치료보장특약Ⅱ(갱신형)(O), (무)항암양성자방사선치료보장특약Ⅱ(갱신형)(O): 10년만기 전기납 갱신형 * 기타 자세한 사항은 상품요약서 참조"
39,,,,,"1. 상품형태: 1종(암보장형), 2종(2대질환보장형), 3종(3대질환보장형), 4종(치매보장형) 2. 보험기간: 100세만기 3. 납입기간: 3, 5, 7, 10, 15년납 4. 가입연령: 16세 ~ 최고 58세 (가입조건별 상이) 5. 보험료 및 보험가격지수 예시기준: 1종(암보장형), 40세, 100세만기, 15년납, 월납, 가입금액 3,000만원 6. 보장범위지수: 1종(암보장형), 남자 40세, 10년만기, 전기납, 월납 ※ 기타 자세한 사항은 상품요약서 참조"
40,15,70,,,"1. 가입나이: 실속형- 만15세~최고70세, 보장체증형- 만15세~최고70세 2. 보험기간: 실속형: 10, 20, 30년만기, 80, 90, 100세만기, 보장체증형: 20, 30년만기, 80, 90, 100세만기 3. 상품형태: 실속형 / 보장체증형 4. 보험료 예시기준: 실속형, 80세만기, 20년납, 40세, 가입금액 2,000만원 5. 특약 보험료 예시기준: (무)표적항암약물허가치료특약(갱신형)(최초계약, 10년만기, 10년납), (무)특정면역항암약물허가치료특약(갱신형)(최초계약, 5년만기, 5년납), 그 외 특약(80세만기, 20년납) 6. 보험가격지수 예시기준: 실속형, 80세만기, 20년납, 40세, 가입금액 2,000만원 7. 보장범위지수 세부산출 기준 : 개별상품 위험보험료는 삭감기간 1년, 고액치료비관련암진단비 5,000만원, 고액치료비관련암이외의암진단비 1,000만원, 기타피부암, 갑상선암, 제자리암, 경계성종양 진단비 각 200만원 기준으로 산출"
41,15,70,,,"1. 가입나이: 실속형- 만15세~최고70세, 보장체증형- 만15세~최고70세 2. 보험기간: 실속형: 10, 20, 30년만기, 80, 90, 100세만기, 보장체증형: 20, 30년만기, 80, 90, 100세만기 3. 상품형태: 실속형 / 보장체증형 4. 보험료 예시기준: 실속형, 80세만기, 20년납, 40세, 가입금액 2,000만원 5. 특약 보험료 예시기준: (무)표적항암약물허가치료특약(갱신형)(최초계약, 10년만기, 10년납), (무)특정면역항암약물허가치료특약(갱신형)(최초계약, 5년만기, 5년납), 그 외 특약(80세만기, 20년납) 6. 보험가격지수 예시기준: 실속형, 80세만기, 20년납, 40세, 가입금액 2,000만원 7. 보장범위지수 세부산출 기준 : 개별상품 위험보험료는 삭감기간 1년, 고액치료비관련암진단비 5,000만원, 고액치료비관련암이외의암진단비 1,000만원, 기타피부암, 갑상선암, 제자리암, 경계성종양 진단비 각 200만원 기준으로 산출"
42,,,,,"1. 가입연령 : 만15세~70세 2. 보험기간 및 납입기간 : 20년만기 전기납, 최초계약기준 3. 보험가입금액 : 1,000만원~ 1억원 4. 보험가격지수 예시기준 : 20년만기 20년납, 월납, 40세, 가입금액 3천만원 5. 보험료 예시 기준 : 주계약가입금액 3,000만원 / 의무부가특약 2종 - 무배당 360 3대특정암진단특약(갱신형) 및 무배당 360 소액암진단특약(갱신형) 보험가입금액 각 3,000만원, 600만원 / 40세 남,여 / 20년만기 20년납 월납 최초계약기준 주계약 : 남자 15,000 / 여자 9,900원 무배당 360 3대특정암진단특약(갱신형) : 남자 1,200원, 여자 13,200원 무배당 360 소액암진단특약(갱신형) : 남자 840원, 여자 2,820원 6. 보장범위지수 세부산출 기준 : 40세남, 10년만기, 전기납, 월납, 최초계약기준 보장범위지수 산출시 개별상품 위험보험료는 일반암진단보험금 1,000만원, 유방암및남녀생식기암진단보험금 1,000만원, 소액암진단보험금 1,000만원 기준으로 산출."
43,,,,,"1. 가입연령 : 20세 ~ 60세 2. 보험기간 및 납입기간 : 1년 만기 및 일시납 3. 보험가입금액 : 500만원 4. 보험가격지수 예시 기준 : 1년만기, 일시납, 가입금액 500만원, 40세 5. 보장범위지수 예시 기준 : 1년만기, 월납, 40세 남, 가입금액 1,000만원 6. 보험료 예시 기준 : 가입금액 500만원, 40세 남/여, 1년만기, 일시납"
44,,,,,"1. 가입연령 : 20세 ~ 60세 2. 보험기간 및 납입기간 : 1년 만기 및 일시납 3. 보험가입금액 : 500만원 4. 보험가격지수 예시 기준 : 1년만기, 일시납, 가입금액 500만원, 40세 5. 보장범위지수 예시 기준 : 1년만기, 월납, 가입금액 1,000만원, 40세 남 6. 보험료 예시 기준 : 가입금액 500만원, 40세 남/여, 1년만기, 일시납"
45,,,,,"1. 가입연령 : 20세 ~ 60세 2. 보험기간 및 납입기간 : 1년 만기 및 일시납 3. 보험가입금액 : 500만원 4. 보험가격지수 예시 기준 : 1년만기, 일시납, 가입금액 500만원, 40세 5. 보장범위지수 예시 기준 : 1년만기, 월납, 40세 남, 가입금액 1,000만원 6. 보험료 예시 기준 : 가입금액 500만원, 40세 남/여, 1년만기, 일시납"
46,,,,,"1. 가입연령 : 20세 ~ 60세 2. 보험기간 및 납입기간 : 1년 만기 및 일시납 3. 보험가입금액 : 500만원 4. 보험가격지수 예시 기준 : 1년만기, 일시납, 가입금액 500만원, 40세 5. 보장범위지수 예시 기준 : 1년만기, 월납, 가입금액 1,000만원, 40세 남 6. 보험료 예시 기준 : 가입금액 500만원, 40세 남/여, 1년만기, 일시납"
47,,,,,"1. 가입나이: 최초계약기준 30세 ~ 최대 75세 2. 보험기간: 최초계약 10년/20년/30년만기, 갱신계약 1~10년만기 3. 납입기간 : 최초계약 전기납, 갱신계약 전기납 ※ 최종 갱신계약의 보험기간 만료일은 피보험자의 100세 계약해당일 ※ 최종 갱신계약의 보험기간 만료일이 10년 미만일 경우에는 갱신일로부터 최종 갱신계약의 보험기간 만료일까지를 보험기간으로 합니다. 4. 보험료(주계약) 기준 : 40세, 20년만기, 전기납, 월납, 가입금액:3,000만원(주계약), 2,000만원((무)특정암진단특약W(갱신형), 600만원((무)소액암진단특약W(갱신형)) 5. 보험료(특약) 기준 : 40세, 20년만기, 20년남, 월납, 특약가입금액 1,000만원 6. 보험가격지수 기준 : 40세, 20년만기, 전기납, 월납, 가입금액 3,000만원 7. 보장범위지수 세부산출 기준 보장범위지수 산출시 개별상품 위험보험료는 40세, 남자, 10년만기, 전기납, 월납, 주요암진단금 1,000만원, 특정암진단금 1,00만원, 소액암진단금 200만원 기준으로 산출되었습니다. ※ (무)특정암진단특약W(갱신형), (무)소액암진단특약W(갱신형)은 의무부가특약으로 포함하여 산출"
48,15,75,,,"1. 가입나이: 최초계약기준 만15세 ~ 75세 2. 보험기간: 최초계약 10년/20년/30년만기, 갱신계약 1~10년만기 3. 납입기간 : 최초계약 전기납, 갱신계약 전기납 ※ 최종 갱신계약의 보험기간 만료일은 피보험자의 100세 계약해당일 ※ 최종 갱신계약의 보험기간 만료일이 10년 미만일 경우에는 갱신일로부터 최종 갱신계약의 보험기간 만료일까지를 보험기간으로 합니다. 4. 보험료(주계약) 기준 : 40세, 20년만기, 전기납, 월납, 가입금액:3,000만원(주계약), 3,000만원((무)특정암진단특약W(갱신형), 600만원((무)소액암진단특약W(갱신형)) 5. 보험료(특약) 기준 : 40세, 20년만기, 20년납, 월납, 특약가입금액 1,000만원 6. 보험가격지수 기준 : 40세, 20년만기, 전기납, 월납, 가입금액 3,000만원 7. 보장범위지수 세부산출 기준 보장범위지수 산출시 개별상품 위험보험료는 40세, 남자, 10년만기, 전기납, 월납, 주요암진단금 1,000만원, 특정암진단금 1,00만원, 소액암진단금 200만원 기준으로 산출되었습니다. ※ (무)특정암진단특약W(갱신형), (무)소액암진단특약W(갱신형)은 의무부가특약으로 포함하여 산출"
49,19,64,,,"1. 상품형태 : 표준형, 해약환급금 미지급형 2. 가입나이 : 여자 만19세 ~ 64세 3. 보험기간 : 80세, 100세만기 4. 납입기간 : 10년납, 20년납, 전기납 5. 보험료 기준 : 표준형, 여자, 40세, 80세만기, 전기납, 월납, 가입금액 3,000만원 6. 보험가격지수 기준 : 표준형, 여자, 40세, 80세만기, 20년납, 월납, 가입금액 3,000만원 7. 보장범위지수 기준 : 표준형, 여자, 40세, 10년만기, 10년납, 월납, 가입금액 1,000만원"
50,19,64,,,"1. 상품형태 : 표준형, 해약환급금 미지급형 2. 가입나이 : 여자 만19세 ~ 64세 3. 보험기간 : 80세, 100세만기 4. 납입기간 : 전기납 5. 보험료 기준 : 해약환급금 미지급형, 여자, 40세, 80세만기, 전기납, 월납, 가입금액 3,000만원 6. 보험가격지수 기준 : 해약환급금 미지급형, 여자, 40세, 80세만기, 전기납, 월납, 가입금액 3,000만원 7. 보장범위지수 기준 : 해약환급금 미지급형, 여자, 40세, 10년만기, 10년납, 월납, 가입금액 1,000만원"
51,,,,,"1. 상품형태 : 표준형, 해약환급금 미지급형 2. 가입나이: 만19 ~ 최대 64세 3. 보험기간: 80, 100세만기 4. 납입기간 : 전기납 5. 보험료 기준 : 표준형, 40세, 80세만기, 전기납, 월납, 가입금액 3,000만원 6. 보험가격지수 기준 : 표준형, 40세, 80세만기, 전기납, 월납, 가입금액 3,000만원 7. 보장범위지수 기준 : 표준형, 남자40세, 10년만기, 10년납, 월납, 가입금액 1,000만원"
52,,,,,"1. 상품형태 : 표준형, 해약환급금 미지급형 2. 가입나이: 만19 ~ 최대 64세 3. 보험기간: 80, 100세만기 4. 납입기간 : 전기납 5. 보험료 기준 : 해약환급금 미지급형, 40세, 80세만기, 전기납, 월납, 가입금액 3,000만원 6. 보험가격지수 기준 : 해약환급금 미지급형, 40세, 80세만기, 전기납, 월납, 가입금액 3,000만원 7. 보장범위지수 기준 : 해약환급금 미지급형, 남자40세, 10년만기, 10년납, 월납, 가입금액 1,000만원"
53,,,,,"1. 상품형태 : 표준형, 해약환급금 미지급형 2. 가입나이: 만19 ~ 최대 64세 3. 보험기간: 80, 100세만기 4. 납입기간 : 전기납 5. 보험료 기준 : 표준형, 40세, 80세만기, 전기납, 월납, 가입금액 3,000만원 6. 보험가격지수 기준 : 표준형, 40세, 80세만기, 전기납, 월납, 가입금액 3,000만원 7. 보장범위지수 기준 : 표준형, 남자40세, 10년만기, 10년납, 월납, 가입금액 1,000만원 8. 이 상품은 제휴업체 회원들을 대상으로 보험계약이 이루어질 경우의 상품으로 상품명 앞에 제휴업체명이 들어가 있습니다."
54,,,,,"1. 상품형태 : 표준형, 해약환급금 미지급형 2. 가입나이: 만19 ~ 최대 64세 3. 보험기간: 80, 100세만기 4. 납입기간 : 전기납 5. 보험료 기준 : 해약환급금 미지급형, 40세, 80세만기, 전기납, 월납, 가입금액 3,000만원 6. 보험가격지수 기준 : 해약환급금 미지급형, 40세, 80세만기, 전기납, 월납, 가입금액 3,000만원 7. 보장범위지수 기준 : 해약환급금 미지급형, 남자40세, 10년만기, 10년납, 월납, 가입금액 1,000만원 8. 이 상품은 제휴업체 회원들을 대상으로 보험계약이 이루어질 경우의 상품으로 상품명 앞에 제휴업체명이 들어가 있습니다."
55,19,60,,,"1. 보험기간 : 10/20/30년만기, 60/70/80세만기 2. 보험형태 : 해약환급금 미지급형, 일반형 3. 가입나이 : 만19세 ~ 60세 4. 보험료 예시기준 : 일반형, 가입금액 3,000만원 남ㆍ여 40세, 80세만기, 20년납, 월납 (주계약, 특약 동일 조건) 5. 보장범위지수 산출시 개별상품 위험보험료 기준 ·암진단급여금 : 1,000만원 ·여성유방암진단급여금: 300만원 ·전립선암진단급여금 : 300만원 ·소액암진단금 : 100만원"
56,19,60,,,"1. 보험기간 : 10/20/30년만기, 60/70/80세만기 2. 보험형태 : 해약환급급 미지급형, 일반형 3. 가입나이 : 만19세 ~ 60세 4. 보험료 예시기준 : 해약환급금 미지급형, 가입금액 3,000만원 남ㆍ여 40세, 80세만기, 20년납, 월납(주계약 특약 동일 조건) 5. 보장범위지수 산출시 개별상품 위험보험료 기준 ·암진단급여금 : 1,000만원 ·여성유방암진단급여금: 300만원 ·전립선암진단급여금 : 300만원 ·소액암진단금 : 100만원"
57,15,70,,,"1. 보험기간 : 10년/20년만기 (최대 100세까지 갱신 가능) 만15세~70세 (간편심사형: 만15세~80세) 2. 가입나이 : 최초계약 만15세~70세 (간편심사형: 만15세~80세), 갱신계약 25~99세(20년만기 35~99세) 3. 보험료 예시기준 : 간편심사(335)형, 최초계약, 주계약 보험가입금액 3,000만원, 40세, 20년만기, 전기납, 월납 4. 보험가격지수 산출기준 : 간편심사(335)형, 최초계약, 주계약 보험가입금액 3,000만원, 40세, 20년만기, 전기납, 월납 5. 보장범위지수 산출시 개별상품 위험보험료 기준 : 간편심사(335)형, 40세, 일반암 진단금 1,000만원 / 소액암 진단금 100만원"
58,,,,,"1. 보험기간 : 10년/20년만기 (최대 100세까지 갱신 가능) 2. 가입나이 : (일반심사형)최초계약 15세 ~ 70세, 갱신계약 25~99세(20년만기 35~99세), (간편심사형) 최초계약 30세 ~ 80세, 갱신계약 40~99세(20년만기 50~99세) 3. 보험료 예시기준 : 최초계약, 일반심사형, 주계약 보험가입금액 3,000만원, 특약가입금액 1,000만원, 40세, 20년만기((간편)암주요치료비특약(무배당, 갱신형)의 경우 10년만기), 전기납, 월납 4. 보험가격지수 산출기준 : 일반심사형, 최초계약, 주계약 보험가입금액 3,000만원, 40세, 20년만기, 전기납, 월납 5. 보장범위지수 산출시 개별상품 위험보험료 기준 : 일반심사형, 40세, 일반암 진단금 1,000만원 / 소액암 진단금 100만원"
59,,,0,0,"1. 가입나이 : 40세 ~ 75세 2. 보험기간 : 20년만기 3. 납입기간 : 전기납 4. 납입주기 : 월납 5. 가입한도  - 주계약 : 1,000만원 ~ 2,000만원 - 특약(무배당 간편가입 더보장 암진단특약Ⅱ(갱신형)) : 주계약과 동일금액 부가 6. 보험료 및 보험가격지수 예시 : 간편심사형, 가입금액 2,000만원, 40세, 20년 만기, 전기납, 월납 7. 주계약 지급금액  - 진단확정일부터 5년동안 매월 지급해당일(60회 확정지급) : 매월 200만원  - 진단확정일부터 5년이 되는 지급해당일(1회 확정지급) : 2,400만원 8. 특약 지급사유 및 지급금액  - 보험기간 중 피보험자가 암보장개시일 이후에 ""유방암"" 또는 ""전립선암""으로 진단확정 되었을 경우 (단, 최초 1회 진단확정에 한하여 지급)  : (최초계약)보험계약일부터 1년 미만인 경우 400만원 / (최초계약)보험계약일부터 1년 이후인 경우 800만원 / 갱신계약인 경우 800만원  - 보험기간 중 피보험자가 암보장개시일 이후에 ""기타피부암"", ""갑상선암"", ""제자리암"", ""경계성종양"" 및 ""대장점막내암""으로 진단확정 되었을 경우 (단, 각각 최초 1회 진단확정에 한하여 지급)  : (최초계약)보험계약일부터 1년 미만인 경우 200만원 / (최초계약)보험계약일부터 1년 이후인 경우 400만원 / 갱신계약인 경우 400만원 9. 보장범위지수 기준 : 간편심사형, 남자40세, 10년만기, 전기납, 월납"
60,15,65,0,0,"1. 가입나이 : 만15세 ~ 65세 2. 보험기간 : 20년만기 3. 납입기간 : 전기납 4. 납입주기 : 월납 5. 가입한도  - 주계약 : 1,000만원 ~ 2,000만원 - 특약(무배당 간편가입 더보장 암진단특약Ⅱ(갱신형)) : 주계약과 동일금액 부가 6. 보험료 및 보험가격지수 예시 : 일반심사형, 가입금액 2,000만원, 40세, 20년 만기, 전기납, 월납 7. 주계약 지급금액  - 진단확정일부터 5년동안 매월 지급해당일(60회 확정지급) : 매월 200만원  - 진단확정일부터 5년이 되는 지급해당일(1회 확정지급) : 2,400만원 8. 특약 지급사유 및 지급금액  - 보험기간 중 피보험자가 암보장개시일 이후에 ""유방암"" 또는 ""전립선암""으로 진단확정 되었을 경우 (단, 최초 1회 진단확정에 한하여 지급)  : (최초계약)보험계약일부터 1년 미만인 경우 400만원 / (최초계약)보험계약일부터 1년 이후인 경우 800만원 / 갱신계약인 경우 800만원  - 보험기간 중 피보험자가 암보장개시일 이후에 ""기타피부암"", ""갑상선암"", ""제자리암"", ""경계성종양"" 및 ""대장점막내암""으로 진단확정 되었을 경우 (단, 각각 최초 1회 진단확정에 한하여 지급)  : (최초계약)보험계약일부터 1년 미만인 경우 200만원 / (최초계약)보험계약일부터 1년 이후인 경우 400만원 / 갱신계약인 경우 400만원 9. 보장범위지수 기준 : 간편심사형, 남자40세, 10년만기, 전기납, 월납"
61,15,60,0,0,"1. 가입나이 : 만15세 ~ 60세 2. 보험기간 : 15년 만기 3. 납입기간 : 전기납 4. 납입주기 : 월납 5. 가입한도  - 주계약 : 1,000만원~2,000만원 (가입단위 100만원 단위)  - 특약(무배당 더보장 암진단특약(갱신형)) : 1,000만원~2,000만원 (주계약과 동일금액 부과)  - 특약(무배당 암사망특약(갱신형)) : 5,000만원~1억원 (주계약의 5배이상 부과)  - 특약(무배당 암진단특약(갱신형)) : 1,000만원~5,000만원 6. 보험료 및 보험가격지수 예시 : 가입금액 2,000만원, 40세, 15년 만기, 전기납, 월납 7. 특약 지급사유 및 지급금액  (1) 무배당 더보장 암진단특약(갱신형)  - 보험기간 중 피보험자가 암보장개시일 이후에 ""유방암"" 또는 ""전립선암""으로 진단확정 되었을 경우 (단, 최초 1회 진단확정에 한하여 지급)  : (최초계약)보험계약일부터 1년 미만인 경우 400만원 / (최초계약)보험계약일부터 1년 이후인 경우 800만원 / 갱신계약인 경우 800만원  - 보험기간 중 피보험자가 암보장개시일 이후에 ""기타피부암"", ""갑상선암"", ""제자리암"", ""경계성종양"" 및 ""대장점막내암""으로 진단확정 되었을 경우 (단, 각각 최초 1회 진단확정에 한하여 지급)  : (최초계약)보험계약일부터 1년 미만인 경우 200만원 / (최초계약)보험계약일부터 1년 이후인 경우 400만원 / 갱신계약인 경우 400만원  (2) 무배당 암진단특약(갱신형)  - [암진단보험금Ⅰ] 보험기간 중 피보험자가 암보장개시일 이후에 “암”으로 진단확정 되었을 경우 (단, 최초 1회 진단확정에 한하여 지급)  : (최초계약)보험계약일부터 1년 미만인 경우 200만원 / (최초계약)보험계약일부터 1년 이후인 경우 400만원 / 갱신계약인 경우 400만원  - 이외의 지급사유 및 지급금액은 상품요약서 참조 8. 보장범위지수 기준 : 남자40세, 10년만기, 전기납, 월납 (해당 보장범위지수는 주된암 생활비 지급사유가 발생한 이후 5년 생존시를 가정하여 산출)"
62,,,,,"1. 가입연령 : 25세 ~ 65세 2. 보험기간 : 10년만기, 20년 만기 3. 상품형태 : 순수보장형 4. 납입주기 : 연납, 일시납 5. 납입기간 : 전기납, 일시납 6. 보험료 예시기준: 40세, 20년만기, 전기납, 연납, 모든보장 선택시, 가입금액 1,000만원 7. 보험가격지수 예시기준 : 40세, 20년만기, 전기납, 모든보장 선택시, 가입금액 1,000만원 8. 보장범위지수 기준 : 40세, 10년 만기, 전기납기준"
63,,,,,"1. 가입나이: 최초계약 61세~80세 2. 보험기간: 최초계약 또는 갱신계약 10년/86세 이상 갱신시 100세만기 3. 보험료 납입기간: 전기납 4. 보험료 납입주기: 월납/ 연납 5. 보험가격지수 예시 기준: 남자, 65세, 10년만기, 전기납, 월납, 가입금액 1,000만원 6. 보장범위지수 예시 기준: 남자, 60세, 10년만기, 전기납, 월납, 가입금액 1,000만원 (보장범위지수 산출시 개별상품 위험보험료는 일반암진단금 1,000만원, 소액암진단금 100만원, 고액암진단금 2,000만원 기준으로 산출) 7. 보험료 예시 기준: 65세, 10년만기, 전기납, 월납, 가입금액 1,000만원"
64,15,55,0,5000000,"1. 가입나이 : 만15세~55세 2. 보험기간 : 10년만기 3. 납입기간 : 10년납 4. 가입한도 : 1,000만원 ~ 2,500만원(가입단위 : 500만원) * 주계약 보험료 예시 : 40세, 최초계약, 가입금액 2,000만원, 10년만기, 10년납, 월납 기준 * 선택특약 보험료 예시  - ZERO 나를위한 추가암진단특약 무배당/갱신형: 최초계약, 가입금액 1,000만원, 40세, 10년만기, 10년납, 월납 기준  - 보험료납입면제특약 무배당/갱신형_3형(암진단형Ⅱ) : 최초계약, 가입금액 주계약 기본보험료의 10배, 40세, 10년만기, 10년납, 월납 기준 * 보장범위지수 예시 : 남자 40세, 가입금액 고액암 2,000만원, ""초기 이외의 갑상선암"" 또는 「갑상선암, 유방암」이외의 암 1,000만원, 유방암 500만원, 기타피부암, 갑상선암, 경계성종양, 제자리암, 대장점막내암 100만원, 10년만기, 10년납, 월납 기준 * 보험가격지수 예시 : 남자 40세, 가입금액 2,000만원, 10년만기, 10년납, 월납 기준 5. 보험료납입면제특약 가입금액은 주계약 기본보험료의 10배로함."
65,,,0,0,"1. 가입나이 : 30세~60세 2. 보험기간 : 10년/20년만기 3. 납입기간 : 전기납 4. 가입한도 : 1,000만원 ~ 6,000만원(가입단위 : 1,000만원) 5. 의무부가특약 : 특정암진단특약Ⅱ(T) 무배당/갱신형 * 주계약 보험료 예시 : 최초계약, 주계약 및 의무부가특약 가입금액 3,000만원, 40세, 20년만기, 20년납, 월납 기준 * 선택특약 보험료 예시 - 특정암진단특약Ⅱ(T) 무배당/갱신형 : 최초계약, 가입금액 3,000만원, 40세, 20년만기, 20년납, 월납 기준  - 항암방사선약물치료특약(T) 무배당/갱신형, 암수술특약Ⅲ(T) 무배당/갱신형 : 최초계약, 가입금액 1,000만원, 40세, 20년만기, 20년납, 월납 기준  - 표적항암약물허가치료특약(T) 무배당/갱신형 : 최초계약, 가입금액 1,000만원, 40세, 10년만기, 10년납, 월납 기준 * 보험가격지수 예시 : 남자 40세, 가입금액 3,000만원, 20년만기, 20년납, 월납 기준 * 보장범위지수 예시 : 남자 40세, 주계약 암 1,000만원, 기타피부암, 갑상선암, 경계성종양, 제자리암, 대장점막내암 100만원, 의무부가특약 특정암 1,000만원, 10년만기, 10년납, 월납 기준"
66,,,0,0,"1. 가입나이 : 40세~최대 70세 2. 보험기간 : 10년/20년만기 3. 납입기간 : 전기납 4. 가입한도 : 1,000만원 ~ 최대 4,000만원(가입단위 : 1,000만원) 5. 의무부가특약 : 특정암진단특약Ⅱ(T) 간편가입 무배당/갱신형 * 주계약 보험료 예시 : 최초계약, 주계약 가입금액 3,000만원(의무부가특약 가입금액 2,000만원), 40세, 20년만기, 20년납, 월납 기준 * 선택특약 보험료 예시 - 특정암진단특약Ⅱ(T) 간편가입 무배당/갱신형 : 최초계약, 가입금액 2,000만원, 40세, 20년만기, 20년납, 월납 기준  - 항암방사선약물치료특약(T) 무배당/갱신형 : 최초계약, 가입금액 1,000만원, 40세, 20년만기, 20년납, 월납 기준  - 암수술특약Ⅲ(T) 무배당/갱신형 : 최초계약, 가입금액 500만원, 40세, 20년만기, 20년납, 월납 기준  - 표적항암약물허가치료특약(T) 무배당/갱신형 : 최초계약, 가입금액 1,000만원, 40세, 10년만기, 10년납, 월납 기준 * 보험가격지수 예시 : 남자 40세, 가입금액 3,000만원, 20년만기, 20년납, 월납 기준 * 보장범위지수 예시 : 남자 40세, 주계약 암 1,000만원, 기타피부암, 갑상선암, 경계성종양, 제자리암, 대장점막내암 100만원, 의무부가특약 특정암 1,000만원, 10년만기, 10년납, 월납 기준"
67,,,,,"1. 가입나이 : 최초계약 기준 15~60세 2. 보험기간 : 10년 3. 납입기간 : 전기납 4. 보험료 및 보험가격지수 작성기준 : 최초계약, 40세, 10년만기, 전기납, 월납, 가입금액 3,000만원 5. 보장범위지수 예시기준 : 최초계약, 40세, 10년만기, 전기납, 월납, 암 1,000만원, 갑상선암•기타피부암•제자리암•경계성종양 200만원 기준"
68,,,,,"1. 가입나이 : 최초계약 기준 15~60세 2. 보험기간 : 10년,20년 3. 납입기간 : 전기납 4. 보험료 및 보험가격지수 작성기준 : 최초계약, 40세, 20년만기, 전기납, 월납, 가입금액 1,000만원 5. 보장범위지수 예시기준 : 최초계약, 40세, 10년만기, 전기납, 월납, 암(유방암/전립선암제외) 1,000만원, 유방암/전립선암 200만원, 갑상선암•기타피부암•제자리암•경계성종양 100만원 기준"
69,,,,,"1. 가입나이: 최초계약 기준 30세 ~ 80세 2. 보험기간: 10년만기 갱신형, ※최종 갱신계약의 보험기간 만료일은 피보험자의 100세 계약해당일 3. 납입기간: 전기납 4. 보험료 예시기준: 최초계약, 40세, 10년 만기, 전기납, 월납, 보험가입금액: 주계약 3,000만원 5. 보험가격지수 예시기준: 최초계약, 40세, 10년 만기, 전기납, 월납, 주계약 가입금액 3,000만원 6. 보장범위지수 기준: 최초계약, 남자, 40세, 10년 만기, 전기납, 월납, 개별상품 위험보험료 보험가입금액: 주계약 1,000만원, 의무부가특약 (무)라이나초간편소액암진단특약(갱신형) 200만원 7. 이 상품은 일반심사보험 대비 보험료가 할증되어 있습니다. 의사의 건강검진을 받거나 일반심사를 할 경우 이 보험보다 저렴한 일반심사보험에 가입할 수 있습니다."
70,,,,,"1. 가입나이: 최초계약 기준 61세 ~ 80세 2. 보험기간: 10년만기 3. 납입기간: 전기납 4. 보험료 예시기준: 최초계약, 71세, 10년만기, 전기납, 월납, 가입금액 3,000만원 5 보험가격지수 예시기준 : 최초계약, 71세, 10년만기, 전기납, 월납, 가입금액 3,000만원 6. 보장범위지수 예시기준 : 최초계약, 60세, 10년만기, 전기납, 월납, 암(유방암/전립선암 제외) 1,000만원, 유방암/전립선암 200만원, 갑상선암•기타피부암•제자리암•경계성종양 100만원 기준"
71,,,,,"1. 가입나이: 최초계약 기준 30-60세(10년만기), 30-60세(20년만기) 2. 보험기간: 10년만기, 20년만기 3. 납입기간: 전기납 4. 납입방법: 월납, 연납 5. 보험료 및 보험료가격지수 예시기준: 최초계약, 40세, 20년만기, 전기납, 월납 6. 보장범위지수 예시기준: 최초계약, 40세, 10년만기, 전기납, 월납, 암 1,000만원, 기타피부암/갑상선암/경계성종양/제자리암(상피내암) 각각 200만원 기준"
72,,,,,"1. 가입나이 : 최초계약 기준 15~최대 70세 (다만, 보험기간별로 상이) 2. 보험기간 : 10년 만기, 80세 만기 3. 납입기간 : 전기납 4. 납입주기: 월납 5. 보험료 및 보험가격지수 작성기준 : 최초계약, 40세, 10년만기, 전기납, 월납, 보험가입금액 3,000만원 6. 보장범위지수 예시기준: 40세, 10년만기, 전기납, 월납, 암(유방암 전립선암 제외) 1,000만원, 유방암/전립선암 200만원, 갑상선암•기타피부암•제자리암•경계성종양 100만원"
73,,,,,"1. 가입나이 : 최초계약 기준 15~최대 70세 (다만, 보험기간별로 상이) 2. 보험기간 : 10년 만기, 80세 만기 3. 납입기간 : 전기납 4. 납입주기: 월납 5. 보험료 및 보험가격지수 작성기준 : 최초계약, 40세, 10년만기, 전기납, 월납, 보험가입금액 3,000만원 6. 보장범위지수 예시기준 : 전기납, 월납, 암 1,000만원, 갑상선암•기타피부암•제자리암•경계성종양 100만원 기준"
74,,,,,"1. 가입나이: 최초계약 기준 15세 ~ 60세 2. 보험기간: 10년만기 3. 납입기간: 전기납 4. 보험료 및 보험가격지수 예시기준: 최초계약, 40세, 10년만기, 전기납, 월납, 보험가입금액 3,000만원 기준 5. 보장범위지수 예시기준 : 최초계약, 40세, 10년만기, 전기납, 월납, 암(유방암/전립선암 제외) 1,000만원, 유방암/전립선암 200만원, 갑상선암•기타피부암•제자리암•경계성종양 100만원 기준"
75,,,,,"1. 가입나이: 최초계약 기준 42-60세(10년만기), 40-60세(20년만기) 2. 보험기간: 10년만기, 20년만기 3. 납입기간: 전기납 4. 납입방법: 월납, 연납 5. 보험료 및 보험료가격지수 예시기준: 최초계약, 40세, 20년만기, 전기납, 월납 6. 보장범위지수 예시기준: 최초계약, 40세, 10년만기, 전기납, 월납, 암 1,000만원, 기타피부암/갑상선암/경계성종양/제자리암(상피내암) 각각 200만원 기준"
76,,,,,"1. 가입나이: 최초계약 기준 15세 ~ 60세 2. 보험기간: 10년만기 3. 납입기간: 전기납 4. 보험료 및 보험가격지수 예시기준: 최초계약, 40세, 10년만기, 전기납, 월납, 보험가입금액 3,000만원 기준 5. 보장범위지수 예시기준 : 최초계약, 40세, 10년만기, 전기납, 월납, 암(유방암/전립선암 제외) 1,000만원, 유방암/전립선암 200만원, 갑상선암•기타피부암•제자리암•경계성종양 100만원 기준"
77,,,,,"1. 가입나이 : 최초계약 기준 30~80세 2. 보험기간 : 10년 3. 납입기간 : 전기납 4. 보험료 및 보험가격지수 작성기준 : 최초계약, 40세, 10년만기, 전기납, 월납, 가입금액 1,000만원 5. 보장범위지수 예시기준 : 최초계약, 40세, 10년만기, 전기납, 월납, 암(유방암/전립선암제외) 1,000만원, 유방암/전립선암 200만원, 갑상선암•기타피부암•제자리암•경계성종양 100만원 기준"
78,,,,,"1. 가입나이 : 20세 ~ 70세 2. 보험기간 : 10년만기 3. 납입기간 : 10년납 4. 보험료 예시기준 : 40세, 10년만기, 전기월납, 가입금액 3,000만원 5. 보험가격지수 예시기준 : 40세, 10년만기, 전기월납, 가입금액 3,000만원 6. 보장범위지수 예시기준 : 40세, 10년만기, 전기월납, 암(유방암/전립선암 포함) 1,000만원"
79,,,,,"1. 가입나이: 최초계약 기준 20세 ~ 50세 2. 보험기간: 10년만기 3. 납입기간: 전기납 4. 보험료 및 보험가격지수 예시기준: 최초계약, 40세, 10년만기, 전기납, 월납, 가입금액 3,000만원 5. 보험료는 다이렉트 홈페이지에서 직접 가입 시 3% 할인이 적용된 보험료 6. 보장범위지수 예시기준 : 최초계약, 40세, 10년만기, 전기납, 월납, 암(유방암/전립선암 제외) 1,000만원, 유방암/전립선암 200만원, 갑상선암•기타피부암•제자리암•경계성종양 100만원 기준"
80,,,,,"1. 보험기간: 10년만기 갱신, 20년만기 갱신 (최대 100세까지 보장) 2. 납입기간: 전기납 3. 가입연령: (최초계약) 30세~80세 4. 보험가격지수: 20년만기, 전기월납, 40세, 주계약 1형 300구좌[신일반암진단급여금 3,000만원 기준] 5. 보장범위지수: 남자 40세, 10년만기, 전기월납, 주계약 1형 100구좌[신일반암진단급여금 1,000만원 기준] 6. 보험료: 최초계약, 20년만기, 전기월납, 40세, 주계약 1형 300구좌[신일반암진단급여금 3,000만원 기준] 단, (무) 꼭 필요한 표적항암약물허가치료특약 (갱신형) 최초계약, 10년만기, 전기월납, 40세, 30구좌[표적항암약물허가치료급여금 3,000만원 기준]  (무) 항암세기조절방사선치료특약 (갱신형) 1형 최초계약, 10년만기, 전기월납, 40세, 5구좌[항암세기조절방사선치료급여금 500만원 기준]  (무) 신일반암직접치료특약 (갱신형) 1형 최초계약, 20년만기, 전기월납, 40세, 10구좌[암직접치료급여금 1,000만원 기준]  (무) 항암양성자방사선치료특약 (갱신형) 1형 최초계약, 10년만기, 전기월납, 40세, 10구좌[항암양성자방사선치료급여금 1,000만원 기준] 7. 법인대리점채널의 경우 일부 특약의 부가가능여부 등의 계약인수 관련사항은 회사가 별도로 정한 기준에 따라 제한될 수 있습니다."
81,,,,,"1. 보험기간: 10년만기 갱신, 20년만기 갱신 (최대 100세까지 보장) 2. 납입기간: 전기납 3. 가입연령: (최초계약) 만15세~70세 4. 보험가격지수: 20년만기, 전기월납, 40세, 주계약 2형 300구좌[신일반암진단급여금 3,000만원 기준] 5. 보장범위지수: 남자 40세, 10년만기, 전기월납, 주계약 2형 100구좌[신일반암진단급여금 1,000만원 기준] 6. 보험료: 최초계약, 20년만기, 전기월납, 40세, 주계약 2형 300구좌[신일반암진단급여금 3,000만원 기준] 단, (무) 표적항암약물허가치료특약 (갱신형) 최초계약, 10년만기, 전기월납, 40세, 30구좌[표적항암약물허가치료급여금 3,000만원 기준]  (무) 항암세기조절방사선치료특약 (갱신형) 2형 최초계약, 10년만기, 전기월납, 40세, 5구좌[항암세기조절방사선치료급여금 500만원 기준]  (무) 신일반암직접치료특약 (갱신형) 2형 최초계약, 20년만기, 전기월납, 40세, 10구좌[암직접치료급여금 1,000만원 기준]  (무) 항암양성자방사선치료특약 (갱신형) 2형 최초계약, 10년만기, 전기월납, 40세, 10구좌[항암양성자방사선치료급여금 1,000만원 기준] 7. 법인대리점채널의 경우 일부 특약의 부가가능여부 등의 계약인수 관련사항은 회사가 별도로 정한 기준에 따라 제한될 수 있습니다."
82,,,,,"1. 보험기간:10년만기 갱신 (최대 100세까지 보장) 2. 납입기간:전기납 3. 가입연령:(최초계약)30세~90세 4. 보험가격지수:10년만기, 전기월납, 40세, 주계약 1형 300구좌[일반암진단급여금 3,000만원] 기준 5. 보장범위지수: 남자 40세, 10년만기, 전기월납, 주계약 1형 100구좌[일반암진단급여금 1,000만원] 기준 6. 보험료: 최초계약, 10년만기, 전기월납, 40세, 주계약 1형 300구좌 기준  단, (무) 초간편 표적항암약물허가치료특약 (갱신형) 최초계약, 10년만기, 전기월납, 40세, 10구좌[표적항암약물허가치료급여금 1,000만원 기준]  (무) 초간편 뇌경색증진단특약 (갱신형) 최초계약, 10년만기, 전기월납, 40세, 10구좌[뇌경색증진단급여금 1,000만원 기준]  (무) 초간편 뇌출혈진단특약 (갱신형) 최초계약, 10년만기, 전기월납, 40세, 100구좌[뇌출혈진단급여금 1,000만원 기준]  (무) 초간편 고액암특약 (갱신형) 최초계약, 10년만기, 전기월납, 40세, 10구좌 고액암진단급여금 1,000만원 기준]"
83,,,,,"1. 보험기간: 10년만기 갱신 (최대 100세까지 보장) 2. 납입기간: 전기납 3. 가입연령: (최초계약)20세~65세 4. 보험가격지수: 40세, 10년만기, 전기월납, 주계약 300구좌[일반암진단급여금 3,000만원] 기준 5. 보장범위지수: 남자 40세, 10년만기, 전기월납, 주계약 100구좌[일반암진단급여금 1,000만원] 기준 6. 보험료: 최초계약, 10년만기, 전기월납, 40세, 주계약 300구좌[일반암진단급여금 3,000만원] 기준 단, (무) 신 고액암특약O (갱신형) 최초계약, 10년만기, 전기월납, 40세, 30구좌[고액암진단급여금 3,000만원 기준]  (무) 신 뇌출혈진단특약O (갱신형) 최초계약, 10년만기, 전기월납, 40세, 10구좌[뇌출혈진단급여금 1,000만원 기준]  (무) 신 급성심근경색증진단특약O (갱신형) 최초계약, 10년만기, 전기월납, 40세, 10구좌[급성심근경색증진단급여금 1,000만원 기준]  (무) 표적항암약물허가치료특약O (갱신형) 최초계약, 10년만기, 전기월납, 40세, 10구좌[표적항암약물허가치료급여금 1,000만원 기준]"
84,,,,,"1. 보험기간:10년만기 갱신 (최대 100세까지 보장) 2. 납입기간:전기납 3. 가입연령:(최초계약)만15세~70세 4. 보험가격지수:10년만기, 전기월납, 40세, 주계약 300구좌[일반암진단급여금 3,000만원] 기준 5. 보장범위지수: 남자 40세, 10년만기, 전기월납, 주계약 100구좌[일반암진단급여금 1,000만원] 기준 6. 보험료: 최초계약, 10년만기, 전기월납, 40세, 주계약 300구좌 기준 단, (무) 표적항암약물허가치료특약 (갱신형) 최초계약, 10년만기, 전기월납, 40세, 10구좌[표적항암약물허가치료급여금 1,000만원 기준]  (무) 계속받는 표적항암약물허가치료특약 (갱신형) 최초계약, 10년만기, 전기월납, 40세, 10구좌[계속받는 표적항암약물허가치료급여금 100만원 기준]"
85,,,0,60000,"1. 가입나이 : 0세 ~ 70세 2. 가입한도 : 1,000만원 단일 3. 보험기간 : 20년, 100세 만기 4. 판매채널 : 대면채널, 방카슈랑스(농·축협) 5. 위 보험료 및 보험가격지수 예시는 주계약[1형(일반가입형) 6만원형] 가입금액 1,000만원, 40세, 100세만기, 월납, 20년납 기준입니다. 6. 위 특약보험료 예시는 월납, 최초가입, 일반가입형, 40세 기준이며, 암진단특약(갱,무)_H, 플러스암직접치료통원특약(갱,무)_H 담보의 경우 가입금액 1,000만원, 20년만기, 20년납 기준이며, 표적항암약물허가치료특약(갱,무)_C, 플러스항암방사선ㆍ약물치료특약(갱,무)_C 담보의 경우 가입금액 1,000만원, 10년만기, 10년납 기준입니다."
86,,,0,0,"1. 가입나이 : 20세 ~ 60세 2. 가입한도 : 최저 1,000만원 ~ 4,000만원, 1,000만원단위 3. 보험기간 : 100세 만기 4. 판매채널 : CM 5. 위 보험료 및 보험가격지수 예시는 40세, 2종(비갱신형), 2형(일반가입형), 100세 만기, 월납, 20년납, 가입금액 3,000만원, 최초계약기준입니다. 6. 보장범위지수 산출시 개별상품 위험보험료는 일반암진단보험금 1,000만원, 유방암 또는 남녀생식기관련암진단보험금 300만원, 소액암진단보험금 200만원(대장점막내암 포함), 고액암진단보험금 2,000만원 기준으로 산출되었습니다."
87,,,0,0,"1. 가입나이 : 20세 ~ 60세 2. 가입한도 : 최저 1,000만원 ~ 4,000만원, 1,000만원단위 3. 보험기간 : 20년만기, 갱신시 최대 100세까지 갱신가능 4. 판매채널 : CM 5. 위 보험료 및 보험가격지수 예시는 40세, 1종(갱신형), 2형(일반가입형), 20년만기, 월납, 전기납, 가입금액 3,000만원, 최초계약기준입니다. 6. 보장범위지수 산출시 개별상품 위험보험료는 일반암진단보험금 1,000만원, 유방암 또는 남녀생식기관련암진단보험금 300만원, 소액암진단보험금 200만원(대장점막내암 포함), 고액암진단보험금 2,000만원 기준으로 산출되었습니다."
88,,,5000000,0,"1. 가입나이 : 15세 ~ 75세 2. 가입한도 : 최저 500만원 ~ 3,000만원, 500만원단위 3. 보험기간 : 80/100세 만기 4. 판매채널 : 대면채널, 방카슈랑스(농·축협) 5. 위 보험료 예시는 주계약[2종(비갱신형) 2형(일반가입형) 순수보장형] 가입금액 3,000만원, 40세, 80세만기, 월납, 20년납 기준입니다. 6. 위 특약보험료 예시는 월납, 최초가입, 40세 기준이며, 항암방사선ㆍ약물치료특약(갱,무)_C, 표적항암약물허가치료특약(갱,무)_C 담보의 경우 가입금액 1,000만원, 10년만기, 10년납 기준이며 암직접치료입원특약Ⅱ(갱,무)_C 담보의 경우 가입금액 500만원, 10년만기, 10년납 기준이며, 소액암진단특약Ⅱ(무)_C(의무부가) 담보의 경우 가입금액 1.000만원, 80세만기, 20년납 기준입니다. 7. 보장범위지수 산출시 개별상품 위험보험료는 일반암진단보험금 1,000만원, 전립선암진단보험금 600만원, 소액암진단보험금 200만원(대장점막내암 포함) 기준으로 산출되었습니다. 8. 위 보험가격지수 예시는 주계약 보험가입금액 3,000만원, 40세, 80세만기, 월납, 20년납, 최초계약 기준입니다."
89,,,5000000,0,"1. 가입나이 : 15세 ~ 75세 2. 가입한도 : 최저 500만원 ~ 3,000만원, 500만원단위 3. 보험기간 : 80/100세 만기 4. 판매채널 : 대면채널, 방카슈랑스(농·축협) 5. 위 보험료 예시는 주계약[2종(비갱신형) 2형(일반가입형) 만기환급형] 가입금액 3,000만원, 40세, 80세만기, 월납, 20년납 기준입니다. 6. 위 특약보험료 예시는 월납, 최초가입, 40세 기준이며, 항암방사선ㆍ약물치료특약(갱,무)_C, 표적항암약물허가치료특약(갱,무)_C 담보의 경우 가입금액 1,000만원, 10년만기, 10년납 기준이며 암직접치료입원특약Ⅱ(갱,무)_C 담보의 경우 가입금액 500만원, 10년만기, 10년납 기준이며, 소액암진단특약Ⅱ(무)_C(의무부가) 담보의 경우 가입금액 1,000만원, 80세만기, 20년납 기준입니다. 7. 보장범위지수 산출시 개별상품 위험보험료는 일반암진단보험금 1,000만원, 전립선암진단보험금 600만원, 소액암진단보험금 200만원(대장점막내암 포함) 기준으로 산출되었습니다. 8. 위 보험가격지수 예시는 주계약 보험가입금액 3,000만원, 40세, 80세만기, 월납, 20년납, 최초계약 기준입니다."
90,,,5000000,5000000,"1. 가입나이 : 만 15세 ~ 79세 2. 가입한도 : 최저 500만원 ~ 2,500만원, 500만원단위 3. 보험기간 : 90세/100세 만기 4. 판매채널 : 대면채널, 방카슈랑스(농·축협), TM 5. 위 보험료 예시는 주계약[2종(비갱신형), 2형(일반가입형)] 가입금액 2,500만원, 40세, 90세만기, 월납, 20년납 기준입니다. 6. 위 특약보험료 예시는 월납, 2형(일반가입형), 최초가입, 40세, 10년만기, 10년납 기준이며, 플러스항암방사선ㆍ약물치료특약(갱,무)_C, 항암양성자방사선치료특약(갱,무)_C 담보의 경우 가입금액 1,000만원, 암직접치료입원특약Ⅱ(갱,무)_C 담보의 경우 가입금액 500만원이며, 소액암진단특약Ⅱ(무)_C[2형(일반가입형)](의무부가) 가입금액 1,000만원, 90세만기, 20년납 기준입니다. 7. 보장범위지수 산출시 개별상품 위험보험료는 일반암진단보험금 1,000만원, 전립선암진단보험금 600만원, 소액암진단보험금 200만원(대장점막내암 포함) 기준으로 산출되었습니다. 8. 위 보험가격지수 예시는 주계약 보험가입금액 2,500만원, 2형(일반가입형), 40세, 20년만기, 월납, 전기납, 최초계약 기준입니다."
91,,,0,0,"1. 가입나이 : 15세 ~ 75세 2. 가입한도 : 최저 1,000만원 ~ 3,000만원, 1,000만원단위 3. 보험기간 : 20년 만기 4. 판매채널 : 대면채널, 방카슈랑스(농·축협) 5. 위 보험료 예시는 주계약[1종(갱신형) 2형(일반가입형) 건강관리형] 가입금액 3,000만원, 40세, 20년만기, 월납, 20년납 기준입니다. 6. 위 특약보험료 예시는 월납, 최초가입, 40세 기준이며, 항암방사선ㆍ약물치료특약(갱,무)_C, 표적항암약물허가치료특약(갱,무)_C 담보의 경우 가입금액 1,000만원, 10년만기, 10년납 기준이며 암직접치료입원특약Ⅱ(갱,무)_C 담보의 경우 가입금액 500만원, 10년만기, 10년납 기준이며, 소액암진단특약Ⅱ(갱,무)_C(의무부가) 담보의 경우 가입금액 1,000만원, 20년만기, 20년납 기준입니다. 7. 보장범위지수 산출시 개별상품 위험보험료는 일반암진단보험금 1,000만원, 전립선암진단보험금 600만원, 소액암진단보험금 200만원(대장점막내암 포함) 기준으로 산출되었습니다. 8. 위 보험가격지수 예시는 주계약 보험가입금액 3,000만원, 40세, 20년만기, 월납, 전기납, 최초계약 기준입니다."
92,,,5000000,5000000,"1. 가입나이 : 만 15세 ~ 80세 2. 가입한도 : 최저 500만원 ~ 2,500만원, 500만원단위 3. 보험기간 : 20년만기, 갱신시 최대 100세까지 갱신가능 4. 판매채널 : 대면채널, 방카슈랑스(농·축협), TM 5. 위 보험료 예시는 주계약[1종(갱신형), 2형(일반가입형)] 가입금액 2,500만원, 40세, 20년만기, 월납, 전기납, 최초계약 기준입니다. 6. 위 특약보험료 예시는 월납, 2형(일반가입형), 최초가입, 40세, 10년만기, 10년납 기준이며, 플러스항암방사선ㆍ약물치료특약(갱,무)_C, 항암양성자방사선치료특약(갱,무)_C 담보의 경우 가입금액 1,000만원, 암직접치료입원특약Ⅱ(갱,무)_C 담보의 경우 가입금액 500만원이며, 소액암진단특약Ⅱ(갱,무)_C[2형(일반가입형)](의무부가) 가입금액 1,000만원, 20년만기, 20년납 기준입니다. 7. 보장범위지수 산출시 개별상품 위험보험료는 일반암진단보험금 1,000만원, 전립선암진단보험금 600만원, 소액암진단보험금 200만원(대장점막내암 포함) 기준으로 산출되었습니다. 8. 위 보험가격지수 예시는 주계약 보험가입금액 2,500만원, 2형(일반가입형), 40세, 20년만기, 월납, 전기납, 최초계약 기준입니다."
93,,,0,0,"1. 가입나이 : 15세 ~ 75세 2. 가입한도 : 최저 1,000만원 ~ 3,000만원, 1,000만원단위 3. 보험기간 : 20년 만기 4. 판매채널 : 대면채널, 방카슈랑스(농·축협) 5. 위 보험료 예시는 주계약[1종(갱신형) 2형(일반가입형) 순수보장형] 가입금액 3,000만원, 40세, 20년만기, 월납, 20년납 기준입니다. 6. 위 특약보험료 예시는 월납, 최초가입, 40세 기준이며, 항암방사선ㆍ약물치료특약(갱,무)_C, 표적항암약물허가치료특약(갱,무)_C 담보의 경우 가입금액 1,000만원, 10년만기, 10년납 기준이며 암직접치료입원특약Ⅱ(갱,무)_C 담보의 경우 가입금액 500만원, 10년만기, 10년납 기준이며, 소액암진단특약Ⅱ(갱,무)_C(의무부가) 담보의 경우 가입금액 1,000만원, 20년만기, 20년납 기준입니다. 7. 보장범위지수 산출시 개별상품 위험보험료는 일반암진단보험금 1,000만원, 전립선암진단보험금 600만원, 소액암진단보험금 200만원(대장점막내암 포함) 기준으로 산출되었습니다. 8. 위 보험가격지수 예시는 주계약 보험가입금액 3,000만원, 40세, 20년만기, 월납, 전기납, 최초계약 기준입니다."
94,,,,,"1. 가입나이 : 만 19세 ~ 최고 60세 2. 보험기간 : 80세/90세/100세만기 3. 보험료 예시 기준 : 순수보장형, 비흡연체, 주계약 보험가입금액 3,000만원, 40세, 80세만기, 20년납, 월납 [표준체 보험료 대비 남자기준 5.6%, 여자기준 1.0% 할인된 보험료] 4. 보험료 납입기간 : 20년/30년납, 60세/80세납, 전기납 5. 보험료 납입주기 : 월납 6. 보험가격지수 : 순수보장형, 비흡연체, 보험가입금액 3,000만원, 40세, 80세만기, 20년납, 월납 7. 보장범위지수 : 남자 40세, 10년만기, 전기납, 월납 [암진단 개별상품 위험보험료 : 일반암 1,000만원, 고액암 2,000만원, 유방암 및 전립선암 500만원, 소액암 및 유사암 100만원]"
95,,,,,"1. 가입나이 : 만 19세 ~ 최고 60세 2. 보험기간 : 80세/90세/100세만기 3. 보험료 예시 기준 : 순수보장형, 표준체, 주계약 보험가입금액 3,000만원, 40세, 80세만기, 20년납, 월납 4. 보험료 납입기간 : 20년/30년납, 60세/80세납, 전기납 5. 보험료 납입주기 : 월납 6. 보험가격지수 : 순수보장형, 표준체, 보험가입금액 3,000만원, 40세, 80세만기, 20년납, 월납 7. 보장범위지수 : 남자 40세, 10년만기, 전기납, 월납 [암진단 개별상품 위험보험료 : 일반암 1,000만원, 고액암 2,000만원, 유방암 및 전립선암 500만원, 소액암 및 유사암 100만원]"
96,,,,,"1. 가입나이 : 만 19세 ~ 최대 60세 2. 보험기간 : 80세/90세/100세만기 3. 보험료 예시 기준 : 만기환급형, 비흡연체, 보험가입금액 3,000만원, 40세, 80세만기, 20년납, 월납 [표준체 보험료 대비 남자기준 6.0%, 여자기준 1.0% 할인된 보험료] 4. 보험료 납입기간 : 20년/30년납, 60세/80세납, 전기납 5. 보험료 납입주기 : 월납 6. 보험가격지수 : 만기환급형, 비흡연체, 보험가입금액 3,000만원, 40세, 80세만기, 20년납, 월납 7. 보장범위지수 : 남자 40세, 10년만기, 전기납, 월납 [암진단 개별상품 위험보험료 : 일반암 1,000만원, 고액암 2,000만원, 유방암 및 전립선암 500만원, 소액암 및 유사암 100만원]"
97,,,,,"1. 가입나이 : 만 19세 ~ 최대 60세 2. 보험기간 : 80세/90세/100세만기 3. 보험료 예시 기준 : 만기환급형, 표준체, 보험가입금액 3,000만원, 40세, 80세만기, 20년납, 월납 4. 보험료 납입기간 : 20년/30년납, 60세/80세납, 전기납 5. 보험료 납입주기 : 월납 6. 보험가격지수 : 만기환급형, 표준체, 보험가입금액 3,000만원, 40세, 80세만기, 20년납, 월납 7. 보장범위지수 : 남자 40세, 10년만기, 전기납, 월납 [암진단 개별상품 위험보험료 : 일반암 1,000만원, 고액암 2,000만원, 유방암 및 전립선암 500만원, 소액암 및 유사암 100만원]"
