보험회사명,상품명,유지기간,납입보험료,계약자적립액,적립률,해약환급금,계약자적립액_1,적립률_1,해약환급금_1,최저보증이율,현재공시이율,평균공시이율,확정이율,사업비율,위험보장,확정이율_1,현재공시이율_1,최저보증이율_1,가입유형,유니버셜여부,납입방법,판매채널,판매일자,특이사항,대표번호
한화생명,한화생명 e재테크 저축보험 무배당,1.0,"3,600,000 원","3,622,724 원",100.63 %,"3,622,724 원","3,622,766 원",100.63 %,"3,622,766 원",0.34 %,0.63 %,0.78 %,-,0.69 %,0.0070 %,-,2.22 %,3년 이내 1.2% 3년 초과 5년 이내 0.75% 5년 초과 0.5%,적립,비유니버셜,월납,CM,2025-09-01,"1. 가입나이 : 만 19세 ~ 68세 (단, 2년납은 만 19세 ~ 63세) 2. 가입한도 : 구좌당 5만원 ~ 100만원 3. 보험기간 : 10년만기 4. 납입기간 : 2년납, 3년납, 5년납, 7년납, 전기납 5. 해약환급금 기준 : 40세, 10년만기, 전기납, 월납, 보험료 30만원, 적용이율 2.22% 기준",1588-6363
한화생명,한화생명 e재테크 저축보험 무배당,3.0,"10,800,000 원","10,928,745 원",101.19 %,"10,928,745 원","10,928,867 원",101.19 %,"10,928,867 원",0.45 %,1.19 %,1.67 %,-,2.54 %,0.0073 %,-,2.22 %,3년 이내 1.2% 3년 초과 5년 이내 0.75% 5년 초과 0.5%,적립,비유니버셜,월납,CM,2025-09-01,"1. 가입나이 : 만 19세 ~ 68세 (단, 2년납은 만 19세 ~ 63세) 2. 가입한도 : 구좌당 5만원 ~ 100만원 3. 보험기간 : 10년만기 4. 납입기간 : 2년납, 3년납, 5년납, 7년납, 전기납 5. 해약환급금 기준 : 40세, 10년만기, 전기납, 월납, 보험료 30만원, 적용이율 2.22% 기준",1588-6363
한화생명,한화생명 e재테크 저축보험 무배당,5.0,"18,000,000 원","18,448,227 원",102.49 %,"18,448,227 원","18,448,594 원",102.49 %,"18,448,594 원",0.32 %,2.49 %,3.66 %,-,3.36 %,0.0078 %,-,2.22 %,3년 이내 1.2% 3년 초과 5년 이내 0.75% 5년 초과 0.5%,적립,비유니버셜,월납,CM,2025-09-01,"1. 가입나이 : 만 19세 ~ 68세 (단, 2년납은 만 19세 ~ 63세) 2. 가입한도 : 구좌당 5만원 ~ 100만원 3. 보험기간 : 10년만기 4. 납입기간 : 2년납, 3년납, 5년납, 7년납, 전기납 5. 해약환급금 기준 : 40세, 10년만기, 전기납, 월납, 보험료 30만원, 적용이율 2.22% 기준",1588-6363
한화생명,한화생명 e재테크 저축보험 무배당,7.0,"25,200,000 원","26,303,925 원",104.38 %,"26,303,925 원","26,304,677 원",104.38 %,"26,304,677 원",0.22 %,4.38 %,6.21 %,-,3.72 %,0.0086 %,-,2.22 %,3년 이내 1.2% 3년 초과 5년 이내 0.75% 5년 초과 0.5%,적립,비유니버셜,월납,CM,2025-09-01,"1. 가입나이 : 만 19세 ~ 68세 (단, 2년납은 만 19세 ~ 63세) 2. 가입한도 : 구좌당 5만원 ~ 100만원 3. 보험기간 : 10년만기 4. 납입기간 : 2년납, 3년납, 5년납, 7년납, 전기납 5. 해약환급금 기준 : 40세, 10년만기, 전기납, 월납, 보험료 30만원, 적용이율 2.22% 기준",1588-6363
한화생명,한화생명 e재테크 저축보험 무배당,10.0,"36,000,000 원","38,753,433 원",107.65 %,"38,753,433 원","38,754,907 원",107.65 %,"38,754,907 원",0.34 %,7.65 %,10.50 %,-,3.98 %,0.0097 %,-,2.22 %,3년 이내 1.2% 3년 초과 5년 이내 0.75% 5년 초과 0.5%,적립,비유니버셜,월납,CM,2025-09-01,"1. 가입나이 : 만 19세 ~ 68세 (단, 2년납은 만 19세 ~ 63세) 2. 가입한도 : 구좌당 5만원 ~ 100만원 3. 보험기간 : 10년만기 4. 납입기간 : 2년납, 3년납, 5년납, 7년납, 전기납 5. 해약환급금 기준 : 40세, 10년만기, 전기납, 월납, 보험료 30만원, 적용이율 2.22% 기준",1588-6363
한화생명,한화생명 2030 목돈마련 디딤돌저축보험 무배당,1.0,"3,600,000 원","3,650,200 원",101.39 %,"3,650,200 원","3,650,674 원",101.41 %,"3,650,674 원",-,-,-,5.00 %,1.21 %,0.0573 %,5.00 %,-,-,적립,비유니버셜,월납,대면채널,2025-09-01,"1. 가입나이 : 만 15세~만 39세 2. 가입한도 : 10만원~50만원 3. 보험기간 : 5년만기 4. 보험료 및 해약환급금 기준: 30세, 5년만기, 전기납, 월납, 보험료 30만원, 적용이율 5.00% ※ 보험기간은 회사가 별도로 정한 기준에 따라 적용합니다.",1588-6363
한화생명,한화생명 2030 목돈마련 디딤돌저축보험 무배당,3.0,"10,800,000 원","11,267,131 원",104.33 %,"11,267,131 원","11,269,767 원",104.35 %,"11,269,767 원",-,-,-,5.00 %,3.33 %,0.0577 %,5.00 %,-,-,적립,비유니버셜,월납,대면채널,2025-09-01,"1. 가입나이 : 만 15세~만 39세 2. 가입한도 : 10만원~50만원 3. 보험기간 : 5년만기 4. 보험료 및 해약환급금 기준: 30세, 5년만기, 전기납, 월납, 보험료 30만원, 적용이율 5.00% ※ 보험기간은 회사가 별도로 정한 기준에 따라 적용합니다.",1588-6363
한화생명,한화생명 2030 목돈마련 디딤돌저축보험 무배당,5.0,"18,000,000 원","19,635,258 원",109.08 %,"19,635,258 원","19,640,703 원",109.12 %,"19,640,703 원",-,-,-,5.00 %,3.90 %,0.0579 %,5.00 %,-,-,적립,비유니버셜,월납,대면채널,2025-09-01,"1. 가입나이 : 만 15세~만 39세 2. 가입한도 : 10만원~50만원 3. 보험기간 : 5년만기 4. 보험료 및 해약환급금 기준: 30세, 5년만기, 전기납, 월납, 보험료 30만원, 적용이율 5.00% ※ 보험기간은 회사가 별도로 정한 기준에 따라 적용합니다.",1588-6363
ABL생명,(무)ABL인터넷보너스주는저축보험,1.0,"3,600,000 원","3,497,345 원",97.15 %,"3,497,345 원","3,497,940 원",97.17 %,"3,497,940 원",-3.36 %,-2.85 %,-2.59 %,-,3.97 %,0.0473 %,-,2.25 %,5년이내 1.25% 5년초과 10년이내 1.0% 10년초과 0.5%,적립,비유니버셜,월납,CM,2024-04-01,"1. 가입나이 : 적립형 - 만 15세 ~ 70세 (단, 5년납은 69세까지), 거치형 - 만 15세 ~ 만 80세 2. 가입한도 : 적립형 - 기본보험료 3만원 이상 150만원 이하, 거치형 - 기본보험료 500만원 이상 1억원 미만 3. 보험기간 : 10년만기 4. 해지환급금 예시 기준 : 적립형, 40세, 10년만기, 전기납, 월납보험료 30만원, 2025년 9월 공시이율",0215886500
ABL생명,(무)ABL인터넷보너스주는저축보험,3.0,"10,800,000 원","10,729,375 원",99.35 %,"10,729,375 원","10,731,618 원",99.37 %,"10,731,618 원",-2.16 %,-0.65 %,0.10 %,-,3.97 %,0.0519 %,-,2.25 %,5년이내 1.25% 5년초과 10년이내 1.0% 10년초과 0.5%,적립,비유니버셜,월납,CM,2024-04-01,"1. 가입나이 : 적립형 - 만 15세 ~ 70세 (단, 5년납은 69세까지), 거치형 - 만 15세 ~ 만 80세 2. 가입한도 : 적립형 - 기본보험료 3만원 이상 150만원 이하, 거치형 - 기본보험료 500만원 이상 1억원 미만 3. 보험기간 : 10년만기 4. 해지환급금 예시 기준 : 적립형, 40세, 10년만기, 전기납, 월납보험료 30만원, 2025년 9월 공시이율",0215886500
ABL생명,(무)ABL인터넷보너스주는저축보험,5.0,"18,000,000 원","18,289,771 원",101.61 %,"18,289,771 원","18,294,190 원",101.63 %,"18,294,190 원",-0.93 %,1.60 %,2.90 %,-,3.97 %,0.0568 %,-,2.25 %,5년이내 1.25% 5년초과 10년이내 1.0% 10년초과 0.5%,적립,비유니버셜,월납,CM,2024-04-01,"1. 가입나이 : 적립형 - 만 15세 ~ 70세 (단, 5년납은 69세까지), 거치형 - 만 15세 ~ 만 80세 2. 가입한도 : 적립형 - 기본보험료 3만원 이상 150만원 이하, 거치형 - 기본보험료 500만원 이상 1억원 미만 3. 보험기간 : 10년만기 4. 해지환급금 예시 기준 : 적립형, 40세, 10년만기, 전기납, 월납보험료 30만원, 2025년 9월 공시이율",0215886500
ABL생명,(무)ABL인터넷보너스주는저축보험,7.0,"25,200,000 원","26,193,390 원",103.94 %,"26,193,390 원","26,200,588 원",103.97 %,"26,200,588 원",-0.11 %,3.94 %,5.80 %,-,3.97 %,0.0621 %,-,2.25 %,5년이내 1.25% 5년초과 10년이내 1.0% 10년초과 0.5%,적립,비유니버셜,월납,CM,2024-04-01,"1. 가입나이 : 적립형 - 만 15세 ~ 70세 (단, 5년납은 69세까지), 거치형 - 만 15세 ~ 만 80세 2. 가입한도 : 적립형 - 기본보험료 3만원 이상 150만원 이하, 거치형 - 기본보험료 500만원 이상 1억원 미만 3. 보험기간 : 10년만기 4. 해지환급금 예시 기준 : 적립형, 40세, 10년만기, 전기납, 월납보험료 30만원, 2025년 9월 공시이율",0215886500
ABL생명,(무)ABL인터넷보너스주는저축보험,10.0,"36,000,000 원","39,453,160 원",109.59 %,"39,453,160 원","39,466,148 원",109.63 %,"39,466,148 원",3.26 %,9.59 %,12.38 %,-,3.13 %,0.0718 %,-,2.25 %,5년이내 1.25% 5년초과 10년이내 1.0% 10년초과 0.5%,적립,비유니버셜,월납,CM,2024-04-01,"1. 가입나이 : 적립형 - 만 15세 ~ 70세 (단, 5년납은 69세까지), 거치형 - 만 15세 ~ 만 80세 2. 가입한도 : 적립형 - 기본보험료 3만원 이상 150만원 이하, 거치형 - 기본보험료 500만원 이상 1억원 미만 3. 보험기간 : 10년만기 4. 해지환급금 예시 기준 : 적립형, 40세, 10년만기, 전기납, 월납보험료 30만원, 2025년 9월 공시이율",0215886500
ABL생명,(무)ABL인터넷보너스주는저축보험,1.0,"50,000,000 원","49,940,638 원",99.88 %,"49,940,638 원","49,950,161 원",99.90 %,"49,950,161 원",-1.10 %,-0.11 %,0.37 %,-,2.30 %,0.0334 %,-,2.25 %,5년이내 1.25% 5년초과 10년이내 1.0% 10년초과 0.5%,거치,비유니버셜,일시납,CM,2024-04-01,"1. 가입나이 : 적립형 - 만 15세 ~ 70세 (단, 5년납은 69세까지), 거치형 - 만 15세 ~ 만 80세 2. 가입한도 : 적립형 - 기본보험료 3만원 이상 150만원 이하, 거치형 - 기본보험료 500만원 이상 1억원 미만 3. 보험기간 : 10년만기 4. 해지환급금 예시 기준 : 거치형, 55세, 10년만기, 일시납보험료 5,000만원, 2025년 9월 공시이율",0215886500
ABL생명,(무)ABL인터넷보너스주는저축보험,3.0,"50,000,000 원","51,701,152 원",103.40 %,"51,701,152 원","51,732,824 원",103.47 %,"51,732,824 원",0.37 %,3.40 %,4.93 %,-,3.22 %,0.1085 %,-,2.25 %,5년이내 1.25% 5년초과 10년이내 1.0% 10년초과 0.5%,거치,비유니버셜,일시납,CM,2024-04-01,"1. 가입나이 : 적립형 - 만 15세 ~ 70세 (단, 5년납은 69세까지), 거치형 - 만 15세 ~ 만 80세 2. 가입한도 : 적립형 - 기본보험료 3만원 이상 150만원 이하, 거치형 - 기본보험료 500만원 이상 1억원 미만 3. 보험기간 : 10년만기 4. 해지환급금 예시 기준 : 거치형, 55세, 10년만기, 일시납보험료 5,000만원, 2025년 9월 공시이율",0215886500
ABL생명,(무)ABL인터넷보너스주는저축보험,5.0,"50,000,000 원","53,737,178 원",107.47 %,"53,737,178 원","53,797,294 원",107.59 %,"53,797,294 원",2.27 %,7.47 %,10.15 %,-,3.75 %,0.1993 %,-,2.25 %,5년이내 1.25% 5년초과 10년이내 1.0% 10년초과 0.5%,거치,비유니버셜,일시납,CM,2024-04-01,"1. 가입나이 : 적립형 - 만 15세 ~ 70세 (단, 5년납은 69세까지), 거치형 - 만 15세 ~ 만 80세 2. 가입한도 : 적립형 - 기본보험료 3만원 이상 150만원 이하, 거치형 - 기본보험료 500만원 이상 1억원 미만 3. 보험기간 : 10년만기 4. 해지환급금 예시 기준 : 거치형, 55세, 10년만기, 일시납보험료 5,000만원, 2025년 9월 공시이율",0215886500
ABL생명,(무)ABL인터넷보너스주는저축보험,7.0,"50,000,000 원","55,855,848 원",111.71 %,"55,855,848 원","55,952,433 원",111.90 %,"55,952,433 원",3.68 %,11.71 %,15.63 %,-,4.28 %,0.3098 %,-,2.25 %,5년이내 1.25% 5년초과 10년이내 1.0% 10년초과 0.5%,거치,비유니버셜,일시납,CM,2024-04-01,"1. 가입나이 : 적립형 - 만 15세 ~ 70세 (단, 5년납은 69세까지), 거치형 - 만 15세 ~ 만 80세 2. 가입한도 : 적립형 - 기본보험료 3만원 이상 150만원 이하, 거치형 - 기본보험료 500만원 이상 1억원 미만 3. 보험기간 : 10년만기 4. 해지환급금 예시 기준 : 거치형, 55세, 10년만기, 일시납보험료 5,000만원, 2025년 9월 공시이율",0215886500
ABL생명,(무)ABL인터넷보너스주는저축보험,10.0,"50,000,000 원","60,693,403 원",121.39 %,"60,693,403 원","60,862,244 원",121.72 %,"60,862,244 원",8.80 %,21.38 %,27.39 %,-,5.07 %,0.5193 %,-,2.25 %,5년이내 1.25% 5년초과 10년이내 1.0% 10년초과 0.5%,거치,비유니버셜,일시납,CM,2024-04-01,"1. 가입나이 : 적립형 - 만 15세 ~ 70세 (단, 5년납은 69세까지), 거치형 - 만 15세 ~ 만 80세 2. 가입한도 : 적립형 - 기본보험료 3만원 이상 150만원 이하, 거치형 - 기본보험료 500만원 이상 1억원 미만 3. 보험기간 : 10년만기 4. 해지환급금 예시 기준 : 거치형, 55세, 10년만기, 일시납보험료 5,000만원, 2025년 9월 공시이율",0215886500
ABL생명,(무)ABL인터넷확정금리저축보험,1.0,"3,600,000 원","3,648,007 원",101.33 %,"3,648,007 원","3,648,117 원",101.34 %,"3,648,117 원",-,-,-,1.34 %,0.27 %,0.0080 %,3.00 %,-,-,적립,비유니버셜,월납,CM,2024-04-01,"1. 가입나이 : 만 15세 ~ 최대 70세 2. 가입한도 : 기본보험료 5만원 이상 30만원 이하 3. 보험기간 : 1년만기 4. 해약환급금 예시 기준 : 적립형, 40세, 1년만기, 전기납, 월납보험료 30만원 ※ 이 상품의 약관, 상품요약서 등 세부내용은 당사 홈페이지 상품공시실에서 확인하실 수 있습니다.",0215886500
삼성생명,삼성 스마트저축보험(2501)(무배당),1.0,"3,600,000 원","3,306,510 원",91.85 %,"2,686,790 원","3,307,090 원",91.86 %,"2,687,380 원",-8.81 %,-8.15 %,-7.95 %,-,9.26 %,0.0420 %,-,2.34 %,"가입 후 10년 이내 연복리 1.0%, 10년 초과 연복리 0.5%",적립,비유니버셜,월납,대면채널,2025-01-01,"□ 필수 기재사항 1. 가입나이 : 만15세~최대 75세  ※ 보험기간, 납입기간에 따라 가입나이는 차이가 있을 수 있습니다. 2. 보험기간 : 10,12,15,20년만기 3. 해약환급금 예시기준  - 가입나이 40세, 10년만기, 10년납, 월납, 기본보험료 30만원, 공시이율 연복리 2.34% □ 선택 기재사항 1. 보험료 납입기간 : 7,10,12,15,20년납 / 일시납  ※ 보험기간별로 납입기간은 차이가 있을 수 있습니다.",1588-3114
삼성생명,삼성 스마트저축보험(2501)(무배당),3.0,"10,800,000 원","10,153,100 원",94.01 %,"9,739,950 원","10,155,180 원",94.03 %,"9,742,040 원",-7.90 %,-5.99 %,-5.40 %,-,9.26 %,0.0453 %,-,2.34 %,"가입 후 10년 이내 연복리 1.0%, 10년 초과 연복리 0.5%",적립,비유니버셜,월납,대면채널,2025-01-01,"□ 필수 기재사항 1. 가입나이 : 만15세~최대 75세  ※ 보험기간, 납입기간에 따라 가입나이는 차이가 있을 수 있습니다. 2. 보험기간 : 10,12,15,20년만기 3. 해약환급금 예시기준  - 가입나이 40세, 10년만기, 10년납, 월납, 기본보험료 30만원, 공시이율 연복리 2.34% □ 선택 기재사항 1. 보험료 납입기간 : 7,10,12,15,20년납 / 일시납  ※ 보험기간별로 납입기간은 차이가 있을 수 있습니다.",1588-3114
삼성생명,삼성 스마트저축보험(2501)(무배당),5.0,"18,000,000 원","17,323,560 원",96.24 %,"17,116,990 원","17,327,220 원",96.26 %,"17,120,650 원",-6.98 %,-3.76 %,-2.75 %,-,9.26 %,0.0476 %,-,2.34 %,"가입 후 10년 이내 연복리 1.0%, 10년 초과 연복리 0.5%",적립,비유니버셜,월납,대면채널,2025-01-01,"□ 필수 기재사항 1. 가입나이 : 만15세~최대 75세  ※ 보험기간, 납입기간에 따라 가입나이는 차이가 있을 수 있습니다. 2. 보험기간 : 10,12,15,20년만기 3. 해약환급금 예시기준  - 가입나이 40세, 10년만기, 10년납, 월납, 기본보험료 30만원, 공시이율 연복리 2.34% □ 선택 기재사항 1. 보험료 납입기간 : 7,10,12,15,20년납 / 일시납  ※ 보험기간별로 납입기간은 차이가 있을 수 있습니다.",1588-3114
삼성생명,삼성 스마트저축보험(2501)(무배당),7.0,"25,200,000 원","24,833,010 원",98.54 %,"24,833,010 원","24,838,610 원",98.57 %,"24,838,610 원",-6.04 %,-1.46 %,-0.01 %,-,9.26 %,0.0506 %,-,2.34 %,"가입 후 10년 이내 연복리 1.0%, 10년 초과 연복리 0.5%",적립,비유니버셜,월납,대면채널,2025-01-01,"□ 필수 기재사항 1. 가입나이 : 만15세~최대 75세  ※ 보험기간, 납입기간에 따라 가입나이는 차이가 있을 수 있습니다. 2. 보험기간 : 10,12,15,20년만기 3. 해약환급금 예시기준  - 가입나이 40세, 10년만기, 10년납, 월납, 기본보험료 30만원, 공시이율 연복리 2.34% □ 선택 기재사항 1. 보험료 납입기간 : 7,10,12,15,20년납 / 일시납  ※ 보험기간별로 납입기간은 차이가 있을 수 있습니다.",1588-3114
삼성생명,삼성 스마트저축보험(2501)(무배당),10.0,"36,000,000 원","37,123,060 원",103.12 %,"37,123,060 원","37,132,190 원",103.14 %,"37,132,190 원",-3.64 %,3.12 %,5.29 %,-,8.31 %,0.0552 %,-,2.34 %,"가입 후 10년 이내 연복리 1.0%, 10년 초과 연복리 0.5%",적립,비유니버셜,월납,대면채널,2025-01-01,"□ 필수 기재사항 1. 가입나이 : 만15세~최대 75세  ※ 보험기간, 납입기간에 따라 가입나이는 차이가 있을 수 있습니다. 2. 보험기간 : 10,12,15,20년만기 3. 해약환급금 예시기준  - 가입나이 40세, 10년만기, 10년납, 월납, 기본보험료 30만원, 공시이율 연복리 2.34% □ 선택 기재사항 1. 보험료 납입기간 : 7,10,12,15,20년납 / 일시납  ※ 보험기간별로 납입기간은 차이가 있을 수 있습니다.",1588-3114
삼성생명,삼성 스마트저축보험(2501)(무배당),1.0,"50,000,000 원","49,738,550 원",99.48 %,"48,982,550 원","49,744,620 원",99.49 %,"48,988,620 원",-1.83 %,-0.52 %,-0.12 %,-,2.78 %,0.0240 %,-,2.34 %,"가입 후 10년 이내 연복리 1.0%, 10년 초과 연복리 0.5%",거치,비유니버셜,일시납,대면채널,2025-01-01,"□ 필수 기재사항 1. 가입나이 : 만15세~최대 75세  ※ 보험기간, 납입기간에 따라 가입나이는 차이가 있을 수 있습니다. 2. 보험기간 : 10,12,15,20년만기 3. 해약환급금 예시기준  - 가입나이 55세, 10년만기, 일시납, 기본보험료 5,000만원, 공시이율 연복리2.34% □ 선택 기재사항 1. 보험료 납입기간 : 일시납  - 계약체결비용 5년동안 매월 차감",1588-3114
삼성생명,삼성 스마트저축보험(2501)(무배당),3.0,"50,000,000 원","51,097,720 원",102.20 %,"50,719,720 원","51,117,600 원",102.24 %,"50,739,600 원",-1.82 %,2.20 %,3.45 %,-,4.67 %,0.0768 %,-,2.34 %,"가입 후 10년 이내 연복리 1.0%, 10년 초과 연복리 0.5%",거치,비유니버셜,일시납,대면채널,2025-01-01,"□ 필수 기재사항 1. 가입나이 : 만15세~최대 75세  ※ 보험기간, 납입기간에 따라 가입나이는 차이가 있을 수 있습니다. 2. 보험기간 : 10,12,15,20년만기 3. 해약환급금 예시기준  - 가입나이 55세, 10년만기, 일시납, 기본보험료 5,000만원, 공시이율 연복리2.34% □ 선택 기재사항 1. 보험료 납입기간 : 일시납  - 계약체결비용 5년동안 매월 차감",1588-3114
삼성생명,삼성 스마트저축보험(2501)(무배당),5.0,"50,000,000 원","52,516,330 원",105.03 %,"52,516,330 원","52,553,740 원",105.11 %,"52,553,740 원",-1.82 %,5.03 %,7.20 %,-,6.57 %,0.1392 %,-,2.34 %,"가입 후 10년 이내 연복리 1.0%, 10년 초과 연복리 0.5%",거치,비유니버셜,일시납,대면채널,2025-01-01,"□ 필수 기재사항 1. 가입나이 : 만15세~최대 75세  ※ 보험기간, 납입기간에 따라 가입나이는 차이가 있을 수 있습니다. 2. 보험기간 : 10,12,15,20년만기 3. 해약환급금 예시기준  - 가입나이 55세, 10년만기, 일시납, 기본보험료 5,000만원, 공시이율 연복리2.34% □ 선택 기재사항 1. 보험료 납입기간 : 일시납  - 계약체결비용 5년동안 매월 차감",1588-3114
삼성생명,삼성 스마트저축보험(2501)(무배당),7.0,"50,000,000 원","54,817,850 원",109.64 %,"54,817,850 원","54,876,680 원",109.75 %,"54,876,680 원",-0.22 %,9.64 %,12.81 %,-,6.86 %,0.2124 %,-,2.34 %,"가입 후 10년 이내 연복리 1.0%, 10년 초과 연복리 0.5%",거치,비유니버셜,일시납,대면채널,2025-01-01,"□ 필수 기재사항 1. 가입나이 : 만15세~최대 75세  ※ 보험기간, 납입기간에 따라 가입나이는 차이가 있을 수 있습니다. 2. 보험기간 : 10,12,15,20년만기 3. 해약환급금 예시기준  - 가입나이 55세, 10년만기, 일시납, 기본보험료 5,000만원, 공시이율 연복리2.34% □ 선택 기재사항 1. 보험료 납입기간 : 일시납  - 계약체결비용 5년동안 매월 차감",1588-3114
삼성생명,삼성 스마트저축보험(2501)(무배당),10.0,"50,000,000 원","58,458,400 원",116.92 %,"58,458,400 원","58,563,680 원",117.13 %,"58,563,680 원",2.22 %,16.92 %,21.77 %,-,7.29 %,0.3564 %,-,2.34 %,"가입 후 10년 이내 연복리 1.0%, 10년 초과 연복리 0.5%",거치,비유니버셜,일시납,대면채널,2025-01-01,"□ 필수 기재사항 1. 가입나이 : 만15세~최대 75세  ※ 보험기간, 납입기간에 따라 가입나이는 차이가 있을 수 있습니다. 2. 보험기간 : 10,12,15,20년만기 3. 해약환급금 예시기준  - 가입나이 55세, 10년만기, 일시납, 기본보험료 5,000만원, 공시이율 연복리2.34% □ 선택 기재사항 1. 보험료 납입기간 : 일시납  - 계약체결비용 5년동안 매월 차감",1588-3114
삼성생명,삼성 인터넷저축보험(2501)(무배당),1.0,"3,600,000 원","3,619,700 원",100.55 %,"3,619,700 원","3,619,870 원",100.55 %,"3,619,870 원",0.23 %,0.55 %,0.64 %,-,0.67 %,0.0420 %,-,2.34 %,"가입 후 10년이내 1.0%, 10년초과 0.5%",적립,비유니버셜,월납,CM,2025-01-01,"□ 필수 기재사항 1. 가입연령 : 20세~최대 65세 (납입기간 및 성별에 따라 상이) 2. 보험기간 : 5/10/15/20년만기 3. 해지환급금 예시 기준 가입나이 40세, 기본보험료 30만원, 10년만기 전기월납, 2.34% [공시이율] 적용 □ 선택 기재사항 1. 납입기간: 5/7/10/12/15년납, 전기납 2. 사업비를 경과이자(매월 월계약해당일의 적립액에서 이미 납입한 보험료를 차감한 금액)에 비례하여 차감하는 방식으로 사업비는 각각 최대금액예시",1588-3114
삼성생명,삼성 인터넷저축보험(2501)(무배당),3.0,"10,800,000 원","10,875,360 원",100.70 %,"10,875,360 원","10,875,760 원",100.70 %,"10,875,760 원",0.28 %,0.70 %,0.95 %,-,2.85 %,0.0453 %,-,2.34 %,"가입 후 10년이내 1.0%, 10년초과 0.5%",적립,비유니버셜,월납,CM,2025-01-01,"□ 필수 기재사항 1. 가입연령 : 20세~최대 65세 (납입기간 및 성별에 따라 상이) 2. 보험기간 : 5/10/15/20년만기 3. 해지환급금 예시 기준 가입나이 40세, 기본보험료 30만원, 10년만기 전기월납, 2.34% [공시이율] 적용 □ 선택 기재사항 1. 납입기간: 5/7/10/12/15년납, 전기납 2. 사업비를 경과이자(매월 월계약해당일의 적립액에서 이미 납입한 보험료를 차감한 금액)에 비례하여 차감하는 방식으로 사업비는 각각 최대금액예시",1588-3114
삼성생명,삼성 인터넷저축보험(2501)(무배당),5.0,"18,000,000 원","18,335,250 원",101.86 %,"18,335,250 원","18,337,150 원",101.87 %,"18,337,150 원",0.29 %,1.86 %,2.70 %,-,4.03 %,0.0476 %,-,2.34 %,"가입 후 10년이내 1.0%, 10년초과 0.5%",적립,비유니버셜,월납,CM,2025-01-01,"□ 필수 기재사항 1. 가입연령 : 20세~최대 65세 (납입기간 및 성별에 따라 상이) 2. 보험기간 : 5/10/15/20년만기 3. 해지환급금 예시 기준 가입나이 40세, 기본보험료 30만원, 10년만기 전기월납, 2.34% [공시이율] 적용 □ 선택 기재사항 1. 납입기간: 5/7/10/12/15년납, 전기납 2. 사업비를 경과이자(매월 월계약해당일의 적립액에서 이미 납입한 보험료를 차감한 금액)에 비례하여 차감하는 방식으로 사업비는 각각 최대금액예시",1588-3114
삼성생명,삼성 인터넷저축보험(2501)(무배당),7.0,"25,200,000 원","26,147,830 원",103.76 %,"26,147,830 원","26,151,580 원",103.78 %,"26,151,580 원",0.36 %,3.76 %,5.12 %,-,4.53 %,0.0506 %,-,2.34 %,"가입 후 10년이내 1.0%, 10년초과 0.5%",적립,비유니버셜,월납,CM,2025-01-01,"□ 필수 기재사항 1. 가입연령 : 20세~최대 65세 (납입기간 및 성별에 따라 상이) 2. 보험기간 : 5/10/15/20년만기 3. 해지환급금 예시 기준 가입나이 40세, 기본보험료 30만원, 10년만기 전기월납, 2.34% [공시이율] 적용 □ 선택 기재사항 1. 납입기간: 5/7/10/12/15년납, 전기납 2. 사업비를 경과이자(매월 월계약해당일의 적립액에서 이미 납입한 보험료를 차감한 금액)에 비례하여 차감하는 방식으로 사업비는 각각 최대금액예시",1588-3114
삼성생명,삼성 인터넷저축보험(2501)(무배당),10.0,"36,000,000 원","39,284,820 원",109.12 %,"39,284,820 원","39,291,980 원",109.14 %,"39,291,980 원",3.06 %,9.12 %,11.28 %,-,4.92 %,0.0552 %,-,2.34 %,"가입 후 10년이내 1.0%, 10년초과 0.5%",적립,비유니버셜,월납,CM,2025-01-01,"□ 필수 기재사항 1. 가입연령 : 20세~최대 65세 (납입기간 및 성별에 따라 상이) 2. 보험기간 : 5/10/15/20년만기 3. 해지환급금 예시 기준 가입나이 40세, 기본보험료 30만원, 10년만기 전기월납, 2.34% [공시이율] 적용 □ 선택 기재사항 1. 납입기간: 5/7/10/12/15년납, 전기납 2. 사업비를 경과이자(매월 월계약해당일의 적립액에서 이미 납입한 보험료를 차감한 금액)에 비례하여 차감하는 방식으로 사업비는 각각 최대금액예시",1588-3114
삼성생명,"삼성 1년 모아봄 저축보험(2401)(무배당, 확정금리형)",1.0,"1,200,000 원","1,216,250 원",101.35 %,"1,216,250 원","1,216,270 원",101.36 %,"1,216,270 원",-,-,-,3.00 %,0.26 %,0.0040 %,3.00 %,-,-,적립,비유니버셜,월납,CM,2024-01-01,"□ 필수 기재사항 1. 가입연령 : 20세 ~ 65세 2. 보험기간 : 1년 만기 3. 해지환급금 예시 기준 : 가입나이 40세, 1년 만기, 전기납, 월납, 보험료 10만원 □ 선택 기재사항120 1. 납입기간 : 전기납 2. 사업비를 경과이자(매월 월계약해당일의 적립액에서 이미 납입한 보험료를 차감한 금액)에 비례하여 계산하는 방식으로, 각 항목별 최대금액 예시",1588-3114
삼성생명,삼성 팝콘 저축보험(2503)(무배당),0.25,"600,000 원","602,580 원",100.43 %,"602,580 원","602,590 원",100.43 %,"602,590 원",-,-,-,3.00 %,0.07 %,0.0060 %,3.00 %,-,-,적립,비유니버셜,월납,CM,2025-03-17,"□ 필수 기재사항 1. 가입연령 : 20세 ~ 65세 2. 보험기간 : 6개월만기 3. 해약환급금 예시 기준 : 가입나이 40세, 6개월만기, 전기월납, 기본보험료 20만원 □ 선택 기재사항 1. 납입기간 : 전기납 2. 계약체결 및 관리비용은 경과이자(매월 월 계약해당일의 기본보험료 계약자적립액에서 이미 납입한 기본보험료를 차감한 금액)에 비례하여 계산하는 방식 ※ 해당 예시 금액의 경우 추가납입 가정을 고려하지 않았으며, 보다 자세한 사항은 약관 및 상품설명서 참조하시길 바랍니다.",1588-3114
삼성생명,삼성 팝콘 저축보험(2503)(무배당),0.5,"1,200,000 원","1,207,560 원",100.63 %,"1,207,560 원","1,207,570 원",100.63 %,"1,207,570 원",-,-,-,3.00 %,0.24 %,0.0060 %,3.00 %,-,-,적립,비유니버셜,월납,CM,2025-03-17,"□ 필수 기재사항 1. 가입연령 : 20세 ~ 65세 2. 보험기간 : 6개월만기 3. 해약환급금 예시 기준 : 가입나이 40세, 6개월만기, 전기월납, 기본보험료 20만원 □ 선택 기재사항 1. 납입기간 : 전기납 2. 계약체결 및 관리비용은 경과이자(매월 월 계약해당일의 기본보험료 계약자적립액에서 이미 납입한 기본보험료를 차감한 금액)에 비례하여 계산하는 방식 ※ 해당 예시 금액의 경우 추가납입 가정을 고려하지 않았으며, 보다 자세한 사항은 약관 및 상품설명서 참조하시길 바랍니다.",1588-3114
흥국생명,(무)흥국생명 프리미엄드림저축보험,1.0,"50,000,000 원","49,899,953 원",99.80 %,"49,899,953 원","49,907,117 원",99.81 %,"49,907,117 원",-1.13 %,-0.20 %,0.34 %,-,2.34 %,0.0232 %,-,2.20 %,1.25%(5년이내)/1.0%(5년초과10년이내)/0.5%(10년초과),거치,비유니버셜,일시납,대면채널,2024-07-01,"1. 가입나이 : 만15세 ~ 80세(납입형태, 성별에 따라 차등적용) 2. 보험기간 : 5,10,12,15,20년만기 3. 해약환급금 및 예상수익률 / 사업비 및 비용정보 : 거치형, 기본형, 55세, 기본보험료 5,000만원, 10년만기,일시납",1588-2288
흥국생명,(무)흥국생명 프리미엄드림저축보험,3.0,"50,000,000 원","51,442,576 원",102.89 %,"51,442,576 원","51,467,114 원",102.93 %,"51,467,114 원",0.01 %,2.88 %,4.57 %,-,3.60 %,0.0809 %,-,2.20 %,1.25%(5년이내)/1.0%(5년초과10년이내)/0.5%(10년초과),거치,비유니버셜,일시납,대면채널,2024-07-01,"1. 가입나이 : 만15세 ~ 80세(납입형태, 성별에 따라 차등적용) 2. 보험기간 : 5,10,12,15,20년만기 3. 해약환급금 및 예상수익률 / 사업비 및 비용정보 : 거치형, 기본형, 55세, 기본보험료 5,000만원, 10년만기,일시납",1588-2288
흥국생명,(무)흥국생명 프리미엄드림저축보험,5.0,"50,000,000 원","53,204,627 원",106.41 %,"53,204,627 원","53,250,930 원",106.50 %,"53,250,930 원",1.48 %,6.40 %,9.34 %,-,4.56 %,0.1494 %,-,2.20 %,1.25%(5년이내)/1.0%(5년초과10년이내)/0.5%(10년초과),거치,비유니버셜,일시납,대면채널,2024-07-01,"1. 가입나이 : 만15세 ~ 80세(납입형태, 성별에 따라 차등적용) 2. 보험기간 : 5,10,12,15,20년만기 3. 해약환급금 및 예상수익률 / 사업비 및 비용정보 : 거치형, 기본형, 55세, 기본보험료 5,000만원, 10년만기,일시납",1588-2288
흥국생명,(무)흥국생명 프리미엄드림저축보험,7.0,"50,000,000 원","55,037,946 원",110.08 %,"55,037,946 원","55,111,461 원",110.22 %,"55,111,461 원",2.47 %,10.07 %,14.36 %,-,5.52 %,0.2317 %,-,2.20 %,1.25%(5년이내)/1.0%(5년초과10년이내)/0.5%(10년초과),거치,비유니버셜,일시납,대면채널,2024-07-01,"1. 가입나이 : 만15세 ~ 80세(납입형태, 성별에 따라 차등적용) 2. 보험기간 : 5,10,12,15,20년만기 3. 해약환급금 및 예상수익률 / 사업비 및 비용정보 : 거치형, 기본형, 55세, 기본보험료 5,000만원, 10년만기,일시납",1588-2288
흥국생명,(무)흥국생명 프리미엄드림저축보험,10.0,"50,000,000 원","58,173,531 원",116.35 %,"58,173,531 원","58,301,577 원",116.60 %,"58,301,577 원",4.45 %,16.34 %,22.89 %,-,6.96 %,0.3906 %,-,2.20 %,1.25%(5년이내)/1.0%(5년초과10년이내)/0.5%(10년초과),거치,비유니버셜,일시납,대면채널,2024-07-01,"1. 가입나이 : 만15세 ~ 80세(납입형태, 성별에 따라 차등적용) 2. 보험기간 : 5,10,12,15,20년만기 3. 해약환급금 및 예상수익률 / 사업비 및 비용정보 : 거치형, 기본형, 55세, 기본보험료 5,000만원, 10년만기,일시납",1588-2288
흥국생명,(무)흥국생명 프리미엄드림저축보험,1.0,"3,600,000 원","3,447,141 원",95.75 %,"3,231,141 원","3,447,141 원",95.75 %,"3,231,141 원",-4.73 %,-4.24 %,-3.96 %,-,5.36 %,0.0120 %,-,2.20 %,1.25%(5년이내)/1.0%(5년초과10년이내)/0.5%(10년초과),적립,비유니버셜,월납,대면채널,2023-07-01,"1. 가입나이 : 만15세 ~ 80세(납입기간별, 성별 차등 적용) 2. 보험기간 : 3,4,5,7,10,12,15,20년만기(납입기간별 차등) 3. 해약환급금 및 예상수익률 / 사업비 및 비용 정보 예시기준 : 수익형, 계약자적립액가산형, 40세, 기본보험료 30만원, 10년만기, 전기납, 월납",1588-2288
흥국생명,(무)흥국생명 프리미엄드림저축보험,3.0,"10,800,000 원","10,570,604 원",97.88 %,"10,426,604 원","10,570,604 원",97.88 %,"10,426,604 원",-3.53 %,-2.12 %,-1.30 %,-,5.36 %,0.0127 %,-,2.20 %,1.25%(5년이내)/1.0%(5년초과10년이내)/0.5%(10년초과),적립,비유니버셜,월납,대면채널,2023-07-01,"1. 가입나이 : 만15세 ~ 80세(납입기간별, 성별 차등 적용) 2. 보험기간 : 3,4,5,7,10,12,15,20년만기(납입기간별 차등) 3. 해약환급금 및 예상수익률 / 사업비 및 비용 정보 예시기준 : 수익형, 계약자적립액가산형, 40세, 기본보험료 30만원, 10년만기, 전기납, 월납",1588-2288
흥국생명,(무)흥국생명 프리미엄드림저축보험,5.0,"18,000,000 원","18,010,946 원",100.06 %,"17,938,946 원","18,010,946 원",100.06 %,"17,938,946 원",-2.31 %,0.06 %,1.46 %,-,5.36 %,0.0138 %,-,2.20 %,1.25%(5년이내)/1.0%(5년초과10년이내)/0.5%(10년초과),적립,비유니버셜,월납,대면채널,2023-07-01,"1. 가입나이 : 만15세 ~ 80세(납입기간별, 성별 차등 적용) 2. 보험기간 : 3,4,5,7,10,12,15,20년만기(납입기간별 차등) 3. 해약환급금 및 예상수익률 / 사업비 및 비용 정보 예시기준 : 수익형, 계약자적립액가산형, 40세, 기본보험료 30만원, 10년만기, 전기납, 월납",1588-2288
흥국생명,(무)흥국생명 프리미엄드림저축보험,7.0,"25,200,000 원","25,782,265 원",102.31 %,"25,782,265 원","25,782,265 원",102.31 %,"25,782,265 원",-1.50 %,2.31 %,4.32 %,-,5.36 %,0.0150 %,-,2.20 %,1.25%(5년이내)/1.0%(5년초과10년이내)/0.5%(10년초과),적립,비유니버셜,월납,대면채널,2023-07-01,"1. 가입나이 : 만15세 ~ 80세(납입기간별, 성별 차등 적용) 2. 보험기간 : 3,4,5,7,10,12,15,20년만기(납입기간별 차등) 3. 해약환급금 및 예상수익률 / 사업비 및 비용 정보 예시기준 : 수익형, 계약자적립액가산형, 40세, 기본보험료 30만원, 10년만기, 전기납, 월납",1588-2288
흥국생명,(무)흥국생명 프리미엄드림저축보험,10.0,"36,000,000 원","38,381,523 원",106.62 %,"38,381,523 원","38,381,523 원",106.62 %,"38,381,523 원",0.65 %,6.61 %,9.64 %,-,4.57 %,0.0174 %,-,2.20 %,1.25%(5년이내)/1.0%(5년초과10년이내)/0.5%(10년초과),적립,비유니버셜,월납,대면채널,2023-07-01,"1. 가입나이 : 만15세 ~ 80세(납입기간별, 성별 차등 적용) 2. 보험기간 : 3,4,5,7,10,12,15,20년만기(납입기간별 차등) 3. 해약환급금 및 예상수익률 / 사업비 및 비용 정보 예시기준 : 수익형, 계약자적립액가산형, 40세, 기본보험료 30만원, 10년만기, 전기납, 월납",1588-2288
흥국생명,(무)흥국생명 드림저축보험2407,1.0,"50,000,000 원","49,899,953 원",99.80 %,"49,899,953 원","49,907,117 원",99.81 %,"49,907,117 원",-1.13 %,-0.20 %,0.34 %,-,2.34 %,0.0232 %,-,2.20 %,1.25%(5년이내)/1.0%(5년초과10년이내)/0.5%(10년초과),거치,비유니버셜,일시납,방카슈랑스,2024-07-01,"1. 가입나이 : 만15세 ~ 80세(납입형태, 성별에 따라 차등적용) 2. 보험기간 : 5,10,12,15,20년만기 3. 해약환급금 및 예상수익률 / 사업비 및 비용정보 : 거치형, 기본형, 55세, 기본보험료 5,000만원, 10년만기,일시납",1588-2288
흥국생명,(무)흥국생명 드림저축보험2407,3.0,"50,000,000 원","51,442,576 원",102.89 %,"51,442,576 원","51,467,114 원",102.93 %,"51,467,114 원",0.01 %,2.88 %,4.57 %,-,3.60 %,0.0809 %,-,2.20 %,1.25%(5년이내)/1.0%(5년초과10년이내)/0.5%(10년초과),거치,비유니버셜,일시납,방카슈랑스,2024-07-01,"1. 가입나이 : 만15세 ~ 80세(납입형태, 성별에 따라 차등적용) 2. 보험기간 : 5,10,12,15,20년만기 3. 해약환급금 및 예상수익률 / 사업비 및 비용정보 : 거치형, 기본형, 55세, 기본보험료 5,000만원, 10년만기,일시납",1588-2288
흥국생명,(무)흥국생명 드림저축보험2407,5.0,"50,000,000 원","53,204,627 원",106.41 %,"53,204,627 원","53,250,930 원",106.50 %,"53,250,930 원",1.48 %,6.40 %,9.34 %,-,4.56 %,0.1494 %,-,2.20 %,1.25%(5년이내)/1.0%(5년초과10년이내)/0.5%(10년초과),거치,비유니버셜,일시납,방카슈랑스,2024-07-01,"1. 가입나이 : 만15세 ~ 80세(납입형태, 성별에 따라 차등적용) 2. 보험기간 : 5,10,12,15,20년만기 3. 해약환급금 및 예상수익률 / 사업비 및 비용정보 : 거치형, 기본형, 55세, 기본보험료 5,000만원, 10년만기,일시납",1588-2288
흥국생명,(무)흥국생명 드림저축보험2407,7.0,"50,000,000 원","55,037,946 원",110.08 %,"55,037,946 원","55,111,461 원",110.22 %,"55,111,461 원",2.47 %,10.07 %,14.36 %,-,5.52 %,0.2317 %,-,2.20 %,1.25%(5년이내)/1.0%(5년초과10년이내)/0.5%(10년초과),거치,비유니버셜,일시납,방카슈랑스,2024-07-01,"1. 가입나이 : 만15세 ~ 80세(납입형태, 성별에 따라 차등적용) 2. 보험기간 : 5,10,12,15,20년만기 3. 해약환급금 및 예상수익률 / 사업비 및 비용정보 : 거치형, 기본형, 55세, 기본보험료 5,000만원, 10년만기,일시납",1588-2288
흥국생명,(무)흥국생명 드림저축보험2407,10.0,"50,000,000 원","58,173,531 원",116.35 %,"58,173,531 원","58,301,577 원",116.60 %,"58,301,577 원",4.45 %,16.34 %,22.89 %,-,6.96 %,0.3906 %,-,2.20 %,1.25%(5년이내)/1.0%(5년초과10년이내)/0.5%(10년초과),거치,비유니버셜,일시납,방카슈랑스,2024-07-01,"1. 가입나이 : 만15세 ~ 80세(납입형태, 성별에 따라 차등적용) 2. 보험기간 : 5,10,12,15,20년만기 3. 해약환급금 및 예상수익률 / 사업비 및 비용정보 : 거치형, 기본형, 55세, 기본보험료 5,000만원, 10년만기,일시납",1588-2288
흥국생명,(무)흥국생명 드림저축보험2407,1.0,"3,600,000 원","3,447,141 원",95.75 %,"3,231,141 원","3,447,141 원",95.75 %,"3,231,141 원",-4.73 %,-4.24 %,-3.96 %,-,5.36 %,0.0120 %,-,2.20 %,1.25%(5년이내)/1.0%(5년초과10년이내)/0.5%(10년초과),적립,비유니버셜,월납,방카슈랑스,2024-07-01,"1. 가입나이 : 만15세 ~ 80세(납입기간별, 성별 차등 적용) 2. 보험기간 : 3,4,5,7,10,12,15,20년만기(납입기간별 차등) 3. 해약환급금 및 예상수익률 / 사업비 및 비용 정보 예시기준 : 수익형, 계약자적립액가산형, 40세, 기본보험료 30만원, 10년만기, 전기납, 월납",1588-2288
흥국생명,(무)흥국생명 드림저축보험2407,3.0,"10,800,000 원","10,570,604 원",97.88 %,"10,426,604 원","10,570,604 원",97.88 %,"10,426,604 원",-3.53 %,-2.12 %,-1.30 %,-,5.36 %,0.0127 %,-,2.20 %,1.25%(5년이내)/1.0%(5년초과10년이내)/0.5%(10년초과),적립,비유니버셜,월납,방카슈랑스,2024-07-01,"1. 가입나이 : 만15세 ~ 80세(납입기간별, 성별 차등 적용) 2. 보험기간 : 3,4,5,7,10,12,15,20년만기(납입기간별 차등) 3. 해약환급금 및 예상수익률 / 사업비 및 비용 정보 예시기준 : 수익형, 계약자적립액가산형, 40세, 기본보험료 30만원, 10년만기, 전기납, 월납",1588-2288
흥국생명,(무)흥국생명 드림저축보험2407,5.0,"18,000,000 원","18,010,946 원",100.06 %,"17,938,946 원","18,010,946 원",100.06 %,"17,938,946 원",-2.31 %,0.06 %,1.46 %,-,5.36 %,0.0138 %,-,2.20 %,1.25%(5년이내)/1.0%(5년초과10년이내)/0.5%(10년초과),적립,비유니버셜,월납,방카슈랑스,2024-07-01,"1. 가입나이 : 만15세 ~ 80세(납입기간별, 성별 차등 적용) 2. 보험기간 : 3,4,5,7,10,12,15,20년만기(납입기간별 차등) 3. 해약환급금 및 예상수익률 / 사업비 및 비용 정보 예시기준 : 수익형, 계약자적립액가산형, 40세, 기본보험료 30만원, 10년만기, 전기납, 월납",1588-2288
흥국생명,(무)흥국생명 드림저축보험2407,7.0,"25,200,000 원","25,782,265 원",102.31 %,"25,782,265 원","25,782,265 원",102.31 %,"25,782,265 원",-1.50 %,2.31 %,4.32 %,-,5.36 %,0.0150 %,-,2.20 %,1.25%(5년이내)/1.0%(5년초과10년이내)/0.5%(10년초과),적립,비유니버셜,월납,방카슈랑스,2024-07-01,"1. 가입나이 : 만15세 ~ 80세(납입기간별, 성별 차등 적용) 2. 보험기간 : 3,4,5,7,10,12,15,20년만기(납입기간별 차등) 3. 해약환급금 및 예상수익률 / 사업비 및 비용 정보 예시기준 : 수익형, 계약자적립액가산형, 40세, 기본보험료 30만원, 10년만기, 전기납, 월납",1588-2288
흥국생명,(무)흥국생명 드림저축보험2407,10.0,"36,000,000 원","38,381,523 원",106.62 %,"38,381,523 원","38,381,523 원",106.62 %,"38,381,523 원",0.65 %,6.61 %,9.64 %,-,4.57 %,0.0174 %,-,2.20 %,1.25%(5년이내)/1.0%(5년초과10년이내)/0.5%(10년초과),적립,비유니버셜,월납,방카슈랑스,2024-07-01,"1. 가입나이 : 만15세 ~ 80세(납입기간별, 성별 차등 적용) 2. 보험기간 : 3,4,5,7,10,12,15,20년만기(납입기간별 차등) 3. 해약환급금 및 예상수익률 / 사업비 및 비용 정보 예시기준 : 수익형, 계약자적립액가산형, 40세, 기본보험료 30만원, 10년만기, 전기납, 월납",1588-2288
교보생명,(무)교보사랑저축보험,1.0,"3,600,000 원","3,465,720 원",96.27 %,"3,414,291 원","3,466,157 원",96.28 %,"3,414,729 원",-0.04 %,-3.73 %,-3.48 %,-,4.86 %,0.0360 %,-,2.27 %,5년미만 : 1.25% 5년이상 10년미만 : 1.0% 10년이상 : 0.5%,적립,비유니버셜,월납,대면채널,2025-06-27,"■필수기재사항 1.가입나이 : 만15세 ~ 최고 74세 (남녀 성별 상이) 2.보험기간 : 10년만기(자동갱신) 3.해약환급금 예시 : 적립형, 40세, 10년만기(자동갱신), 전기납, 보험료 30만원, 공시이율 2.27% 기준 ■선택기재사항 1.적립형만 있음",1588-1001
교보생명,(무)교보사랑저축보험,3.0,"10,800,000 원","10,634,742 원",98.47 %,"10,600,456 원","10,636,267 원",98.48 %,"10,601,982 원",-0.03 %,-1.53 %,-0.81 %,-,4.86 %,0.0380 %,-,2.27 %,5년미만 : 1.25% 5년이상 10년미만 : 1.0% 10년이상 : 0.5%,적립,비유니버셜,월납,대면채널,2025-06-27,"■필수기재사항 1.가입나이 : 만15세 ~ 최고 74세 (남녀 성별 상이) 2.보험기간 : 10년만기(자동갱신) 3.해약환급금 예시 : 적립형, 40세, 10년만기(자동갱신), 전기납, 보험료 30만원, 공시이율 2.27% 기준 ■선택기재사항 1.적립형만 있음",1588-1001
교보생명,(무)교보사랑저축보험,5.0,"18,000,000 원","18,132,452 원",100.74 %,"18,115,309 원","18,135,411 원",100.75 %,"18,118,269 원",-0.02 %,0.74 %,1.97 %,-,4.86 %,0.0410 %,-,2.27 %,5년미만 : 1.25% 5년이상 10년미만 : 1.0% 10년이상 : 0.5%,적립,비유니버셜,월납,대면채널,2025-06-27,"■필수기재사항 1.가입나이 : 만15세 ~ 최고 74세 (남녀 성별 상이) 2.보험기간 : 10년만기(자동갱신) 3.해약환급금 예시 : 적립형, 40세, 10년만기(자동갱신), 전기납, 보험료 30만원, 공시이율 2.27% 기준 ■선택기재사항 1.적립형만 있음",1588-1001
교보생명,(무)교보사랑저축보험,7.0,"25,200,000 원","25,973,870 원",103.07 %,"25,973,870 원","25,978,586 원",103.09 %,"25,978,586 원",-0.01 %,3.07 %,4.85 %,-,4.86 %,0.0444 %,-,2.27 %,5년미만 : 1.25% 5년이상 10년미만 : 1.0% 10년이상 : 0.5%,적립,비유니버셜,월납,대면채널,2025-06-27,"■필수기재사항 1.가입나이 : 만15세 ~ 최고 74세 (남녀 성별 상이) 2.보험기간 : 10년만기(자동갱신) 3.해약환급금 예시 : 적립형, 40세, 10년만기(자동갱신), 전기납, 보험료 30만원, 공시이율 2.27% 기준 ■선택기재사항 1.적립형만 있음",1588-1001
교보생명,(무)교보사랑저축보험,10.0,"36,000,000 원","38,454,088 원",106.82 %,"38,454,088 원","38,462,260 원",106.84 %,"38,462,260 원",0.00 %,6.82 %,9.47 %,-,4.76 %,0.0504 %,-,2.27 %,5년미만 : 1.25% 5년이상 10년미만 : 1.0% 10년이상 : 0.5%,적립,비유니버셜,월납,대면채널,2025-06-27,"■필수기재사항 1.가입나이 : 만15세 ~ 최고 74세 (남녀 성별 상이) 2.보험기간 : 10년만기(자동갱신) 3.해약환급금 예시 : 적립형, 40세, 10년만기(자동갱신), 전기납, 보험료 30만원, 공시이율 2.27% 기준 ■선택기재사항 1.적립형만 있음",1588-1001
교보생명,교보e저축보험 (무배당),1.0,"3,600,000 원","3,624,051 원",100.67 %,"3,624,051 원","3,624,080 원",100.67 %,"3,624,080 원",0.36 %,0.67 %,0.78 %,-,0.59 %,0.0070 %,-,2.35 %,"5년 미만 : 1.25%, 5년 이상 10년 미만 : 1.0%",적립,비유니버셜,월납,CM,2025-03-26,"■필수기재사항 1.가입나이 : 20세 ~ 65세 2.보험기간 : 10년 만기 3.해약환급금 예시 : 40세, 10년만기, 전기납, 월납보험료 30만원, 공시이율 2.35% 기준 ■선택기재사항 1. 납입기간 3년,5년,7년,전기납 2. 계약자적립액 예시 - 유지보너스 기시 발생 시점 기준",1588-1001
교보생명,교보e저축보험 (무배당),3.0,"10,800,000 원","10,940,665 원",101.30 %,"10,940,665 원","10,940,774 원",101.30 %,"10,940,774 원",0.47 %,1.30 %,1.67 %,-,2.30 %,0.0073 %,-,2.35 %,"5년 미만 : 1.25%, 5년 이상 10년 미만 : 1.0%",적립,비유니버셜,월납,CM,2025-03-26,"■필수기재사항 1.가입나이 : 20세 ~ 65세 2.보험기간 : 10년 만기 3.해약환급금 예시 : 40세, 10년만기, 전기납, 월납보험료 30만원, 공시이율 2.35% 기준 ■선택기재사항 1. 납입기간 3년,5년,7년,전기납 2. 계약자적립액 예시 - 유지보너스 기시 발생 시점 기준",1588-1001
교보생명,교보e저축보험 (무배당),5.0,"18,000,000 원","18,498,122 원",102.77 %,"18,498,122 원","18,498,489 원",102.77 %,"18,498,489 원",0.81 %,2.77 %,3.66 %,-,3.22 %,0.0078 %,-,2.35 %,"5년 미만 : 1.25%, 5년 이상 10년 미만 : 1.0%",적립,비유니버셜,월납,CM,2025-03-26,"■필수기재사항 1.가입나이 : 20세 ~ 65세 2.보험기간 : 10년 만기 3.해약환급금 예시 : 40세, 10년만기, 전기납, 월납보험료 30만원, 공시이율 2.35% 기준 ■선택기재사항 1. 납입기간 3년,5년,7년,전기납 2. 계약자적립액 예시 - 유지보너스 기시 발생 시점 기준",1588-1001
교보생명,교보e저축보험 (무배당),7.0,"25,200,000 원","26,414,631 원",104.82 %,"26,414,631 원","26,415,347 원",104.82 %,"26,415,347 원",1.00 %,4.82 %,6.21 %,-,3.61 %,0.0086 %,-,2.35 %,"5년 미만 : 1.25%, 5년 이상 10년 미만 : 1.0%",적립,비유니버셜,월납,CM,2025-03-26,"■필수기재사항 1.가입나이 : 20세 ~ 65세 2.보험기간 : 10년 만기 3.해약환급금 예시 : 40세, 10년만기, 전기납, 월납보험료 30만원, 공시이율 2.35% 기준 ■선택기재사항 1. 납입기간 3년,5년,7년,전기납 2. 계약자적립액 예시 - 유지보너스 기시 발생 시점 기준",1588-1001
교보생명,교보e저축보험 (무배당),10.0,"36,000,000 원","39,780,641 원",110.50 %,"39,780,641 원","39,781,993 원",110.51 %,"39,781,993 원",3.94 %,10.20 %,12.71 %,-,3.91 %,0.0096 %,-,2.35 %,"5년 미만 : 1.25%, 5년 이상 10년 미만 : 1.0%",적립,비유니버셜,월납,CM,2025-03-26,"■필수기재사항 1.가입나이 : 20세 ~ 65세 2.보험기간 : 10년 만기 3.해약환급금 예시 : 40세, 10년만기, 전기납, 월납보험료 30만원, 공시이율 2.35% 기준 ■선택기재사항 1. 납입기간 3년,5년,7년,전기납 2. 계약자적립액 예시 - 유지보너스 기시 발생 시점 기준",1588-1001
교보생명,교보청년저축보험(무배당)[D],1.0,"3,600,000 원","3,650,972 원",101.42 %,"3,650,972 원","3,650,987 원",101.42 %,"3,650,987 원",1.42 %,1.42 %,1.42 %,-,1.25 %,0.0030 %,-,2.35 %,5년이상 10년미만 : 1.0%,적립,비유니버셜,월납,TM,2025-03-26,"■필수기재사항 1.가입나이 : 만19세 ~ 최고 29세 2.보험기간 : 10년 만기 3.해약환급금 예시 : 24세, 10년만기, 5년납, 월납보험료 30만원, 공시이율 2.35% 기준 ■선택기재사항 1. 5년납 2. 계약자적립액 예시 - 자립지원보너스 기시 발생 시점 기준 3. 상품요약서 계약자적립액 예시 - 자립지원보너스 기시 미발생 시점 기준",1588-1001
교보생명,교보청년저축보험(무배당)[D],3.0,"10,800,000 원","11,269,153 원",104.34 %,"11,269,153 원","11,269,269 원",104.35 %,"11,269,269 원",4.34 %,4.34 %,4.34 %,-,3.36 %,0.0033 %,-,2.35 %,5년이상 10년미만 : 1.0%,적립,비유니버셜,월납,TM,2025-03-26,"■필수기재사항 1.가입나이 : 만19세 ~ 최고 29세 2.보험기간 : 10년 만기 3.해약환급금 예시 : 24세, 10년만기, 5년납, 월납보험료 30만원, 공시이율 2.35% 기준 ■선택기재사항 1. 5년납 2. 계약자적립액 예시 - 자립지원보너스 기시 발생 시점 기준 3. 상품요약서 계약자적립액 예시 - 자립지원보너스 기시 미발생 시점 기준",1588-1001
교보생명,교보청년저축보험(무배당)[D],5.0,"18,000,000 원","19,638,561 원",109.10 %,"19,638,561 원","19,638,840 원",109.10 %,"19,638,840 원",9.10 %,9.10 %,9.10 %,-,3.94 %,0.0036 %,-,2.35 %,5년이상 10년미만 : 1.0%,적립,비유니버셜,월납,TM,2025-03-26,"■필수기재사항 1.가입나이 : 만19세 ~ 최고 29세 2.보험기간 : 10년 만기 3.해약환급금 예시 : 24세, 10년만기, 5년납, 월납보험료 30만원, 공시이율 2.35% 기준 ■선택기재사항 1. 5년납 2. 계약자적립액 예시 - 자립지원보너스 기시 발생 시점 기준 3. 상품요약서 계약자적립액 예시 - 자립지원보너스 기시 미발생 시점 기준",1588-1001
교보생명,교보청년저축보험(무배당)[D],7.0,"18,000,000 원","20,921,167 원",116.23 %,"20,921,167 원","20,921,578 원",116.23 %,"20,921,578 원",13.18 %,16.23 %,17.14 %,-,4.27 %,0.0052 %,-,2.35 %,5년이상 10년미만 : 1.0%,적립,비유니버셜,월납,TM,2025-03-26,"■필수기재사항 1.가입나이 : 만19세 ~ 최고 29세 2.보험기간 : 10년 만기 3.해약환급금 예시 : 24세, 10년만기, 5년납, 월납보험료 30만원, 공시이율 2.35% 기준 ■선택기재사항 1. 5년납 2. 계약자적립액 예시 - 자립지원보너스 기시 발생 시점 기준 3. 상품요약서 계약자적립액 예시 - 자립지원보너스 기시 미발생 시점 기준",1588-1001
교보생명,교보청년저축보험(무배당)[D],10.0,"18,000,000 원","22,995,017 원",127.75 %,"22,995,017 원","22,995,699 원",127.75 %,"22,995,699 원",19.52 %,27.75 %,30.27 %,-,4.77 %,0.0082 %,-,2.35 %,5년이상 10년미만 : 1.0%,적립,비유니버셜,월납,TM,2025-03-26,"■필수기재사항 1.가입나이 : 만19세 ~ 최고 29세 2.보험기간 : 10년 만기 3.해약환급금 예시 : 24세, 10년만기, 5년납, 월납보험료 30만원, 공시이율 2.35% 기준 ■선택기재사항 1. 5년납 2. 계약자적립액 예시 - 자립지원보너스 기시 발생 시점 기준 3. 상품요약서 계약자적립액 예시 - 자립지원보너스 기시 미발생 시점 기준",1588-1001
교보생명,교보청년저축보험(무배당),1.0,"3,600,000 원","3,650,972 원",101.42 %,"3,650,972 원","3,650,987 원",101.42 %,"3,650,987 원",1.42 %,1.42 %,1.42 %,-,1.25 %,0.0030 %,-,2.35 %,5년이상 10년미만 : 1.0%,적립,비유니버셜,월납,대면채널,2025-03-26,"■필수기재사항 1.가입나이 : 만19세 ~ 최고 29세 2.보험기간 : 10년 만기 3.해약환급금 예시 : 24세, 10년만기, 5년납, 월납보험료 30만원, 공시이율 2.35% 기준 ■선택기재사항 1. 5년납 2. 계약자적립액 예시 - 자립지원보너스 기시 발생 시점 기준 3. 상품요약서 계약자적립액 예시 - 자립지원보너스 기시 미발생 시점 기준",1588-1001
교보생명,교보청년저축보험(무배당),3.0,"10,800,000 원","11,269,153 원",104.34 %,"11,269,153 원","11,269,269 원",104.35 %,"11,269,269 원",4.34 %,4.34 %,4.34 %,-,3.36 %,0.0033 %,-,2.35 %,5년이상 10년미만 : 1.0%,적립,비유니버셜,월납,대면채널,2025-03-26,"■필수기재사항 1.가입나이 : 만19세 ~ 최고 29세 2.보험기간 : 10년 만기 3.해약환급금 예시 : 24세, 10년만기, 5년납, 월납보험료 30만원, 공시이율 2.35% 기준 ■선택기재사항 1. 5년납 2. 계약자적립액 예시 - 자립지원보너스 기시 발생 시점 기준 3. 상품요약서 계약자적립액 예시 - 자립지원보너스 기시 미발생 시점 기준",1588-1001
교보생명,교보청년저축보험(무배당),5.0,"18,000,000 원","19,638,561 원",109.10 %,"19,638,561 원","19,638,840 원",109.10 %,"19,638,840 원",9.10 %,9.10 %,9.10 %,-,3.94 %,0.0036 %,-,2.35 %,5년이상 10년미만 : 1.0%,적립,비유니버셜,월납,대면채널,2025-03-26,"■필수기재사항 1.가입나이 : 만19세 ~ 최고 29세 2.보험기간 : 10년 만기 3.해약환급금 예시 : 24세, 10년만기, 5년납, 월납보험료 30만원, 공시이율 2.35% 기준 ■선택기재사항 1. 5년납 2. 계약자적립액 예시 - 자립지원보너스 기시 발생 시점 기준 3. 상품요약서 계약자적립액 예시 - 자립지원보너스 기시 미발생 시점 기준",1588-1001
교보생명,교보청년저축보험(무배당),7.0,"18,000,000 원","20,921,167 원",116.23 %,"20,921,167 원","20,921,578 원",116.23 %,"20,921,578 원",13.18 %,16.23 %,17.14 %,-,4.27 %,0.0052 %,-,2.35 %,5년이상 10년미만 : 1.0%,적립,비유니버셜,월납,대면채널,2025-03-26,"■필수기재사항 1.가입나이 : 만19세 ~ 최고 29세 2.보험기간 : 10년 만기 3.해약환급금 예시 : 24세, 10년만기, 5년납, 월납보험료 30만원, 공시이율 2.35% 기준 ■선택기재사항 1. 5년납 2. 계약자적립액 예시 - 자립지원보너스 기시 발생 시점 기준 3. 상품요약서 계약자적립액 예시 - 자립지원보너스 기시 미발생 시점 기준",1588-1001
교보생명,교보청년저축보험(무배당),10.0,"18,000,000 원","22,995,017 원",127.75 %,"22,995,017 원","22,995,699 원",127.75 %,"22,995,699 원",19.52 %,27.75 %,30.27 %,-,4.77 %,0.0082 %,-,2.35 %,5년이상 10년미만 : 1.0%,적립,비유니버셜,월납,대면채널,2025-03-26,"■필수기재사항 1.가입나이 : 만19세 ~ 최고 29세 2.보험기간 : 10년 만기 3.해약환급금 예시 : 24세, 10년만기, 5년납, 월납보험료 30만원, 공시이율 2.35% 기준 ■선택기재사항 1. 5년납 2. 계약자적립액 예시 - 자립지원보너스 기시 발생 시점 기준 3. 상품요약서 계약자적립액 예시 - 자립지원보너스 기시 미발생 시점 기준",1588-1001
교보생명,교보e청년저축보험(무배당),1.0,"3,600,000 원","3,650,972 원",101.42 %,"3,650,972 원","3,650,987 원",101.42 %,"3,650,987 원",1.42 %,1.42 %,1.42 %,-,1.25 %,0.0030 %,-,2.35 %,5년이상 10년미만 : 1.0%,적립,비유니버셜,월납,CM,2025-03-26,"■필수기재사항 1.가입나이 : 만19세 ~ 최고 29세 2.보험기간 : 10년 만기 3.해약환급금 예시 : 24세, 10년만기, 5년납, 월납보험료 30만원, 공시이율 2.35% 기준 ■선택기재사항 1. 5년납 2. 계약자적립액 예시 - 자립지원보너스 기시 발생 시점 기준 3. 상품요약서 계약자적립액 예시 - 자립지원보너스 기시 미발생 시점 기준",1588-1001
교보생명,교보e청년저축보험(무배당),3.0,"10,800,000 원","11,269,153 원",104.34 %,"11,269,153 원","11,269,269 원",104.35 %,"11,269,269 원",4.34 %,4.34 %,4.34 %,-,3.36 %,0.0033 %,-,2.35 %,5년이상 10년미만 : 1.0%,적립,비유니버셜,월납,CM,2025-03-26,"■필수기재사항 1.가입나이 : 만19세 ~ 최고 29세 2.보험기간 : 10년 만기 3.해약환급금 예시 : 24세, 10년만기, 5년납, 월납보험료 30만원, 공시이율 2.35% 기준 ■선택기재사항 1. 5년납 2. 계약자적립액 예시 - 자립지원보너스 기시 발생 시점 기준 3. 상품요약서 계약자적립액 예시 - 자립지원보너스 기시 미발생 시점 기준",1588-1001
교보생명,교보e청년저축보험(무배당),5.0,"18,000,000 원","19,638,561 원",109.10 %,"19,638,561 원","19,638,840 원",109.10 %,"19,638,840 원",9.10 %,9.10 %,9.10 %,-,3.94 %,0.0036 %,-,2.35 %,5년이상 10년미만 : 1.0%,적립,비유니버셜,월납,CM,2025-03-26,"■필수기재사항 1.가입나이 : 만19세 ~ 최고 29세 2.보험기간 : 10년 만기 3.해약환급금 예시 : 24세, 10년만기, 5년납, 월납보험료 30만원, 공시이율 2.35% 기준 ■선택기재사항 1. 5년납 2. 계약자적립액 예시 - 자립지원보너스 기시 발생 시점 기준 3. 상품요약서 계약자적립액 예시 - 자립지원보너스 기시 미발생 시점 기준",1588-1001
교보생명,교보e청년저축보험(무배당),7.0,"18,000,000 원","20,921,167 원",116.23 %,"20,921,167 원","20,921,578 원",116.23 %,"20,921,578 원",13.18 %,16.23 %,17.14 %,-,4.27 %,0.0052 %,-,2.35 %,5년이상 10년미만 : 1.0%,적립,비유니버셜,월납,CM,2025-03-26,"■필수기재사항 1.가입나이 : 만19세 ~ 최고 29세 2.보험기간 : 10년 만기 3.해약환급금 예시 : 24세, 10년만기, 5년납, 월납보험료 30만원, 공시이율 2.35% 기준 ■선택기재사항 1. 5년납 2. 계약자적립액 예시 - 자립지원보너스 기시 발생 시점 기준 3. 상품요약서 계약자적립액 예시 - 자립지원보너스 기시 미발생 시점 기준",1588-1001
교보생명,교보e청년저축보험(무배당),10.0,"18,000,000 원","22,995,017 원",127.75 %,"22,995,017 원","22,995,699 원",127.75 %,"22,995,699 원",19.52 %,27.75 %,30.27 %,-,4.77 %,0.0082 %,-,2.35 %,5년이상 10년미만 : 1.0%,적립,비유니버셜,월납,CM,2025-03-26,"■필수기재사항 1.가입나이 : 만19세 ~ 최고 29세 2.보험기간 : 10년 만기 3.해약환급금 예시 : 24세, 10년만기, 5년납, 월납보험료 30만원, 공시이율 2.35% 기준 ■선택기재사항 1. 5년납 2. 계약자적립액 예시 - 자립지원보너스 기시 발생 시점 기준 3. 상품요약서 계약자적립액 예시 - 자립지원보너스 기시 미발생 시점 기준",1588-1001
KDB생명,(무)KDB플러스저축보험,1.0,"50,000,000 원","49,748,152 원",99.50 %,"49,748,152 원","49,755,431 원",99.51 %,"49,755,431 원",-1.53 %,-0.50 %,0.18 %,-,2.49 %,0.0264 %,-,2.05 %,"계약 후 10년이하는 연복리 1.0%, 10년초과는 연복리 0.5%",거치,비유니버셜,일시납,대면채널  TM,2024-04-01,"1. 보험종목: 수익형(거치형) 2. 가입나이: 만15세 ~ 최대 70세 3. 보험기간: 10년, 20년만기 4. 납입기간: 일시납 5. 해약환급금 예시기준: 수익형(거치형), 55세, 기본보험료 5천만원, 10년만기, 일시납",1588-4040
KDB생명,(무)KDB플러스저축보험,3.0,"50,000,000 원","50,893,253 원",101.79 %,"50,893,253 원","50,916,756 원",101.83 %,"50,916,756 원",-1.36 %,1.79 %,3.92 %,-,4.22 %,0.0840 %,-,2.05 %,"계약 후 10년이하는 연복리 1.0%, 10년초과는 연복리 0.5%",거치,비유니버셜,일시납,대면채널  TM,2024-04-01,"1. 보험종목: 수익형(거치형) 2. 가입나이: 만15세 ~ 최대 70세 3. 보험기간: 10년, 20년만기 4. 납입기간: 일시납 5. 해약환급금 예시기준: 수익형(거치형), 55세, 기본보험료 5천만원, 10년만기, 일시납",1588-4040
KDB생명,(무)KDB플러스저축보험,5.0,"50,000,000 원","52,107,727 원",104.22 %,"52,107,727 원","52,152,422 원",104.30 %,"52,152,422 원",-1.15 %,4.22 %,7.92 %,-,5.90 %,0.1536 %,-,2.05 %,"계약 후 10년이하는 연복리 1.0%, 10년초과는 연복리 0.5%",거치,비유니버셜,일시납,대면채널  TM,2024-04-01,"1. 보험종목: 수익형(거치형) 2. 가입나이: 만15세 ~ 최대 70세 3. 보험기간: 10년, 20년만기 4. 납입기간: 일시납 5. 해약환급금 예시기준: 수익형(거치형), 55세, 기본보험료 5천만원, 10년만기, 일시납",1588-4040
KDB생명,(무)KDB플러스저축보험,7.0,"50,000,000 원","53,364,544 원",106.73 %,"53,364,544 원","53,438,043 원",106.88 %,"53,438,043 원",-0.95 %,6.73 %,12.12 %,-,7.58 %,0.2388 %,-,2.05 %,"계약 후 10년이하는 연복리 1.0%, 10년초과는 연복리 0.5%",거치,비유니버셜,일시납,대면채널  TM,2024-04-01,"1. 보험종목: 수익형(거치형) 2. 가입나이: 만15세 ~ 최대 70세 3. 보험기간: 10년, 20년만기 4. 납입기간: 일시납 5. 해약환급금 예시기준: 수익형(거치형), 55세, 기본보험료 5천만원, 10년만기, 일시납",1588-4040
KDB생명,(무)KDB플러스저축보험,10.0,"50,000,000 원","55,328,641 원",110.66 %,"55,328,641 원","55,460,546 원",110.92 %,"55,460,546 원",-0.67 %,10.66 %,18.82 %,-,10.10 %,0.4044 %,-,2.05 %,"계약 후 10년이하는 연복리 1.0%, 10년초과는 연복리 0.5%",거치,비유니버셜,일시납,대면채널  TM,2024-04-01,"1. 보험종목: 수익형(거치형) 2. 가입나이: 만15세 ~ 최대 70세 3. 보험기간: 10년, 20년만기 4. 납입기간: 일시납 5. 해약환급금 예시기준: 수익형(거치형), 55세, 기본보험료 5천만원, 10년만기, 일시납",1588-4040
KDB생명,(무)챌린지 미니저축보험,1.0,"1,200,000 원","1,233,425 원",102.79 %,"1,233,425 원","1,233,445 원",102.79 %,"1,233,445 원",-,-,-,2.79 %,0.44 %,0.0060 %,3.50 %,-,-,적립,비유니버셜,전기납,CM,2024-04-01,"1. 보험종목: 만기환급형 2. 가입나이: 20세 ~ 60세 3. 보험기간: 1년 만기 4. 납입기간: 전기납 5. 납입주기: 월납 6. 해약환급금 예시기준: 40세, 1년만기, 전기납, 월납, 기본보험료 10만원 7. 확정이율 특이사항: 계약후 6개월이하는 연복리 3.5%, 6개월초과는 연복리 7.0%",1588-4040
DB생명,(무)e로운 DB저축보험(2404),1.0,"3,600,000 원","3,607,689 원",100.21 %,"3,607,689 원","3,607,762 원",100.22 %,"3,607,762 원",-0.48 %,0.21 %,0.45 %,-,2.30 %,0.0060 %,-,2.30 %,1.0%(10년초과 0.5%),적립,비유니버셜,월납,CM,2024-04-01,"1. 보험기간: 5,10년만기 2. 가입연령: 만19 ~ 최고60세 3. 해약환급금 예시 기준: 40세, 10년만기, 전기납, 월납보험료 30만원, 적용이율 2.30% 기준",1588-3131
DB생명,(무)e로운 DB저축보험(2404),3.0,"10,800,000 원","10,979,001 원",101.66 %,"10,979,001 원","10,979,249 원",101.66 %,"10,979,249 원",-0.35 %,1.66 %,2.36 %,-,2.30 %,0.0070 %,-,2.30 %,1.0%(10년초과 0.5%),적립,비유니버셜,월납,CM,2024-04-01,"1. 보험기간: 5,10년만기 2. 가입연령: 만19 ~ 최고60세 3. 해약환급금 예시 기준: 40세, 10년만기, 전기납, 월납보험료 30만원, 적용이율 2.30% 기준",1588-3131
DB생명,(무)e로운 DB저축보험(2404),5.0,"18,000,000 원","18,693,218 원",103.85 %,"18,693,218 원","18,693,686 원",103.85 %,"18,693,686 원",0.48 %,3.85 %,5.04 %,-,2.30 %,0.0080 %,-,2.30 %,1.0%(10년초과 0.5%),적립,비유니버셜,월납,CM,2024-04-01,"1. 보험기간: 5,10년만기 2. 가입연령: 만19 ~ 최고60세 3. 해약환급금 예시 기준: 40세, 10년만기, 전기납, 월납보험료 30만원, 적용이율 2.30% 기준",1588-3131
DB생명,(무)e로운 DB저축보험(2404),7.0,"25,200,000 원","26,766,308 원",106.22 %,"26,766,308 원","26,767,044 원",106.22 %,"26,767,044 원",1.42 %,6.22 %,7.93 %,-,2.30 %,0.0087 %,-,2.30 %,1.0%(10년초과 0.5%),적립,비유니버셜,월납,CM,2024-04-01,"1. 보험기간: 5,10년만기 2. 가입연령: 만19 ~ 최고60세 3. 해약환급금 예시 기준: 40세, 10년만기, 전기납, 월납보험료 30만원, 적용이율 2.30% 기준",1588-3131
DB생명,(무)e로운 DB저축보험(2404),10.0,"36,000,000 원","39,619,046 원",110.05 %,"39,619,046 원","39,620,306 원",110.06 %,"39,620,306 원",2.99 %,10.05 %,12.62 %,-,2.30 %,0.0113 %,-,2.30 %,1.0%(10년초과 0.5%),적립,비유니버셜,월납,CM,2024-04-01,"1. 보험기간: 5,10년만기 2. 가입연령: 만19 ~ 최고60세 3. 해약환급금 예시 기준: 40세, 10년만기, 전기납, 월납보험료 30만원, 적용이율 2.30% 기준",1588-3131
동양생명,(무)수호천사온라인더좋은저축보험,1.0,"3,600,000 원","3,579,699 원",99.44 %,"3,579,699 원","3,579,802 원",99.44 %,"3,579,802 원",-1.14 %,-0.56 %,-0.35 %,-,2.10 %,0.0074 %,-,2.35 %,5년이내 1.25% 5~10년 1.0% 10년초과 0.5%,적립,비유니버셜,월납,CM,2024-10-01,"1. 가입조건 : 만15세~최대70세 (월납보험료 5만원 이상) 2. 주보험 보장내용 : 사망보험금, 만기보험금 3. 기준: 기본보험료 30만원, 40세, 10년만기, 전기납 4. 보험기간 : 10년만기 / 납입기간 : 3,5,7년납, 전기납 5. 특이사항 : 위 해약환급금은 더좋은보너스 발생일(1년경과시점 , 납입기간완료시점 , 보험기간 종료시점) 에 더좋은보너스를 기본보험료 납입에 의한 계약자적립액에 가산하여 계산된 금액입니다.  ※ 사업비 중 유지관련비용의 경우 공시이율 2.35%를 기준으로 계산된 금액입니다.",1577-1004
동양생명,(무)수호천사온라인더좋은저축보험,3.0,"10,800,000 원","10,945,989 원",101.35 %,"10,945,989 원","10,946,245 원",101.35 %,"10,946,245 원",-0.10 %,1.35 %,1.83 %,-,2.34 %,0.0078 %,-,2.35 %,5년이내 1.25% 5~10년 1.0% 10년초과 0.5%,적립,비유니버셜,월납,CM,2024-10-01,"1. 가입조건 : 만15세~최대70세 (월납보험료 5만원 이상) 2. 주보험 보장내용 : 사망보험금, 만기보험금 3. 기준: 기본보험료 30만원, 40세, 10년만기, 전기납 4. 보험기간 : 10년만기 / 납입기간 : 3,5,7년납, 전기납 5. 특이사항 : 위 해약환급금은 더좋은보너스 발생일(1년경과시점 , 납입기간완료시점 , 보험기간 종료시점) 에 더좋은보너스를 기본보험료 납입에 의한 계약자적립액에 가산하여 계산된 금액입니다.  ※ 사업비 중 유지관련비용의 경우 공시이율 2.35%를 기준으로 계산된 금액입니다.",1577-1004
동양생명,(무)수호천사온라인더좋은저축보험,5.0,"18,000,000 원","18,514,592 원",102.86 %,"18,514,592 원","18,515,064 원",102.86 %,"18,515,064 원",0.89 %,2.85 %,3.69 %,-,3.19 %,0.0087 %,-,2.35 %,5년이내 1.25% 5~10년 1.0% 10년초과 0.5%,적립,비유니버셜,월납,CM,2024-10-01,"1. 가입조건 : 만15세~최대70세 (월납보험료 5만원 이상) 2. 주보험 보장내용 : 사망보험금, 만기보험금 3. 기준: 기본보험료 30만원, 40세, 10년만기, 전기납 4. 보험기간 : 10년만기 / 납입기간 : 3,5,7년납, 전기납 5. 특이사항 : 위 해약환급금은 더좋은보너스 발생일(1년경과시점 , 납입기간완료시점 , 보험기간 종료시점) 에 더좋은보너스를 기본보험료 납입에 의한 계약자적립액에 가산하여 계산된 금액입니다.  ※ 사업비 중 유지관련비용의 경우 공시이율 2.35%를 기준으로 계산된 금액입니다.",1577-1004
동양생명,(무)수호천사온라인더좋은저축보험,7.0,"25,200,000 원","26,395,178 원",104.74 %,"26,395,178 원","26,396,104 원",104.75 %,"26,396,104 원",1.22 %,4.74 %,6.09 %,-,3.73 %,0.0097 %,-,2.35 %,5년이내 1.25% 5~10년 1.0% 10년초과 0.5%,적립,비유니버셜,월납,CM,2024-10-01,"1. 가입조건 : 만15세~최대70세 (월납보험료 5만원 이상) 2. 주보험 보장내용 : 사망보험금, 만기보험금 3. 기준: 기본보험료 30만원, 40세, 10년만기, 전기납 4. 보험기간 : 10년만기 / 납입기간 : 3,5,7년납, 전기납 5. 특이사항 : 위 해약환급금은 더좋은보너스 발생일(1년경과시점 , 납입기간완료시점 , 보험기간 종료시점) 에 더좋은보너스를 기본보험료 납입에 의한 계약자적립액에 가산하여 계산된 금액입니다.  ※ 사업비 중 유지관련비용의 경우 공시이율 2.35%를 기준으로 계산된 금액입니다.",1577-1004
동양생명,(무)수호천사온라인더좋은저축보험,10.0,"36,000,000 원","39,427,122 원",109.52 %,"39,427,122 원","39,429,024 원",109.53 %,"39,429,024 원",3.26 %,9.51 %,11.66 %,-,3.63 %,0.0115 %,-,2.35 %,5년이내 1.25% 5~10년 1.0% 10년초과 0.5%,적립,비유니버셜,월납,CM,2024-10-01,"1. 가입조건 : 만15세~최대70세 (월납보험료 5만원 이상) 2. 주보험 보장내용 : 사망보험금, 만기보험금 3. 기준: 기본보험료 30만원, 40세, 10년만기, 전기납 4. 보험기간 : 10년만기 / 납입기간 : 3,5,7년납, 전기납 5. 특이사항 : 위 해약환급금은 더좋은보너스 발생일(1년경과시점 , 납입기간완료시점 , 보험기간 종료시점) 에 더좋은보너스를 기본보험료 납입에 의한 계약자적립액에 가산하여 계산된 금액입니다.  ※ 사업비 중 유지관련비용의 경우 공시이율 2.35%를 기준으로 계산된 금액입니다.",1577-1004
신한라이프생명,신한SOL쏠한처음저축보험(무배당),1.0,"1,200,000 원","1,208,184 원",100.68 %,"1,208,184 원","1,208,192 원",100.68 %,"1,208,192 원",-,-,-,0.68 %,0.92 %,0.0060 %,3.00 %,-,-,적립,비유니버셜,월납,CM,2025-09-01,"해지환급금 예시기준:40세, 1년만기, 월납, 기본보험료 10만원  - 예상수익률, 사업비(비용) 및 위험보험료(위험보장)는 남자가입 기준으로 작성됨 예상수익률 및 사업비 예시기준: 남자 40세, 1년만기, 월납, 기본보험료 10만원 보험기간: 1년 만기 가입나이: 만 19세~60세",1588-5580
신한라이프생명,신한The안심VIP저축보험Ⅲ(무배당),1.0,"50,000,000 원","50,591,360 원",101.18 %,"50,591,360 원","50,594,901 원",101.19 %,"50,594,901 원",-,-,-,1.18 %,2.01 %,0.0133 %,3.25 %,-,-,거치,비유니버셜,일시납,대면채널  방카슈랑스,2025-09-01,"해지환급금 예시기준:55세, 5년만기, 일시납, 기본보험료 5천만원  - 상기 예시된 해약환급금은 유지보너스가 포함되어 있음  - 예상수익률, 사업비(비용) 및 위험보험료(위험보장)는 남자가입 기준으로 작성됨 예상수익률 및 사업비 예시기준: 남자 55세, 5년만기, 일시납, 기본보험료 5천만원 보험기간: 3년, 5년 만기 가입나이: 만15세~80세",1588-5580
신한라이프생명,신한The안심VIP저축보험Ⅲ(무배당),3.0,"50,000,000 원","53,434,420 원",106.87 %,"53,434,420 원","53,446,427 원",106.89 %,"53,446,427 원",-,-,-,6.86 %,2.94 %,0.0432 %,3.25 %,-,-,거치,비유니버셜,일시납,대면채널  방카슈랑스,2025-09-01,"해지환급금 예시기준:55세, 5년만기, 일시납, 기본보험료 5천만원  - 상기 예시된 해약환급금은 유지보너스가 포함되어 있음  - 예상수익률, 사업비(비용) 및 위험보험료(위험보장)는 남자가입 기준으로 작성됨 예상수익률 및 사업비 예시기준: 남자 55세, 5년만기, 일시납, 기본보험료 5천만원 보험기간: 3년, 5년 만기 가입나이: 만15세~80세",1588-5580
신한라이프생명,신한The안심VIP저축보험Ⅲ(무배당),5.0,"50,000,000 원","57,310,700 원",114.62 %,"57,310,700 원","57,333,642 원",114.67 %,"57,333,642 원",-,-,-,14.62 %,3.59 %,0.0788 %,3.25 %,-,-,거치,비유니버셜,일시납,대면채널  방카슈랑스,2025-09-01,"해지환급금 예시기준:55세, 5년만기, 일시납, 기본보험료 5천만원  - 상기 예시된 해약환급금은 유지보너스가 포함되어 있음  - 예상수익률, 사업비(비용) 및 위험보험료(위험보장)는 남자가입 기준으로 작성됨 예상수익률 및 사업비 예시기준: 남자 55세, 5년만기, 일시납, 기본보험료 5천만원 보험기간: 3년, 5년 만기 가입나이: 만15세~80세",1588-5580
처브라이프생명,Chubb 플러스알파저축보험2506 무배당,1.0,"100,000,000 원","100,264,583 원",100.26 %,"100,264,583 원","100,266,204 원",100.27 %,"100,266,204 원",-,-,-,2.90 %,2.58 %,0.0041 %,2.9% %,-,-,거치,비유니버셜,일시납,방카슈랑스,2025-06-23,"1. 가입나이 : 만15세 ~ 80세 2. 보험기간 : 5년 3. 납입기간 : 일시납 4. 가입한도 : 500만원 이상 10억원 이하 5. 주계약 보험료 및 해약환급금 예시 : 40세, 5년만기, 일시납, 기본보험료(일시납보험료) 1억원 (가입금액 1,000만원) 6. 주계약 지급기준  - 만기보험금 : 보험기간이 끝날 때까지 생존시, 보험기간 종료일의 계약자적립액  - 재해로 인한 사망보험금 : 보험기간 중 피보험자가 재해로 인하여 사망시, 기본보험료(일시납보험료)의 10% + 사망시점의 계약자적립액 + 사망시점의 유지보너스발생적립액  - 재해 이외의 원인으로 인한 사망보험금 : 보험기간 중 피보험자가 재해 이외의 원인으로 인하여 사망시, 기본보험료(일시납보험료)의 5% + 사망시점의 계약자적립액 + 사망시점의 유지보너스발생적립액",02-1599-4600
처브라이프생명,Chubb 플러스알파저축보험2506 무배당,3.0,"100,000,000 원","105,779,944 원",105.78 %,"105,779,944 원","105,785,430 원",105.79 %,"105,785,430 원",-,-,-,2.90 %,2.93 %,0.0129 %,2.9% %,-,-,거치,비유니버셜,일시납,방카슈랑스,2025-06-23,"1. 가입나이 : 만15세 ~ 80세 2. 보험기간 : 5년 3. 납입기간 : 일시납 4. 가입한도 : 500만원 이상 10억원 이하 5. 주계약 보험료 및 해약환급금 예시 : 40세, 5년만기, 일시납, 기본보험료(일시납보험료) 1억원 (가입금액 1,000만원) 6. 주계약 지급기준  - 만기보험금 : 보험기간이 끝날 때까지 생존시, 보험기간 종료일의 계약자적립액  - 재해로 인한 사망보험금 : 보험기간 중 피보험자가 재해로 인하여 사망시, 기본보험료(일시납보험료)의 10% + 사망시점의 계약자적립액 + 사망시점의 유지보너스발생적립액  - 재해 이외의 원인으로 인한 사망보험금 : 보험기간 중 피보험자가 재해 이외의 원인으로 인하여 사망시, 기본보험료(일시납보험료)의 5% + 사망시점의 계약자적립액 + 사망시점의 유지보너스발생적립액",02-1599-4600
처브라이프생명,Chubb 플러스알파저축보험2506 무배당,5.0,"100,000,000 원","115,956,701 원",115.96 %,"115,956,701 원","115,967,082 원",115.97 %,"115,967,082 원",-,-,-,2.90 %,2.97 %,0.0229 %,2.9% %,-,-,거치,비유니버셜,일시납,방카슈랑스,2025-06-23,"1. 가입나이 : 만15세 ~ 80세 2. 보험기간 : 5년 3. 납입기간 : 일시납 4. 가입한도 : 500만원 이상 10억원 이하 5. 주계약 보험료 및 해약환급금 예시 : 40세, 5년만기, 일시납, 기본보험료(일시납보험료) 1억원 (가입금액 1,000만원) 6. 주계약 지급기준  - 만기보험금 : 보험기간이 끝날 때까지 생존시, 보험기간 종료일의 계약자적립액  - 재해로 인한 사망보험금 : 보험기간 중 피보험자가 재해로 인하여 사망시, 기본보험료(일시납보험료)의 10% + 사망시점의 계약자적립액 + 사망시점의 유지보너스발생적립액  - 재해 이외의 원인으로 인한 사망보험금 : 보험기간 중 피보험자가 재해 이외의 원인으로 인하여 사망시, 기본보험료(일시납보험료)의 5% + 사망시점의 계약자적립액 + 사망시점의 유지보너스발생적립액",02-1599-4600
BNP파리바카디프생명,(무) 뉴 플러스자산관리 저축보험,1.0,"50,000,000 원","50,288,782 원",100.58 %,"49,990,539 원","50,294,455 원",100.59 %,"49,996,178 원",0.01 %,0.57 %,0.26 %,-,2.42 %,0.0216 %,-,3.07 %,"2.5%(1~3년), 0.5%(4~10년)",거치,비유니버셜,일시납,방카슈랑스,2025-06-30,"1. 해약환급금 및 예상수익률 예시 기준: 55세, 기본보험료 5천만원, 10년만기, 일시납, 가입시점의 공시이율 연복리 3.07% 가정 2. 가입나이 : 만15세~ 80세 3. 보험기간 : 10년 4. 이율 확정기간 : 보험가입시점의 공시이율을 이율확정기간(3년)동안 보장하여 드립니다. 5. 보험료 납입기간: 일시납 6. 기본보험료: 1천만원 이상 7. 보험기간 중 해지 시 시장조정계수(MCF)가 적용(계약자적립액X시장조정계수)되어 보험가입시점의 공시이율보다 해지시점의 공시이율이 높다면 해약환급금이 감소합니다.  다만, 시장조정계수(MCF)가 80%미만인 경우는 80%를 최저한도로 하여 계산합니다. 8. 유지보너스 지급 : 보험계약일로부터 3년 시점의 계약해당일에 기본보험료의 1% 적립",1688-1118
BNP파리바카디프생명,(무) 뉴 플러스자산관리 저축보험,3.0,"50,000,000 원","53,444,368 원",106.89 %,"53,444,368 원","53,463,944 원",106.93 %,"53,463,944 원",5.12 %,6.88 %,5.89 %,-,3.29 %,0.0706 %,-,3.07 %,"2.5%(1~3년), 0.5%(4~10년)",거치,비유니버셜,일시납,방카슈랑스,2025-06-30,"1. 해약환급금 및 예상수익률 예시 기준: 55세, 기본보험료 5천만원, 10년만기, 일시납, 가입시점의 공시이율 연복리 3.07% 가정 2. 가입나이 : 만15세~ 80세 3. 보험기간 : 10년 4. 이율 확정기간 : 보험가입시점의 공시이율을 이율확정기간(3년)동안 보장하여 드립니다. 5. 보험료 납입기간: 일시납 6. 기본보험료: 1천만원 이상 7. 보험기간 중 해지 시 시장조정계수(MCF)가 적용(계약자적립액X시장조정계수)되어 보험가입시점의 공시이율보다 해지시점의 공시이율이 높다면 해약환급금이 감소합니다.  다만, 시장조정계수(MCF)가 80%미만인 경우는 80%를 최저한도로 하여 계산합니다. 8. 유지보너스 지급 : 보험계약일로부터 3년 시점의 계약해당일에 기본보험료의 1% 적립",1688-1118
BNP파리바카디프생명,(무) 뉴 플러스자산관리 저축보험,5.0,"50,000,000 원","56,436,253 원",112.87 %,"56,436,253 원","56,474,312 원",112.95 %,"56,474,312 원",5.52 %,12.87 %,11.12 %,-,3.89 %,0.1294 %,-,3.07 %,"2.5%(1~3년), 0.5%(4~10년)",거치,비유니버셜,일시납,방카슈랑스,2025-06-30,"1. 해약환급금 및 예상수익률 예시 기준: 55세, 기본보험료 5천만원, 10년만기, 일시납, 가입시점의 공시이율 연복리 3.07% 가정 2. 가입나이 : 만15세~ 80세 3. 보험기간 : 10년 4. 이율 확정기간 : 보험가입시점의 공시이율을 이율확정기간(3년)동안 보장하여 드립니다. 5. 보험료 납입기간: 일시납 6. 기본보험료: 1천만원 이상 7. 보험기간 중 해지 시 시장조정계수(MCF)가 적용(계약자적립액X시장조정계수)되어 보험가입시점의 공시이율보다 해지시점의 공시이율이 높다면 해약환급금이 감소합니다.  다만, 시장조정계수(MCF)가 80%미만인 경우는 80%를 최저한도로 하여 계산합니다. 8. 유지보너스 지급 : 보험계약일로부터 3년 시점의 계약해당일에 기본보험료의 1% 적립",1688-1118
BNP파리바카디프생명,(무) 뉴 플러스자산관리 저축보험,7.0,"50,000,000 원","59,608,223 원",119.22 %,"59,608,223 원","59,670,559 원",119.34 %,"59,670,559 원",5.90 %,19.21 %,16.63 %,-,4.49 %,0.2006 %,-,3.07 %,"2.5%(1~3년), 0.5%(4~10년)",거치,비유니버셜,일시납,방카슈랑스,2025-06-30,"1. 해약환급금 및 예상수익률 예시 기준: 55세, 기본보험료 5천만원, 10년만기, 일시납, 가입시점의 공시이율 연복리 3.07% 가정 2. 가입나이 : 만15세~ 80세 3. 보험기간 : 10년 4. 이율 확정기간 : 보험가입시점의 공시이율을 이율확정기간(3년)동안 보장하여 드립니다. 5. 보험료 납입기간: 일시납 6. 기본보험료: 1천만원 이상 7. 보험기간 중 해지 시 시장조정계수(MCF)가 적용(계약자적립액X시장조정계수)되어 보험가입시점의 공시이율보다 해지시점의 공시이율이 높다면 해약환급금이 감소합니다.  다만, 시장조정계수(MCF)가 80%미만인 경우는 80%를 최저한도로 하여 계산합니다. 8. 유지보너스 지급 : 보험계약일로부터 3년 시점의 계약해당일에 기본보험료의 1% 적립",1688-1118
BNP파리바카디프생명,(무) 뉴 플러스자산관리 저축보험,10.0,"50,000,000 원","64,725,159 원",129.45 %,"64,725,159 원","64,837,906 원",129.68 %,"64,837,906 원",6.45 %,29.45 %,25.43 %,-,5.39 %,0.3376 %,-,3.07 %,"2.5%(1~3년), 0.5%(4~10년)",거치,비유니버셜,일시납,방카슈랑스,2025-06-30,"1. 해약환급금 및 예상수익률 예시 기준: 55세, 기본보험료 5천만원, 10년만기, 일시납, 가입시점의 공시이율 연복리 3.07% 가정 2. 가입나이 : 만15세~ 80세 3. 보험기간 : 10년 4. 이율 확정기간 : 보험가입시점의 공시이율을 이율확정기간(3년)동안 보장하여 드립니다. 5. 보험료 납입기간: 일시납 6. 기본보험료: 1천만원 이상 7. 보험기간 중 해지 시 시장조정계수(MCF)가 적용(계약자적립액X시장조정계수)되어 보험가입시점의 공시이율보다 해지시점의 공시이율이 높다면 해약환급금이 감소합니다.  다만, 시장조정계수(MCF)가 80%미만인 경우는 80%를 최저한도로 하여 계산합니다. 8. 유지보너스 지급 : 보험계약일로부터 3년 시점의 계약해당일에 기본보험료의 1% 적립",1688-1118
푸본현대생명,MAX 저축보험 무배당(법인)(2404),1.0,"50,000,000 원","50,023,175 원",100.05 %,"50,023,175 원","50,023,175 원",100.05 %,"50,023,175 원",-0.68 %,0.04 %,0.53 %,-,2.14 %,0.0228 %,-,2.25 %,"3년이내 1.50%, 10년이내 1.00% 10년초과 0.5%",거치,비유니버셜,일시납,대면채널,2024-04-01,"1. 가입연령 : 만15세~최고70세 2. 보험기간 : 3/5/7/10년 만기 3. 납입기간 : 일시납 *해약환급금은 남/여 55세, 일시납보험료 5,000만원, 10년만기 일시납 기준  모집수수료율은 남자40세, 일시납보험료 1억원, 10년만기 일시납 기준 *상품요약서상의 계약자적립액 및 해약환급금은 당시의 공시이율을 기준으로 산출하였습니다. *적용이율 가정시 예상수익률과 계약자적립액 및 해약환급금은 매월 업데이트 되므로 상품요약서상의 금액과 상이할 수 있습니다.",1577-3311
푸본현대생명,MAX 저축보험 무배당(법인)(2404),3.0,"50,000,000 원","52,022,577 원",104.05 %,"52,022,577 원","52,022,577 원",104.05 %,"52,022,577 원",1.76 %,4.04 %,5.58 %,-,2.63 %,0.0732 %,-,2.25 %,"3년이내 1.50%, 10년이내 1.00% 10년초과 0.5%",거치,비유니버셜,일시납,대면채널,2024-04-01,"1. 가입연령 : 만15세~최고70세 2. 보험기간 : 3/5/7/10년 만기 3. 납입기간 : 일시납 *해약환급금은 남/여 55세, 일시납보험료 5,000만원, 10년만기 일시납 기준  모집수수료율은 남자40세, 일시납보험료 1억원, 10년만기 일시납 기준 *상품요약서상의 계약자적립액 및 해약환급금은 당시의 공시이율을 기준으로 산출하였습니다. *적용이율 가정시 예상수익률과 계약자적립액 및 해약환급금은 매월 업데이트 되므로 상품요약서상의 금액과 상이할 수 있습니다.",1577-3311
푸본현대생명,MAX 저축보험 무배당(법인)(2404),5.0,"50,000,000 원","54,144,271 원",108.29 %,"54,144,271 원","54,144,271 원",108.29 %,"54,144,271 원",3.32 %,8.28 %,10.97 %,-,3.05 %,0.1332 %,-,2.25 %,"3년이내 1.50%, 10년이내 1.00% 10년초과 0.5%",거치,비유니버셜,일시납,대면채널,2024-04-01,"1. 가입연령 : 만15세~최고70세 2. 보험기간 : 3/5/7/10년 만기 3. 납입기간 : 일시납 *해약환급금은 남/여 55세, 일시납보험료 5,000만원, 10년만기 일시납 기준  모집수수료율은 남자40세, 일시납보험료 1억원, 10년만기 일시납 기준 *상품요약서상의 계약자적립액 및 해약환급금은 당시의 공시이율을 기준으로 산출하였습니다. *적용이율 가정시 예상수익률과 계약자적립액 및 해약환급금은 매월 업데이트 되므로 상품요약서상의 금액과 상이할 수 있습니다.",1577-3311
푸본현대생명,MAX 저축보험 무배당(법인)(2404),7.0,"50,000,000 원","56,362,516 원",112.73 %,"56,362,516 원","56,362,516 원",112.73 %,"56,362,516 원",4.91 %,12.72 %,16.67 %,-,3.45 %,0.2052 %,-,2.25 %,"3년이내 1.50%, 10년이내 1.00% 10년초과 0.5%",거치,비유니버셜,일시납,대면채널,2024-04-01,"1. 가입연령 : 만15세~최고70세 2. 보험기간 : 3/5/7/10년 만기 3. 납입기간 : 일시납 *해약환급금은 남/여 55세, 일시납보험료 5,000만원, 10년만기 일시납 기준  모집수수료율은 남자40세, 일시납보험료 1억원, 10년만기 일시납 기준 *상품요약서상의 계약자적립액 및 해약환급금은 당시의 공시이율을 기준으로 산출하였습니다. *적용이율 가정시 예상수익률과 계약자적립액 및 해약환급금은 매월 업데이트 되므로 상품요약서상의 금액과 상이할 수 있습니다.",1577-3311
푸본현대생명,MAX 저축보험 무배당(법인)(2404),10.0,"50,000,000 원","59,880,581 원",119.76 %,"59,880,581 원","59,880,581 원",119.76 %,"59,880,581 원",7.36 %,19.76 %,25.81 %,-,4.04 %,0.3420 %,-,2.25 %,"3년이내 1.50%, 10년이내 1.00% 10년초과 0.5%",거치,비유니버셜,일시납,대면채널,2024-04-01,"1. 가입연령 : 만15세~최고70세 2. 보험기간 : 3/5/7/10년 만기 3. 납입기간 : 일시납 *해약환급금은 남/여 55세, 일시납보험료 5,000만원, 10년만기 일시납 기준  모집수수료율은 남자40세, 일시납보험료 1억원, 10년만기 일시납 기준 *상품요약서상의 계약자적립액 및 해약환급금은 당시의 공시이율을 기준으로 산출하였습니다. *적용이율 가정시 예상수익률과 계약자적립액 및 해약환급금은 매월 업데이트 되므로 상품요약서상의 금액과 상이할 수 있습니다.",1577-3311
푸본현대생명,MAX 찐 트리플 양로저축보험 무배당(2404),1.0,"1,944,000 원","1,806,600 원",92.93 %,"1,425,171 원","1,807,200 원",93.19 %,"1,426,629 원",-,-,-,-7.06 %,7.53 %,0.6219 %,2.20 %,-,-,적립,비유니버셜,월납,대면채널,2024-04-01,"1. 가입연령 : 만15세~최고60세 2. 보험기간 : 10/20년 만기 3. 납입기간 : 전기납 4, 보험료할인: 해당사항 없음 * 해약환급금 등 예시는 남자 40세, 10년만기, 전기납, 보험가입금액 2,000만원 기준 * 상품요약서에서 '해약환급금 예시', '모집수수료율', '공제금액 공시에 대한 사항'의 작성기준을 협회 비교공시기준 대표계약과 가장 근접하도록 설정함.  - 보험가입금액 2,000만원",1577-3311
푸본현대생명,MAX 찐 트리플 양로저축보험 무배당(2404),3.0,"5,832,000 원","5,541,400 원",95.02 %,"5,287,114 원","5,543,600 원",95.29 %,"5,289,886 원",-,-,-,-4.98 %,7.53 %,0.5971 %,2.20 %,-,-,적립,비유니버셜,월납,대면채널,2024-04-01,"1. 가입연령 : 만15세~최고60세 2. 보험기간 : 10/20년 만기 3. 납입기간 : 전기납 4, 보험료할인: 해당사항 없음 * 해약환급금 등 예시는 남자 40세, 10년만기, 전기납, 보험가입금액 2,000만원 기준 * 상품요약서에서 '해약환급금 예시', '모집수수료율', '공제금액 공시에 대한 사항'의 작성기준을 협회 비교공시기준 대표계약과 가장 근접하도록 설정함.  - 보험가입금액 2,000만원",1577-3311
푸본현대생명,MAX 찐 트리플 양로저축보험 무배당(2404),5.0,"9,720,000 원","9,444,200 원",97.16 %,"9,317,057 원","9,448,000 원",97.44 %,"9,321,143 원",-,-,-,-2.83 %,7.53 %,0.5735 %,2.20 %,-,-,적립,비유니버셜,월납,대면채널,2024-04-01,"1. 가입연령 : 만15세~최고60세 2. 보험기간 : 10/20년 만기 3. 납입기간 : 전기납 4, 보험료할인: 해당사항 없음 * 해약환급금 등 예시는 남자 40세, 10년만기, 전기납, 보험가입금액 2,000만원 기준 * 상품요약서에서 '해약환급금 예시', '모집수수료율', '공제금액 공시에 대한 사항'의 작성기준을 협회 비교공시기준 대표계약과 가장 근접하도록 설정함.  - 보험가입금액 2,000만원",1577-3311
푸본현대생명,MAX 찐 트리플 양로저축보험 무배당(2404),7.0,"13,608,000 원","13,524,400 원",99.39 %,"13,524,400 원","13,528,600 원",99.66 %,"13,528,600 원",-,-,-,-0.61 %,7.53 %,0.5365 %,2.20 %,-,-,적립,비유니버셜,월납,대면채널,2024-04-01,"1. 가입연령 : 만15세~최고60세 2. 보험기간 : 10/20년 만기 3. 납입기간 : 전기납 4, 보험료할인: 해당사항 없음 * 해약환급금 등 예시는 남자 40세, 10년만기, 전기납, 보험가입금액 2,000만원 기준 * 상품요약서에서 '해약환급금 예시', '모집수수료율', '공제금액 공시에 대한 사항'의 작성기준을 협회 비교공시기준 대표계약과 가장 근접하도록 설정함.  - 보험가입금액 2,000만원",1577-3311
푸본현대생명,MAX 찐 트리플 양로저축보험 무배당(2404),10.0,"19,440,000 원","20,000,000 원",102.88 %,"20,000,000 원","20,000,000 원",103.14 %,"20,000,000 원",-,-,-,2.88 %,7.53 %,0.4469 %,2.20 %,-,-,적립,비유니버셜,월납,대면채널,2024-04-01,"1. 가입연령 : 만15세~최고60세 2. 보험기간 : 10/20년 만기 3. 납입기간 : 전기납 4, 보험료할인: 해당사항 없음 * 해약환급금 등 예시는 남자 40세, 10년만기, 전기납, 보험가입금액 2,000만원 기준 * 상품요약서에서 '해약환급금 예시', '모집수수료율', '공제금액 공시에 대한 사항'의 작성기준을 협회 비교공시기준 대표계약과 가장 근접하도록 설정함.  - 보험가입금액 2,000만원",1577-3311
NH농협생명,프리미엄NH저축보험(무배당)_2404_(거치형),1.0,"50,000,000 원","49,921,027 원",99.84 %,"49,921,027 원","49,929,530 원",99.86 %,"49,929,530 원",-1.39 %,-0.16 %,0.33 %,-,2.34 %,0.0300 %,-,2.25 %,10년이내 1.0% 10년초과 0.5%,거치,비유니버셜,일시납,대면채널  방카슈랑스,2025-01-01,"""1. 가입나이 : 만15세 ~ 최고 75세(보험기간, 성별에 따라 차등) 2. 보험기간 : 5/7/10/12/15/20년 3. 판매채널 : 대면채널, 방카슈랑스 4. 해약환급금 및 적립액 작성기준  - 일시납보험료 5천만원, 55세, 10년만기, 거치형, 공시이율 2.25%기준 5. 예상수익률/계약관리비용/유지관리비용/위험보장 작성기준  - 남자 55세, 일시납보험료 5천만원, 10년만기, 일시납  - 상기 비용 및 위험보험료, 수익률은 보험기간을 기준으로 예시함(거치형)""",1544-4000
NH농협생명,프리미엄NH저축보험(무배당)_2404_(거치형),3.0,"50,000,000 원","51,717,153 원",103.43 %,"51,717,153 원","51,745,681 원",103.49 %,"51,745,681 원",-0.34 %,3.43 %,4.97 %,-,3.20 %,0.0972 %,-,2.25 %,10년이내 1.0% 10년초과 0.5%,거치,비유니버셜,일시납,대면채널  방카슈랑스,2025-01-01,"""1. 가입나이 : 만15세 ~ 최고 75세(보험기간, 성별에 따라 차등) 2. 보험기간 : 5/7/10/12/15/20년 3. 판매채널 : 대면채널, 방카슈랑스 4. 해약환급금 및 적립액 작성기준  - 일시납보험료 5천만원, 55세, 10년만기, 거치형, 공시이율 2.25%기준 5. 예상수익률/계약관리비용/유지관리비용/위험보장 작성기준  - 남자 55세, 일시납보험료 5천만원, 10년만기, 일시납  - 상기 비용 및 위험보험료, 수익률은 보험기간을 기준으로 예시함(거치형)""",1544-4000
NH농협생명,프리미엄NH저축보험(무배당)_2404_(거치형),5.0,"50,000,000 원","53,699,069 원",107.40 %,"53,699,069 원","53,752,220 원",107.50 %,"53,752,220 원",0.93 %,7.40 %,10.08 %,-,3.84 %,0.1752 %,-,2.25 %,10년이내 1.0% 10년초과 0.5%,거치,비유니버셜,일시납,대면채널  방카슈랑스,2025-01-01,"""1. 가입나이 : 만15세 ~ 최고 75세(보험기간, 성별에 따라 차등) 2. 보험기간 : 5/7/10/12/15/20년 3. 판매채널 : 대면채널, 방카슈랑스 4. 해약환급금 및 적립액 작성기준  - 일시납보험료 5천만원, 55세, 10년만기, 거치형, 공시이율 2.25%기준 5. 예상수익률/계약관리비용/유지관리비용/위험보장 작성기준  - 남자 55세, 일시납보험료 5천만원, 10년만기, 일시납  - 상기 비용 및 위험보험료, 수익률은 보험기간을 기준으로 예시함(거치형)""",1544-4000
NH농협생명,프리미엄NH저축보험(무배당)_2404_(거치형),7.0,"50,000,000 원","55,763,806 원",111.53 %,"55,763,806 원","55,847,004 원",111.69 %,"55,847,004 원",2.21 %,11.53 %,15.45 %,-,4.49 %,0.2676 %,-,2.25 %,10년이내 1.0% 10년초과 0.5%,거치,비유니버셜,일시납,대면채널  방카슈랑스,2025-01-01,"""1. 가입나이 : 만15세 ~ 최고 75세(보험기간, 성별에 따라 차등) 2. 보험기간 : 5/7/10/12/15/20년 3. 판매채널 : 대면채널, 방카슈랑스 4. 해약환급금 및 적립액 작성기준  - 일시납보험료 5천만원, 55세, 10년만기, 거치형, 공시이율 2.25%기준 5. 예상수익률/계약관리비용/유지관리비용/위험보장 작성기준  - 남자 55세, 일시납보험료 5천만원, 10년만기, 일시납  - 상기 비용 및 위험보험료, 수익률은 보험기간을 기준으로 예시함(거치형)""",1544-4000
NH농협생명,프리미엄NH저축보험(무배당)_2404_(거치형),10.0,"50,000,000 원","59,019,575 원",118.04 %,"59,019,575 원","59,161,847 원",118.32 %,"59,161,847 원",4.14 %,18.04 %,24.04 %,-,5.46 %,0.4428 %,-,2.25 %,10년이내 1.0% 10년초과 0.5%,거치,비유니버셜,일시납,대면채널  방카슈랑스,2025-01-01,"""1. 가입나이 : 만15세 ~ 최고 75세(보험기간, 성별에 따라 차등) 2. 보험기간 : 5/7/10/12/15/20년 3. 판매채널 : 대면채널, 방카슈랑스 4. 해약환급금 및 적립액 작성기준  - 일시납보험료 5천만원, 55세, 10년만기, 거치형, 공시이율 2.25%기준 5. 예상수익률/계약관리비용/유지관리비용/위험보장 작성기준  - 남자 55세, 일시납보험료 5천만원, 10년만기, 일시납  - 상기 비용 및 위험보험료, 수익률은 보험기간을 기준으로 예시함(거치형)""",1544-4000
NH농협생명,"프리미엄NH저축보험(무배당)_2404_(적립형,수익형)",1.0,"3,600,000 원","3,402,273 원",94.51 %,"3,188,845 원","3,402,383 원",94.51 %,"3,188,954 원",-6.12 %,-5.49 %,-5.24 %,-,6.62 %,0.0070 %,-,2.25 %,10년이내 1.0% 10년초과 0.5%,적립,비유니버셜,월납,대면채널  방카슈랑스,2025-01-01,"""1. 가입나이 : 만15세 ~ 최고 77세(보험기간, 납입기간 및 형별에 따라 차등) 2. 보험기간 : 3/5/7/10/12/15/20/30년, 80세 만기 3. 판매채널 : 대면채널, 방카슈랑스 4. 해약환급금 및 적립액 작성기준  - 기본보험료 30만원, 40세, 10년만기, 전기납, 월납, 적립형(수익형), 공시이율 2.25%기준 5. 예상수익률/계약관리비용/유지관리비용/위험보장 작성기준  - 남자 40세, 기본보험료 30만원, 10년만기, 전기납, 월납, 적립형(수익형)  - 상기 비용 및 위험보험료, 수익률은 보험기간을 기준으로 예시함(적립형(수익형))  - 10년시점 수익률은 만기보험금 최저보증[이미 납입한 보험료+1,000원]을 적용하여 예시함""",1544-4000
NH농협생명,"프리미엄NH저축보험(무배당)_2404_(적립형,수익형)",3.0,"10,800,000 원","10,438,087 원",96.65 %,"10,295,801 원","10,438,459 원",96.65 %,"10,296,173 원",-5.18 %,-3.35 %,-2.61 %,-,6.62 %,0.0080 %,-,2.25 %,10년이내 1.0% 10년초과 0.5%,적립,비유니버셜,월납,대면채널  방카슈랑스,2025-01-01,"""1. 가입나이 : 만15세 ~ 최고 77세(보험기간, 납입기간 및 형별에 따라 차등) 2. 보험기간 : 3/5/7/10/12/15/20/30년, 80세 만기 3. 판매채널 : 대면채널, 방카슈랑스 4. 해약환급금 및 적립액 작성기준  - 기본보험료 30만원, 40세, 10년만기, 전기납, 월납, 적립형(수익형), 공시이율 2.25%기준 5. 예상수익률/계약관리비용/유지관리비용/위험보장 작성기준  - 남자 40세, 기본보험료 30만원, 10년만기, 전기납, 월납, 적립형(수익형)  - 상기 비용 및 위험보험료, 수익률은 보험기간을 기준으로 예시함(적립형(수익형))  - 10년시점 수익률은 만기보험금 최저보증[이미 납입한 보험료+1,000원]을 적용하여 예시함""",1544-4000
NH농협생명,"프리미엄NH저축보험(무배당)_2404_(적립형,수익형)",5.0,"18,000,000 원","17,794,001 원",98.86 %,"17,722,858 원","17,794,720 원",98.86 %,"17,723,578 원",-4.23 %,-1.14 %,0.12 %,-,6.62 %,0.0086 %,-,2.25 %,10년이내 1.0% 10년초과 0.5%,적립,비유니버셜,월납,대면채널  방카슈랑스,2025-01-01,"""1. 가입나이 : 만15세 ~ 최고 77세(보험기간, 납입기간 및 형별에 따라 차등) 2. 보험기간 : 3/5/7/10/12/15/20/30년, 80세 만기 3. 판매채널 : 대면채널, 방카슈랑스 4. 해약환급금 및 적립액 작성기준  - 기본보험료 30만원, 40세, 10년만기, 전기납, 월납, 적립형(수익형), 공시이율 2.25%기준 5. 예상수익률/계약관리비용/유지관리비용/위험보장 작성기준  - 남자 40세, 기본보험료 30만원, 10년만기, 전기납, 월납, 적립형(수익형)  - 상기 비용 및 위험보험료, 수익률은 보험기간을 기준으로 예시함(적립형(수익형))  - 10년시점 수익률은 만기보험금 최저보증[이미 납입한 보험료+1,000원]을 적용하여 예시함""",1544-4000
NH농협생명,"프리미엄NH저축보험(무배당)_2404_(적립형,수익형)",7.0,"25,200,000 원","25,484,507 원",101.13 %,"25,484,507 원","25,485,664 원",101.13 %,"25,485,664 원",-3.26 %,1.13 %,2.94 %,-,6.62 %,0.0094 %,-,2.25 %,10년이내 1.0% 10년초과 0.5%,적립,비유니버셜,월납,대면채널  방카슈랑스,2025-01-01,"""1. 가입나이 : 만15세 ~ 최고 77세(보험기간, 납입기간 및 형별에 따라 차등) 2. 보험기간 : 3/5/7/10/12/15/20/30년, 80세 만기 3. 판매채널 : 대면채널, 방카슈랑스 4. 해약환급금 및 적립액 작성기준  - 기본보험료 30만원, 40세, 10년만기, 전기납, 월납, 적립형(수익형), 공시이율 2.25%기준 5. 예상수익률/계약관리비용/유지관리비용/위험보장 작성기준  - 남자 40세, 기본보험료 30만원, 10년만기, 전기납, 월납, 적립형(수익형)  - 상기 비용 및 위험보험료, 수익률은 보험기간을 기준으로 예시함(적립형(수익형))  - 10년시점 수익률은 만기보험금 최저보증[이미 납입한 보험료+1,000원]을 적용하여 예시함""",1544-4000
NH농협생명,"프리미엄NH저축보험(무배당)_2404_(적립형,수익형)",10.0,"36,000,000 원","37,963,962 원",105.46 %,"37,963,962 원","37,965,944 원",105.46 %,"37,965,944 원",-1.01 %,5.46 %,8.18 %,-,5.86 %,0.0108 %,-,2.25 %,10년이내 1.0% 10년초과 0.5%,적립,비유니버셜,월납,대면채널  방카슈랑스,2025-01-01,"""1. 가입나이 : 만15세 ~ 최고 77세(보험기간, 납입기간 및 형별에 따라 차등) 2. 보험기간 : 3/5/7/10/12/15/20/30년, 80세 만기 3. 판매채널 : 대면채널, 방카슈랑스 4. 해약환급금 및 적립액 작성기준  - 기본보험료 30만원, 40세, 10년만기, 전기납, 월납, 적립형(수익형), 공시이율 2.25%기준 5. 예상수익률/계약관리비용/유지관리비용/위험보장 작성기준  - 남자 40세, 기본보험료 30만원, 10년만기, 전기납, 월납, 적립형(수익형)  - 상기 비용 및 위험보험료, 수익률은 보험기간을 기준으로 예시함(적립형(수익형))  - 10년시점 수익률은 만기보험금 최저보증[이미 납입한 보험료+1,000원]을 적용하여 예시함""",1544-4000
NH농협생명,NHe부자습관저축보험(무배당),1.0,"3,600,000 원","3,623,075 원",100.64 %,"3,623,075 원","3,623,117 원",100.64 %,"3,623,117 원",0.28 %,0.64 %,0.78 %,-,0.56 %,0.0070 %,-,2.25 %,10년이내 1.0% 10년초과 0.5%,적립,비유니버셜,월납,CM,2025-01-01,"""1. 가입나이 : 만19세 ~ 최고 65세 2. 보험기간 : 5/10년 만기 3. 판매채널 : CM 4. 해약환급금 및 적립액 작성기준  - 기본보험료 30만원, 40세, 10년만기, 전기납, 월납, 공시이율 2.25%기준 5. 예상수익률/계약관리비용/유지관리비용/위험보장 작성기준  - 남자 40세, 기본보험료 30만원, 10년 만기, 전기납, 월납  - 상기 비용 및 위험보험료, 수익률은 보험기간을 기준으로 예시함  - 사업비를 기본보험료 납입에 따른 경과이자(기본보험료 납입 전일 종료시점의 기본보험료의 계약자적립액에서 이미 납입한 기본보험료를 차감한 금액)에 비례하여 차감하는 방식으로서 계약체결비용 및 유지/관리비용은 현재 공시이율 기준으로 산출  - 10년시점 수익률은 해당계약이 만기시점에 유효한 계약으로 가정하여, 만기유지보너스가 반영된 수치임""",1544-4000
NH농협생명,NHe부자습관저축보험(무배당),3.0,"10,800,000 원","10,914,686 원",101.06 %,"10,914,686 원","10,914,836 원",101.06 %,"10,914,836 원",0.37 %,1.06 %,1.56 %,-,2.39 %,0.0080 %,-,2.25 %,10년이내 1.0% 10년초과 0.5%,적립,비유니버셜,월납,CM,2025-01-01,"""1. 가입나이 : 만19세 ~ 최고 65세 2. 보험기간 : 5/10년 만기 3. 판매채널 : CM 4. 해약환급금 및 적립액 작성기준  - 기본보험료 30만원, 40세, 10년만기, 전기납, 월납, 공시이율 2.25%기준 5. 예상수익률/계약관리비용/유지관리비용/위험보장 작성기준  - 남자 40세, 기본보험료 30만원, 10년 만기, 전기납, 월납  - 상기 비용 및 위험보험료, 수익률은 보험기간을 기준으로 예시함  - 사업비를 기본보험료 납입에 따른 경과이자(기본보험료 납입 전일 종료시점의 기본보험료의 계약자적립액에서 이미 납입한 기본보험료를 차감한 금액)에 비례하여 차감하는 방식으로서 계약체결비용 및 유지/관리비용은 현재 공시이율 기준으로 산출  - 10년시점 수익률은 해당계약이 만기시점에 유효한 계약으로 가정하여, 만기유지보너스가 반영된 수치임""",1544-4000
NH농협생명,NHe부자습관저축보험(무배당),5.0,"18,000,000 원","18,463,511 원",102.58 %,"18,463,511 원","18,464,000 원",102.58 %,"18,464,000 원",0.44 %,2.58 %,3.72 %,-,3.16 %,0.0086 %,-,2.25 %,10년이내 1.0% 10년초과 0.5%,적립,비유니버셜,월납,CM,2025-01-01,"""1. 가입나이 : 만19세 ~ 최고 65세 2. 보험기간 : 5/10년 만기 3. 판매채널 : CM 4. 해약환급금 및 적립액 작성기준  - 기본보험료 30만원, 40세, 10년만기, 전기납, 월납, 공시이율 2.25%기준 5. 예상수익률/계약관리비용/유지관리비용/위험보장 작성기준  - 남자 40세, 기본보험료 30만원, 10년 만기, 전기납, 월납  - 상기 비용 및 위험보험료, 수익률은 보험기간을 기준으로 예시함  - 사업비를 기본보험료 납입에 따른 경과이자(기본보험료 납입 전일 종료시점의 기본보험료의 계약자적립액에서 이미 납입한 기본보험료를 차감한 금액)에 비례하여 차감하는 방식으로서 계약체결비용 및 유지/관리비용은 현재 공시이율 기준으로 산출  - 10년시점 수익률은 해당계약이 만기시점에 유효한 계약으로 가정하여, 만기유지보너스가 반영된 수치임""",1544-4000
NH농협생명,NHe부자습관저축보험(무배당),7.0,"25,200,000 원","26,355,707 원",104.59 %,"26,355,707 원","26,356,623 원",104.59 %,"26,356,623 원",0.81 %,4.59 %,6.34 %,-,3.48 %,0.0094 %,-,2.25 %,10년이내 1.0% 10년초과 0.5%,적립,비유니버셜,월납,CM,2025-01-01,"""1. 가입나이 : 만19세 ~ 최고 65세 2. 보험기간 : 5/10년 만기 3. 판매채널 : CM 4. 해약환급금 및 적립액 작성기준  - 기본보험료 30만원, 40세, 10년만기, 전기납, 월납, 공시이율 2.25%기준 5. 예상수익률/계약관리비용/유지관리비용/위험보장 작성기준  - 남자 40세, 기본보험료 30만원, 10년 만기, 전기납, 월납  - 상기 비용 및 위험보험료, 수익률은 보험기간을 기준으로 예시함  - 사업비를 기본보험료 납입에 따른 경과이자(기본보험료 납입 전일 종료시점의 기본보험료의 계약자적립액에서 이미 납입한 기본보험료를 차감한 금액)에 비례하여 차감하는 방식으로서 계약체결비용 및 유지/관리비용은 현재 공시이율 기준으로 산출  - 10년시점 수익률은 해당계약이 만기시점에 유효한 계약으로 가정하여, 만기유지보너스가 반영된 수치임""",1544-4000
NH농협생명,NHe부자습관저축보험(무배당),10.0,"36,000,000 원","39,160,198 원",108.78 %,"39,160,198 원","39,161,922 원",108.78 %,"39,161,922 원",2.66 %,8.78 %,11.49 %,-,3.72 %,0.0108 %,-,2.25 %,10년이내 1.0% 10년초과 0.5%,적립,비유니버셜,월납,CM,2025-01-01,"""1. 가입나이 : 만19세 ~ 최고 65세 2. 보험기간 : 5/10년 만기 3. 판매채널 : CM 4. 해약환급금 및 적립액 작성기준  - 기본보험료 30만원, 40세, 10년만기, 전기납, 월납, 공시이율 2.25%기준 5. 예상수익률/계약관리비용/유지관리비용/위험보장 작성기준  - 남자 40세, 기본보험료 30만원, 10년 만기, 전기납, 월납  - 상기 비용 및 위험보험료, 수익률은 보험기간을 기준으로 예시함  - 사업비를 기본보험료 납입에 따른 경과이자(기본보험료 납입 전일 종료시점의 기본보험료의 계약자적립액에서 이미 납입한 기본보험료를 차감한 금액)에 비례하여 차감하는 방식으로서 계약체결비용 및 유지/관리비용은 현재 공시이율 기준으로 산출  - 10년시점 수익률은 해당계약이 만기시점에 유효한 계약으로 가정하여, 만기유지보너스가 반영된 수치임""",1544-4000
교보라이프플래닛생명,교보라이프플래닛(무)b저축보험,1.0,"3,600,000 원","3,490,454 원",96.96 %,"3,490,454 원","3,490,454 원",96.96 %,"3,490,454 원",-3.48 %,-3.04 %,-2.71 %,-,4.13 %,0.0050 %,-,2.10 %,5년 미만 1.25% 5년 이상 10년 미만 1.00% 10년 이상 0.75%,적립,비유니버셜,월납,방카슈랑스  CM,2025-09-01,"1. 가입나이 : 만 19세 ~ 최대 77세 2. 보험기간 : 3년/5년/10년/20년만기, 보험료 납입기간 : 2년/3년/5년/10년/전기납 3. 해약환급금 예시 기준 : 2종, 40세, 10년만기, 전기납, 월납, 기본보험료 30만원, 공시이율 2.10% 4. 고액계약 만기유지보너스 기본보험료가 50만원 이상인 계약에서 기본보험료 납입을 완료하고 만기까지 유지된 경우에 한하여 고액계약 만기유지보너스 해당금액을 기본보험료 납입에 따른 계약자적립액에 더하여 계산 (5년납 미만) 50만원 이상 : 만기시점의 기본보험료 납입에 따른 계약자적립액의 1.0% (5년납 이상) 50만원 이상 : 만기시점의 기본보험료 납입에 따른 계약자적립액의 1.5%",1566-0999
교보라이프플래닛생명,교보라이프플래닛(무)b저축보험,3.0,"10,800,000 원","10,692,800 원",99.01 %,"10,692,800 원","10,692,800 원",99.01 %,"10,692,800 원",-2.27 %,-0.99 %,-0.01 %,-,4.12 %,0.0057 %,-,2.10 %,5년 미만 1.25% 5년 이상 10년 미만 1.00% 10년 이상 0.75%,적립,비유니버셜,월납,방카슈랑스  CM,2025-09-01,"1. 가입나이 : 만 19세 ~ 최대 77세 2. 보험기간 : 3년/5년/10년/20년만기, 보험료 납입기간 : 2년/3년/5년/10년/전기납 3. 해약환급금 예시 기준 : 2종, 40세, 10년만기, 전기납, 월납, 기본보험료 30만원, 공시이율 2.10% 4. 고액계약 만기유지보너스 기본보험료가 50만원 이상인 계약에서 기본보험료 납입을 완료하고 만기까지 유지된 경우에 한하여 고액계약 만기유지보너스 해당금액을 기본보험료 납입에 따른 계약자적립액에 더하여 계산 (5년납 미만) 50만원 이상 : 만기시점의 기본보험료 납입에 따른 계약자적립액의 1.0% (5년납 이상) 50만원 이상 : 만기시점의 기본보험료 납입에 따른 계약자적립액의 1.5%",1566-0999
교보라이프플래닛생명,교보라이프플래닛(무)b저축보험,5.0,"18,000,000 원","18,125,620 원",100.70 %,"18,125,620 원","18,125,620 원",100.70 %,"18,125,620 원",-1.04 %,0.70 %,1.88 %,-,4.54 %,0.0062 %,-,2.10 %,5년 미만 1.25% 5년 이상 10년 미만 1.00% 10년 이상 0.75%,적립,비유니버셜,월납,방카슈랑스  CM,2025-09-01,"1. 가입나이 : 만 19세 ~ 최대 77세 2. 보험기간 : 3년/5년/10년/20년만기, 보험료 납입기간 : 2년/3년/5년/10년/전기납 3. 해약환급금 예시 기준 : 2종, 40세, 10년만기, 전기납, 월납, 기본보험료 30만원, 공시이율 2.10% 4. 고액계약 만기유지보너스 기본보험료가 50만원 이상인 계약에서 기본보험료 납입을 완료하고 만기까지 유지된 경우에 한하여 고액계약 만기유지보너스 해당금액을 기본보험료 납입에 따른 계약자적립액에 더하여 계산 (5년납 미만) 50만원 이상 : 만기시점의 기본보험료 납입에 따른 계약자적립액의 1.0% (5년납 이상) 50만원 이상 : 만기시점의 기본보험료 납입에 따른 계약자적립액의 1.5%",1566-0999
교보라이프플래닛생명,교보라이프플래닛(무)b저축보험,7.0,"25,200,000 원","25,765,145 원",102.24 %,"25,765,145 원","25,765,145 원",102.24 %,"25,765,145 원",-0.22 %,2.24 %,4.28 %,-,5.13 %,0.0067 %,-,2.10 %,5년 미만 1.25% 5년 이상 10년 미만 1.00% 10년 이상 0.75%,적립,비유니버셜,월납,방카슈랑스  CM,2025-09-01,"1. 가입나이 : 만 19세 ~ 최대 77세 2. 보험기간 : 3년/5년/10년/20년만기, 보험료 납입기간 : 2년/3년/5년/10년/전기납 3. 해약환급금 예시 기준 : 2종, 40세, 10년만기, 전기납, 월납, 기본보험료 30만원, 공시이율 2.10% 4. 고액계약 만기유지보너스 기본보험료가 50만원 이상인 계약에서 기본보험료 납입을 완료하고 만기까지 유지된 경우에 한하여 고액계약 만기유지보너스 해당금액을 기본보험료 납입에 따른 계약자적립액에 더하여 계산 (5년납 미만) 50만원 이상 : 만기시점의 기본보험료 납입에 따른 계약자적립액의 1.0% (5년납 이상) 50만원 이상 : 만기시점의 기본보험료 납입에 따른 계약자적립액의 1.5%",1566-0999
교보라이프플래닛생명,교보라이프플래닛(무)b저축보험,10.0,"36,000,000 원","38,241,509 원",106.23 %,"38,241,509 원","38,241,509 원",106.23 %,"38,241,509 원",1.61 %,6.23 %,9.53 %,-,4.49 %,0.0077 %,-,2.10 %,5년 미만 1.25% 5년 이상 10년 미만 1.00% 10년 이상 0.75%,적립,비유니버셜,월납,방카슈랑스  CM,2025-09-01,"1. 가입나이 : 만 19세 ~ 최대 77세 2. 보험기간 : 3년/5년/10년/20년만기, 보험료 납입기간 : 2년/3년/5년/10년/전기납 3. 해약환급금 예시 기준 : 2종, 40세, 10년만기, 전기납, 월납, 기본보험료 30만원, 공시이율 2.10% 4. 고액계약 만기유지보너스 기본보험료가 50만원 이상인 계약에서 기본보험료 납입을 완료하고 만기까지 유지된 경우에 한하여 고액계약 만기유지보너스 해당금액을 기본보험료 납입에 따른 계약자적립액에 더하여 계산 (5년납 미만) 50만원 이상 : 만기시점의 기본보험료 납입에 따른 계약자적립액의 1.0% (5년납 이상) 50만원 이상 : 만기시점의 기본보험료 납입에 따른 계약자적립액의 1.5%",1566-0999
교보라이프플래닛생명,(무)교보라플 저축보험,1.0,"3,600,000 원","3,686,713 원",102.41 %,"3,621,525 원","3,686,726 원",102.41 %,"3,621,539 원",2.16 %,2.41 %,2.60 %,-,0.53 %,0.0050 %,-,2.10 %,5년 미만 1.25% 5년 이상 10년 미만 1.00% 10년 이상 0.75%,적립,비유니버셜,월납,CM,2025-09-01,"1. 가입나이 : 만 19세 ~ 최고 70세 2. 보험기간 : 1년/2년/3년/10년만기, 보험료 납입기간 : 5년납, 전기납 3. 해약환급금 예시 기준 : 40세, 10년만기, 전기납, 월납, 기본보험료 30만원, 공시이율 2.10% 4. 기타사항 : 기본보험료 납입을 완료하고 만기까지 유지된 계약에 한하여 만기유지보너스 해당금액을 기본보험료 계약자적립액에 더하여 계산 (1/2/3년만기 : 0.3%, 10년만기 : 1.8%) ※ 무배당 교보라플 저축보험에서 해약공제액(미상각신계약비)이 발생하는 이유는계약자적립액과 해약환급금의 만기유지보너스의 포함 유무 때문이며, 실제 해약공제액(미상각신계약비)은 없습니다.",1566-0999
교보라이프플래닛생명,(무)교보라플 저축보험,3.0,"10,800,000 원","11,128,685 원",103.04 %,"10,931,911 원","11,128,774 원",103.04 %,"10,931,998 원",2.34 %,3.04 %,3.74 %,-,2.00 %,0.0057 %,-,2.10 %,5년 미만 1.25% 5년 이상 10년 미만 1.00% 10년 이상 0.75%,적립,비유니버셜,월납,CM,2025-09-01,"1. 가입나이 : 만 19세 ~ 최고 70세 2. 보험기간 : 1년/2년/3년/10년만기, 보험료 납입기간 : 5년납, 전기납 3. 해약환급금 예시 기준 : 40세, 10년만기, 전기납, 월납, 기본보험료 30만원, 공시이율 2.10% 4. 기타사항 : 기본보험료 납입을 완료하고 만기까지 유지된 계약에 한하여 만기유지보너스 해당금액을 기본보험료 계약자적립액에 더하여 계산 (1/2/3년만기 : 0.3%, 10년만기 : 1.8%) ※ 무배당 교보라플 저축보험에서 해약공제액(미상각신계약비)이 발생하는 이유는계약자적립액과 해약환급금의 만기유지보너스의 포함 유무 때문이며, 실제 해약공제액(미상각신계약비)은 없습니다.",1566-0999
교보라이프플래닛생명,(무)교보라플 저축보험,5.0,"18,000,000 원","18,806,376 원",104.48 %,"18,473,847 원","18,806,693 원",104.48 %,"18,474,158 원",2.78 %,4.48 %,6.01 %,-,2.72 %,0.0062 %,-,2.10 %,5년 미만 1.25% 5년 이상 10년 미만 1.00% 10년 이상 0.75%,적립,비유니버셜,월납,CM,2025-09-01,"1. 가입나이 : 만 19세 ~ 최고 70세 2. 보험기간 : 1년/2년/3년/10년만기, 보험료 납입기간 : 5년납, 전기납 3. 해약환급금 예시 기준 : 40세, 10년만기, 전기납, 월납, 기본보험료 30만원, 공시이율 2.10% 4. 기타사항 : 기본보험료 납입을 완료하고 만기까지 유지된 계약에 한하여 만기유지보너스 해당금액을 기본보험료 계약자적립액에 더하여 계산 (1/2/3년만기 : 0.3%, 10년만기 : 1.8%) ※ 무배당 교보라플 저축보험에서 해약공제액(미상각신계약비)이 발생하는 이유는계약자적립액과 해약환급금의 만기유지보너스의 포함 유무 때문이며, 실제 해약공제액(미상각신계약비)은 없습니다.",1566-0999
교보라이프플래닛생명,(무)교보라플 저축보험,7.0,"25,200,000 원","26,809,840 원",106.39 %,"26,335,796 원","26,810,396 원",106.39 %,"26,336,342 원",3.16 %,6.39 %,8.73 %,-,3.03 %,0.0067 %,-,2.10 %,5년 미만 1.25% 5년 이상 10년 미만 1.00% 10년 이상 0.75%,적립,비유니버셜,월납,CM,2025-09-01,"1. 가입나이 : 만 19세 ~ 최고 70세 2. 보험기간 : 1년/2년/3년/10년만기, 보험료 납입기간 : 5년납, 전기납 3. 해약환급금 예시 기준 : 40세, 10년만기, 전기납, 월납, 기본보험료 30만원, 공시이율 2.10% 4. 기타사항 : 기본보험료 납입을 완료하고 만기까지 유지된 계약에 한하여 만기유지보너스 해당금액을 기본보험료 계약자적립액에 더하여 계산 (1/2/3년만기 : 0.3%, 10년만기 : 1.8%) ※ 무배당 교보라플 저축보험에서 해약공제액(미상각신계약비)이 발생하는 이유는계약자적립액과 해약환급금의 만기유지보너스의 포함 유무 때문이며, 실제 해약공제액(미상각신계약비)은 없습니다.",1566-0999
교보라이프플래닛생명,(무)교보라플 저축보험,10.0,"36,000,000 원","39,456,184 원",109.60 %,"39,456,184 원","39,457,266 원",109.60 %,"39,457,266 원",4.23 %,9.60 %,13.20 %,-,3.26 %,0.0077 %,-,2.10 %,5년 미만 1.25% 5년 이상 10년 미만 1.00% 10년 이상 0.75%,적립,비유니버셜,월납,CM,2025-09-01,"1. 가입나이 : 만 19세 ~ 최고 70세 2. 보험기간 : 1년/2년/3년/10년만기, 보험료 납입기간 : 5년납, 전기납 3. 해약환급금 예시 기준 : 40세, 10년만기, 전기납, 월납, 기본보험료 30만원, 공시이율 2.10% 4. 기타사항 : 기본보험료 납입을 완료하고 만기까지 유지된 계약에 한하여 만기유지보너스 해당금액을 기본보험료 계약자적립액에 더하여 계산 (1/2/3년만기 : 0.3%, 10년만기 : 1.8%) ※ 무배당 교보라플 저축보험에서 해약공제액(미상각신계약비)이 발생하는 이유는계약자적립액과 해약환급금의 만기유지보너스의 포함 유무 때문이며, 실제 해약공제액(미상각신계약비)은 없습니다.",1566-0999
