user_id,age,sex,monthly_budget,family_cancer_history,preferred_coverage_period,selected_policy_id
user_1158,35,F,65000,False,20년,40
user_0127,20,M,15000,False,20년,83
user_1043,35,F,50000,False,20년,68
user_1980,55,F,65000,False,종신,52
user_1276,40,F,40000,False,종신,11
user_1662,45,F,50000,True,10년,21
user_0682,30,M,20000,False,20년,6
user_1493,40,F,35000,False,20년,83
user_1583,45,F,40000,False,20년,58
user_0058,20,M,20000,False,종신,43
user_0358,25,M,20000,True,10년,16
user_1105,35,F,50000,False,20년,93
user_0212,25,M,25000,True,종신,17
user_1118,35,F,40000,False,종신,10
user_1962,55,F,65000,False,종신,15
user_0695,30,M,35000,False,20년,13
user_0429,25,M,25000,False,10년,24
user_1495,40,F,55000,False,20년,57
user_1618,45,F,40000,False,종신,29
user_1483,40,F,55000,False,20년,34
user_1847,50,F,65000,False,종신,52
user_1658,45,F,65000,False,종신,11
user_1037,35,F,30000,False,20년,30
user_1838,50,F,50000,False,종신,22
user_0303,25,M,25000,False,종신,12
user_1570,45,F,45000,False,종신,53
user_1094,35,F,40000,False,종신,10
user_0034,20,M,15000,False,10년,34
user_1932,50,F,55000,False,20년,64
user_0480,25,M,25000,False,10년,4
user_1691,45,F,55000,False,종신,50
user_0276,25,M,20000,False,10년,8
user_1789,45,F,55000,False,20년,11
user_1779,45,F,45000,True,종신,94
user_1423,40,F,35000,False,종신,95
user_0185,20,M,20000,True,20년,83
user_0655,30,M,50000,True,20년,41
user_1362,40,F,45000,False,10년,15
user_1213,35,F,35000,True,종신,52
user_0732,30,M,25000,False,10년,36
user_1455,40,F,45000,False,종신,9
user_0191,20,M,20000,False,10년,36
user_1909,50,F,35000,False,종신,3
user_0304,25,M,25000,False,10년,79
user_1328,40,F,40000,False,20년,27
user_0036,20,M,15000,False,20년,45
user_0419,25,M,25000,False,종신,8
user_0572,30,M,40000,False,10년,47
user_1523,40,F,40000,False,종신,40
user_0182,20,M,15000,False,10년,7
user_1934,50,F,50000,False,종신,95
user_0856,30,M,25000,False,10년,73
user_0221,25,M,30000,False,20년,83
user_0835,30,M,30000,True,10년,84
user_0636,30,M,20000,False,종신,31
user_1981,55,F,45000,False,20년,90
user_1407,40,F,25000,False,10년,11
user_0194,20,M,15000,False,10년,7
user_0526,30,M,15000,False,10년,4
user_0103,20,M,20000,False,10년,24
user_1117,35,F,65000,False,20년,41
user_1724,45,F,55000,False,종신,19
user_1650,45,F,80000,False,종신,86
user_1418,40,F,45000,False,종신,21
user_1065,35,F,35000,False,종신,12
user_1817,50,F,25000,False,종신,41
user_1042,35,F,35000,True,20년,21
user_1272,40,F,45000,False,20년,79
user_0367,25,M,20000,False,10년,6
user_0102,20,M,20000,False,10년,84
user_0488,25,M,15000,False,10년,68
user_0222,25,M,10000,False,10년,8
user_0399,25,M,20000,False,20년,2
user_1642,45,F,65000,False,20년,81
user_1869,50,F,35000,False,20년,71
user_1933,50,F,45000,True,종신,54
user_0096,20,M,15000,False,10년,68
user_1682,45,F,50000,True,20년,16
user_1209,35,F,25000,True,20년,48
user_0404,25,M,20000,False,10년,7
user_1056,35,F,35000,False,20년,80
user_0762,30,M,30000,False,종신,35
user_0884,30,M,35000,False,10년,31
user_0238,25,M,20000,False,10년,4
user_1994,55,F,70000,False,종신,21
user_0658,30,M,30000,False,10년,31
user_1221,35,F,30000,True,20년,74
user_1325,40,F,40000,True,20년,66
user_1826,50,F,55000,False,종신,88
user_0318,25,M,20000,False,20년,35
user_1819,50,F,45000,True,20년,19
user_0964,35,F,45000,True,종신,52
user_0224,25,M,10000,False,20년,45
user_0016,20,M,15000,True,10년,73
user_1888,50,F,55000,False,종신,56
user_0140,20,M,15000,False,10년,34
user_1289,40,F,30000,False,종신,40
user_0263,25,M,10000,False,10년,28
user_1059,35,F,45000,False,종신,1
user_0622,30,M,35000,False,20년,8
user_1506,40,F,35000,False,20년,5
user_1966,55,F,60000,False,종신,53
user_1729,45,F,55000,False,20년,38
user_1025,35,F,55000,False,종신,35
user_1945,50,F,55000,False,종신,88
user_0403,25,M,20000,False,10년,12
user_1514,40,F,20000,False,20년,48
user_1185,35,F,30000,False,20년,72
user_1195,35,F,25000,False,종신,10
user_1441,40,F,45000,False,20년,11
user_0079,20,M,20000,True,10년,42
user_0243,25,M,25000,False,10년,9
user_1096,35,F,40000,False,20년,87
user_1540,40,F,10000,False,20년,66
user_1567,45,F,50000,False,20년,65
user_0817,30,M,30000,False,20년,79
user_1707,45,F,60000,True,종신,56
user_1273,40,F,30000,False,종신,11
user_0156,20,M,15000,True,20년,84
user_0524,30,M,35000,False,20년,52
user_0823,30,M,45000,False,10년,75
user_0234,25,M,15000,False,10년,77
user_1606,45,F,40000,False,10년,31
user_1773,45,F,45000,False,종신,7
user_0284,25,M,15000,False,20년,8
user_0162,20,M,25000,False,20년,35
user_1692,45,F,45000,False,종신,54
user_1517,40,F,55000,False,20년,84
user_1320,40,F,40000,False,20년,2
user_1915,50,F,30000,False,종신,41
user_1253,40,F,20000,False,20년,48
user_0675,30,M,20000,True,10년,28
user_1116,35,F,45000,True,20년,18
user_0153,20,M,15000,False,10년,12
user_0507,30,M,25000,False,20년,83
user_1576,45,F,50000,False,종신,20
user_0669,30,M,10000,True,20년,83
user_0190,20,M,10000,False,10년,44
user_0405,25,M,20000,False,20년,28
user_0348,25,M,15000,False,10년,84
user_0879,30,M,30000,False,종신,54
user_0045,20,M,15000,False,20년,9
user_0489,25,M,30000,False,20년,44
user_0851,30,M,25000,False,10년,28
user_0834,30,M,25000,False,20년,24
user_0534,30,M,20000,False,10년,4
user_1023,35,F,40000,False,종신,41
user_0511,30,M,30000,True,20년,65
user_1336,40,F,35000,False,종신,3
user_1612,45,F,30000,False,종신,18
user_1761,45,F,70000,False,종신,90
user_0372,25,M,20000,False,10년,12
user_1161,35,F,15000,False,20년,9
user_0755,30,M,25000,False,20년,43
user_0414,25,M,25000,False,10년,84
user_0552,30,M,30000,False,10년,18
user_1451,40,F,45000,False,20년,67
user_1593,45,F,55000,False,종신,54
user_0484,25,M,20000,False,20년,12
user_1601,45,F,50000,False,종신,53
user_0745,30,M,35000,False,10년,35
user_0114,20,M,30000,False,20년,63
user_0435,25,M,30000,False,20년,63
user_1928,50,F,45000,False,종신,43
user_1970,55,F,75000,False,종신,8
user_1750,45,F,60000,True,10년,83
user_1247,35,F,40000,True,20년,41
user_1242,35,F,40000,False,20년,17
user_1810,50,F,60000,False,종신,3
user_1577,45,F,30000,False,종신,45
user_0035,20,M,25000,False,20년,58
user_0519,30,M,30000,True,20년,16
user_1436,40,F,45000,False,10년,54
user_1677,45,F,65000,False,20년,24
user_0595,30,M,35000,False,20년,63
user_0280,25,M,20000,True,10년,28
user_0846,30,M,35000,False,20년,66
user_0612,30,M,30000,False,10년,35
user_1507,40,F,45000,False,종신,94
user_0301,25,M,15000,False,20년,6
user_1199,35,F,40000,False,20년,34
user_1467,40,F,55000,False,20년,17
user_0130,20,M,15000,True,종신,66
user_1124,35,F,30000,True,20년,87
user_1280,40,F,35000,False,10년,83
user_0252,25,M,25000,True,20년,38
user_0818,30,M,35000,False,종신,36
user_1256,40,F,30000,False,종신,54
user_1198,35,F,45000,False,20년,53
user_0614,30,M,20000,True,10년,65
user_1748,45,F,55000,False,종신,18
user_1684,45,F,55000,False,종신,6
user_1326,40,F,20000,False,종신,54
user_1554,45,F,40000,False,종신,88
user_1897,50,F,45000,False,종신,51
user_1717,45,F,55000,False,종신,21
user_0949,35,F,40000,False,20년,35
user_0360,25,M,15000,False,10년,46
user_0460,25,M,15000,True,종신,10
user_1144,35,F,40000,False,10년,83
user_1610,45,F,45000,False,종신,56
user_1769,45,F,50000,False,종신,54
user_1828,50,F,65000,False,10년,70
user_0485,25,M,15000,False,20년,4
user_1626,45,F,65000,False,종신,12
user_1109,35,F,35000,False,20년,83
user_1896,50,F,45000,False,10년,64
user_1007,35,F,50000,True,종신,3
user_0610,30,M,40000,True,20년,18
user_1916,50,F,45000,True,20년,70
user_0108,20,M,20000,False,10년,2
user_0361,25,M,25000,False,20년,9
user_1282,40,F,40000,False,20년,55
user_1800,45,F,50000,False,종신,52
user_1049,35,F,55000,False,20년,63
user_0565,30,M,40000,False,20년,17
user_0727,30,M,30000,False,20년,68
user_0777,30,M,25000,False,10년,17
user_1405,40,F,50000,False,종신,20
user_0645,30,M,30000,False,20년,71
user_1777,45,F,45000,False,10년,66
user_1804,50,F,30000,False,종신,56
user_1982,55,F,40000,True,종신,52
user_1763,45,F,50000,False,20년,60
user_1745,45,F,40000,False,종신,5
user_1515,40,F,40000,False,20년,41
user_1862,50,F,60000,False,종신,19
user_1791,45,F,25000,False,종신,12
user_0298,25,M,20000,False,10년,84
user_1961,55,F,60000,False,종신,30
user_0251,25,M,15000,False,10년,77
user_0151,20,M,20000,False,10년,45
user_1753,45,F,40000,True,종신,54
user_0946,35,F,30000,False,20년,50
user_0478,25,M,20000,False,20년,44
user_0867,30,M,30000,False,10년,45
user_1751,45,F,20000,False,종신,17
user_0172,20,M,15000,True,종신,2
user_1844,50,F,50000,False,종신,53
user_0903,35,F,40000,False,20년,28
user_1287,40,F,20000,False,종신,4
user_1883,50,F,35000,False,종신,50
user_0283,25,M,30000,False,20년,12
user_0963,35,F,40000,False,10년,91
user_1705,45,F,55000,False,20년,92
user_1110,35,F,60000,False,종신,86
user_0398,25,M,25000,True,종신,17
user_1461,40,F,40000,False,20년,3
user_1806,50,F,30000,False,종신,94
user_1151,35,F,30000,False,종신,30
user_0935,35,F,45000,False,20년,93
user_1659,45,F,40000,False,20년,93
user_0883,30,M,25000,False,20년,77
user_1032,35,F,25000,False,20년,30
user_0250,25,M,20000,False,20년,31
user_0515,30,M,25000,False,20년,77
user_1835,50,F,45000,False,10년,38
user_1581,45,F,50000,False,20년,20
user_1964,55,F,70000,False,종신,50
user_1617,45,F,55000,False,20년,91
user_1006,35,F,45000,False,20년,66
user_0583,30,M,35000,False,20년,54
user_0199,20,M,20000,False,10년,6
user_1353,40,F,45000,False,20년,63
user_0722,30,M,20000,False,10년,93
user_0119,20,M,25000,True,10년,24
user_1542,40,F,60000,True,10년,58
user_0863,30,M,40000,False,20년,80
user_0652,30,M,40000,False,10년,69
user_0116,20,M,20000,False,종신,36
user_1119,35,F,40000,False,종신,49
user_0018,20,M,20000,False,종신,8
user_0174,20,M,20000,False,10년,16
user_1849,50,F,60000,False,종신,86
user_0255,25,M,10000,False,종신,45
user_1661,45,F,65000,True,종신,88
user_0343,25,M,20000,False,10년,79
user_1447,40,F,35000,False,10년,53
user_0535,30,M,25000,False,종신,17
user_1308,40,F,40000,True,종신,54
user_0066,20,M,25000,False,10년,48
user_1543,40,F,55000,False,20년,71
user_1224,35,F,45000,False,종신,52
user_0179,20,M,20000,True,종신,46
user_0633,30,M,30000,True,10년,84
user_1262,40,F,40000,True,20년,40
user_1143,35,F,40000,False,20년,38
user_1754,45,F,30000,False,종신,5
user_1766,45,F,40000,False,20년,57
user_0335,25,M,25000,False,종신,2
user_1250,35,F,25000,True,종신,49
user_1425,40,F,30000,False,종신,41
user_0532,30,M,20000,False,20년,23
user_1501,40,F,50000,False,종신,49
user_0908,35,F,45000,True,20년,5
user_1681,45,F,55000,False,종신,3
user_0137,20,M,15000,False,20년,73
user_0424,25,M,25000,True,종신,17
user_0791,30,M,35000,False,종신,4
user_1582,45,F,65000,True,20년,58
user_1472,40,F,35000,False,10년,74
user_0305,25,M,20000,True,20년,28
user_1755,45,F,55000,False,종신,50
user_0075,20,M,10000,False,10년,6
user_1050,35,F,55000,False,20년,5
user_0929,35,F,55000,False,20년,53
user_1943,50,F,55000,False,종신,46
user_0040,20,M,20000,False,10년,46
user_0022,20,M,20000,False,종신,43
user_1202,35,F,35000,False,20년,94
user_0369,25,M,20000,False,10년,42
user_1359,40,F,25000,False,20년,42
user_1388,40,F,55000,False,종신,56
user_0993,35,F,40000,False,10년,28
user_0691,30,M,25000,False,10년,36
user_1332,40,F,50000,False,20년,12
user_0975,35,F,35000,False,20년,3
user_0027,20,M,15000,False,20년,83
user_1255,40,F,50000,False,20년,82
user_1014,35,F,35000,False,종신,49
user_0650,30,M,35000,False,10년,36
user_1283,40,F,45000,False,종신,12
user_1852,50,F,70000,True,종신,17
user_1012,35,F,40000,False,20년,24
user_0206,25,M,15000,False,20년,43
user_1431,40,F,45000,True,20년,72
user_1511,40,F,30000,False,종신,50
user_0527,30,M,20000,False,종신,9
user_1772,45,F,70000,False,10년,93
user_1236,35,F,55000,False,10년,70
user_1048,35,F,25000,False,20년,51
user_1886,50,F,55000,False,종신,51
user_0175,20,M,20000,False,10년,34
user_1595,45,F,20000,True,20년,30
user_1207,35,F,35000,False,종신,18
user_0744,30,M,30000,False,10년,72
user_1073,35,F,40000,False,10년,1
user_0078,20,M,20000,False,20년,7
user_0005,20,M,20000,False,10년,4
user_0611,30,M,35000,False,20년,3
user_0370,25,M,15000,False,10년,75
user_0641,30,M,30000,False,종신,36
user_1146,35,F,40000,False,20년,47
user_0690,30,M,35000,False,20년,8
user_0733,30,M,35000,False,종신,18
user_0880,30,M,40000,False,10년,44
user_1680,45,F,45000,False,종신,12
user_0143,20,M,10000,False,10년,31
user_1085,35,F,45000,False,10년,40
user_1088,35,F,40000,False,10년,57
user_1329,40,F,30000,True,종신,50
user_0665,30,M,25000,True,10년,17
user_0220,25,M,20000,False,10년,28
user_1950,50,F,50000,True,10년,67
user_1045,35,F,40000,False,10년,49
user_1664,45,F,45000,False,20년,82
user_1899,50,F,55000,True,종신,53
user_1919,50,F,50000,True,종신,17
user_1051,35,F,35000,False,20년,7
user_0392,25,M,20000,True,종신,42
user_1269,40,F,35000,False,10년,65
user_0775,30,M,35000,False,20년,2
user_0720,30,M,30000,False,20년,56
user_0015,20,M,10000,True,종신,31
user_0163,20,M,25000,False,20년,83
user_1402,40,F,45000,False,종신,41
user_1683,45,F,40000,False,종신,22
user_1607,45,F,50000,False,20년,66
user_1069,35,F,35000,False,종신,31
user_2000,55,F,50000,False,종신,44
user_1132,35,F,45000,False,10년,91
user_1979,55,F,50000,False,10년,48
user_1111,35,F,40000,False,종신,94
user_1150,35,F,30000,False,20년,83
user_0953,35,F,25000,False,20년,17
user_0455,25,M,15000,False,종신,2
user_0609,30,M,20000,False,10년,8
user_1366,40,F,40000,False,20년,3
user_1768,45,F,50000,True,종신,11
user_1670,45,F,55000,False,20년,70
user_1371,40,F,40000,False,20년,11
user_0409,25,M,20000,False,10년,24
user_1002,35,F,50000,False,10년,79
user_0961,35,F,45000,False,20년,2
user_0266,25,M,15000,True,20년,83
user_0861,30,M,30000,False,10년,24
user_0678,30,M,40000,False,10년,9
user_0760,30,M,35000,True,10년,73
user_0567,30,M,15000,True,10년,73
user_0262,25,M,20000,False,종신,45
user_1687,45,F,45000,True,20년,73
user_1949,50,F,65000,False,20년,83
user_1901,50,F,60000,False,10년,34
user_0990,35,F,40000,False,종신,8
user_1258,40,F,45000,False,10년,73
user_1504,40,F,40000,False,종신,54
user_0771,30,M,35000,False,10년,93
user_0254,25,M,25000,False,10년,35
user_0786,30,M,40000,True,10년,51
user_0430,25,M,10000,True,10년,28
user_0125,20,M,25000,False,20년,28
user_1338,40,F,35000,False,20년,91
user_1555,45,F,45000,False,20년,82
user_1386,40,F,45000,False,종신,29
user_0465,25,M,20000,False,20년,67
user_0193,20,M,20000,False,20년,67
user_0921,35,F,50000,False,종신,5
user_1616,45,F,90000,False,20년,90
user_1513,40,F,35000,False,20년,53
user_0679,30,M,35000,False,20년,75
user_0542,30,M,20000,False,10년,28
user_1547,40,F,30000,False,20년,84
user_1358,40,F,45000,False,20년,45
user_0806,30,M,30000,False,20년,1
user_1293,40,F,40000,False,20년,88
user_1231,35,F,35000,False,종신,5
user_0201,25,M,20000,False,10년,24
user_1019,35,F,35000,False,20년,92
user_1339,40,F,35000,False,20년,93
user_0877,30,M,25000,False,20년,47
user_0215,25,M,20000,False,20년,45
user_0209,25,M,25000,False,10년,36
user_0256,25,M,20000,False,10년,16
user_1284,40,F,50000,False,20년,40
user_1141,35,F,35000,True,10년,67
user_1192,35,F,25000,False,20년,68
user_1831,50,F,60000,True,종신,86
user_1599,45,F,50000,True,종신,55
user_0098,20,M,20000,False,20년,6
user_1303,40,F,40000,False,10년,52
user_0556,30,M,25000,False,10년,7
user_0660,30,M,30000,False,20년,51
user_1433,40,F,50000,False,20년,50
user_0054,20,M,25000,True,20년,83
user_1977,55,F,75000,False,10년,45
user_0407,25,M,15000,False,20년,6
user_0885,30,M,35000,False,20년,10
user_1651,45,F,55000,False,20년,76
user_1384,40,F,35000,True,20년,65
user_0707,30,M,20000,False,종신,4
user_1074,35,F,25000,False,종신,6
user_0683,30,M,25000,False,20년,67
user_1220,35,F,60000,False,10년,8
user_1946,50,F,45000,False,20년,82
user_0889,30,M,35000,False,10년,67
user_1063,35,F,50000,False,10년,8
user_1084,35,F,60000,True,20년,17
user_0828,30,M,25000,False,20년,93
user_1734,45,F,45000,False,종신,21
user_0692,30,M,40000,False,10년,35
user_0807,30,M,30000,True,20년,81
user_0615,30,M,45000,False,10년,91
user_1701,45,F,55000,False,종신,95
user_0896,30,M,35000,False,종신,44
user_0210,25,M,40000,False,20년,36
user_1147,35,F,30000,False,종신,4
user_0559,30,M,35000,False,10년,73
user_0050,20,M,10000,False,10년,34
user_0965,35,F,40000,False,종신,29
user_1921,50,F,25000,False,종신,56
user_1400,40,F,35000,False,10년,16
user_0674,30,M,25000,True,20년,66
user_0259,25,M,20000,False,10년,2
user_1654,45,F,45000,True,종신,30
user_0815,30,M,35000,False,20년,4
user_0261,25,M,15000,False,10년,6
user_1087,35,F,50000,True,10년,18
user_0928,35,F,45000,False,20년,62
user_0269,25,M,20000,False,종신,43
user_0483,25,M,10000,True,10년,28
user_0347,25,M,15000,True,10년,84
user_1321,40,F,40000,False,종신,21
user_1064,35,F,25000,True,20년,42
user_0904,35,F,55000,False,20년,81
user_1264,40,F,30000,False,종신,15
user_0661,30,M,25000,False,종신,46
user_0029,20,M,15000,False,20년,2
user_1716,45,F,50000,False,종신,95
user_0400,25,M,25000,False,20년,4
user_1698,45,F,40000,False,종신,62
user_0491,25,M,20000,True,20년,67
user_1457,40,F,50000,True,10년,95
user_0345,25,M,20000,False,20년,6
user_0368,25,M,20000,False,종신,31
user_0319,25,M,20000,False,10년,84
user_0437,25,M,30000,False,20년,45
user_1822,50,F,50000,True,종신,52
user_1184,35,F,25000,False,20년,63
user_0135,20,M,15000,True,종신,12
user_0425,25,M,25000,False,20년,36
user_0941,35,F,25000,True,20년,65
user_0812,30,M,25000,False,20년,48
user_1291,40,F,45000,False,20년,87
user_0231,25,M,15000,False,10년,2
user_1635,45,F,45000,False,20년,29
user_1851,50,F,40000,True,종신,94
user_1697,45,F,40000,False,종신,62
user_1267,40,F,40000,False,10년,49
user_0576,30,M,15000,False,20년,45
user_0095,20,M,20000,False,종신,7
user_1197,35,F,40000,True,10년,24
user_0766,30,M,25000,True,종신,17
user_1093,35,F,45000,False,20년,35
user_0780,30,M,35000,False,10년,55
user_1958,55,F,105000,False,종신,6
user_1259,40,F,35000,False,20년,94
user_0773,30,M,35000,False,10년,93
user_1114,35,F,45000,False,10년,66
user_1164,35,F,25000,False,종신,35
user_0752,30,M,20000,False,10년,24
user_0563,30,M,35000,False,종신,46
user_0136,20,M,30000,False,10년,67
user_1486,40,F,50000,False,20년,20
user_1759,45,F,70000,False,20년,90
user_0339,25,M,20000,False,10년,73
user_1315,40,F,40000,False,10년,92
user_0517,30,M,35000,False,20년,68
user_0518,30,M,25000,False,10년,58
user_0868,30,M,30000,False,10년,36
user_0699,30,M,35000,False,20년,83
user_1422,40,F,50000,False,종신,85
user_0748,30,M,25000,True,10년,17
user_1029,35,F,45000,True,20년,5
user_0008,20,M,25000,False,20년,34
user_0273,25,M,25000,False,10년,73
user_0588,30,M,25000,False,10년,93
user_1252,40,F,50000,False,10년,19
user_0978,35,F,15000,True,10년,66
user_1137,35,F,50000,False,10년,38
user_0496,25,M,25000,False,20년,84
user_0983,35,F,30000,False,20년,77
user_1380,40,F,60000,False,20년,83
user_1492,40,F,65000,False,종신,36
user_1623,45,F,60000,True,10년,51
user_1991,55,F,70000,True,종신,20
user_1632,45,F,40000,False,20년,8
user_1865,50,F,65000,False,종신,90
user_1744,45,F,65000,True,20년,82
user_1385,40,F,45000,False,20년,95
user_1409,40,F,35000,False,20년,95
user_1911,50,F,70000,False,10년,61
user_0342,25,M,20000,False,20년,68
user_1390,40,F,30000,True,20년,93
user_0544,30,M,40000,False,10년,77
user_0344,25,M,15000,False,10년,8
user_1263,40,F,45000,False,10년,50
user_1249,35,F,40000,False,10년,12
user_1145,35,F,40000,False,20년,92
user_1376,40,F,40000,False,20년,58
user_1656,45,F,45000,False,종신,17
user_1575,45,F,55000,False,10년,69
user_0593,30,M,35000,False,20년,58
user_0004,20,M,30000,True,10년,48
user_0173,20,M,20000,False,10년,7
user_1474,40,F,40000,False,종신,50
user_1598,45,F,75000,False,20년,58
user_0796,30,M,35000,True,10년,79
user_1335,40,F,40000,False,20년,53
user_0440,25,M,20000,False,20년,75
user_0154,20,M,20000,False,10년,43
user_1853,50,F,35000,True,종신,49
user_0603,30,M,35000,False,10년,79
user_1591,45,F,35000,False,종신,29
user_1799,45,F,65000,False,20년,18
user_1518,40,F,45000,True,종신,3
user_0824,30,M,25000,False,10년,72
user_0089,20,M,15000,False,10년,44
user_0529,30,M,30000,False,20년,68
user_0326,25,M,15000,False,10년,8
user_0701,30,M,25000,False,20년,10
user_0914,35,F,55000,True,20년,3
user_1421,40,F,45000,False,종신,21
user_1131,35,F,45000,False,종신,41
user_0258,25,M,15000,False,20년,28
user_1148,35,F,25000,True,20년,51
user_1218,35,F,45000,False,종신,62
user_1022,35,F,35000,False,종신,18
user_1488,40,F,20000,False,20년,52
user_0758,30,M,30000,False,20년,74
user_1004,35,F,35000,True,20년,49
user_1453,40,F,40000,False,20년,61
user_0613,30,M,30000,False,20년,77
user_1895,50,F,50000,False,종신,94
user_1452,40,F,55000,True,10년,21
user_0654,30,M,20000,False,종신,45
user_0764,30,M,30000,False,20년,45
user_0021,20,M,25000,False,10년,16
user_1548,40,F,45000,False,종신,30
user_0408,25,M,20000,False,20년,84
user_1996,55,F,75000,False,20년,56
user_1206,35,F,40000,False,종신,17
user_1257,40,F,55000,False,20년,66
user_0840,30,M,30000,False,종신,8
user_1011,35,F,55000,True,20년,16
user_1579,45,F,40000,False,종신,10
user_1569,45,F,30000,False,종신,8
user_1129,35,F,40000,True,20년,22
user_0853,30,M,25000,True,10년,23
user_1743,45,F,50000,False,20년,66
user_1965,55,F,70000,True,종신,17
user_0062,20,M,20000,True,10년,48
user_1803,50,F,40000,False,10년,87
user_0087,20,M,25000,False,10년,38
user_1490,40,F,55000,False,종신,52
user_0845,30,M,30000,False,종신,7
user_0635,30,M,25000,False,10년,13
user_0503,30,M,20000,False,10년,4
user_0528,30,M,30000,False,20년,12
user_0200,20,M,15000,True,10년,72
user_1214,35,F,50000,False,종신,9
user_1956,55,F,80000,True,10년,17
user_1614,45,F,50000,True,20년,19
user_0512,30,M,30000,False,10년,43
user_0741,30,M,15000,False,10년,12
user_0039,20,M,15000,True,10년,72
user_1104,35,F,40000,False,20년,49
user_0197,20,M,15000,False,10년,46
user_0121,20,M,25000,False,20년,4
user_0132,20,M,20000,False,20년,72
user_0463,25,M,15000,False,10년,44
user_1836,50,F,55000,False,20년,15
user_1929,50,F,65000,False,종신,90
user_0097,20,M,20000,True,20년,84
user_0309,25,M,25000,False,10년,6
user_0312,25,M,25000,True,종신,17
user_0608,30,M,20000,False,10년,73
user_0286,25,M,10000,False,10년,44
user_1448,40,F,45000,False,20년,21
user_0470,25,M,15000,False,10년,8
user_1036,35,F,55000,False,종신,21
user_1468,40,F,45000,False,종신,30
user_0697,30,M,30000,False,20년,58
user_0120,20,M,25000,False,종신,9
user_0581,30,M,30000,False,10년,43
user_0248,25,M,15000,False,10년,68
user_1243,35,F,35000,False,20년,4
user_0767,30,M,30000,False,20년,23
user_0696,30,M,30000,False,종신,36
user_1671,45,F,45000,False,20년,87
user_0927,35,F,35000,False,10년,50
user_1389,40,F,40000,False,20년,54
user_0686,30,M,35000,True,20년,18
user_1923,50,F,35000,False,종신,29
user_1398,40,F,30000,True,20년,55
user_1631,45,F,55000,False,20년,27
user_1738,45,F,35000,False,종신,17
user_0776,30,M,20000,False,종신,10
user_0564,30,M,30000,False,종신,1
user_0898,30,M,30000,False,10년,31
user_1640,45,F,35000,False,20년,23
user_0031,20,M,15000,False,종신,8
user_0996,35,F,35000,False,종신,6
user_0960,35,F,45000,False,20년,83
user_0756,30,M,50000,False,종신,40
user_0423,25,M,20000,False,20년,48
user_0307,25,M,25000,True,20년,81
user_0055,20,M,25000,False,종신,12
user_1429,40,F,40000,False,10년,13
user_1201,35,F,40000,False,종신,36
user_1568,45,F,55000,False,종신,49
user_1246,35,F,30000,False,종신,51
user_0044,20,M,20000,False,10년,34
user_1508,40,F,50000,True,20년,19
user_0334,25,M,15000,False,20년,9
user_1793,45,F,50000,False,20년,42
user_0502,30,M,45000,False,20년,61
user_0857,30,M,25000,False,10년,47
user_0968,35,F,60000,False,종신,20
user_0451,25,M,20000,False,종신,46
user_0541,30,M,35000,False,20년,57
user_0267,25,M,30000,False,20년,17
user_1183,35,F,50000,True,종신,11
user_0294,25,M,25000,False,종신,6
user_0227,25,M,20000,False,10년,12
user_0933,35,F,25000,True,종신,17
user_1404,40,F,45000,False,10년,21
user_1238,35,F,35000,True,종신,21
user_1381,40,F,45000,False,20년,20
user_0725,30,M,30000,False,10년,81
user_1412,40,F,45000,True,종신,11
user_1710,45,F,40000,False,종신,40
user_0452,25,M,25000,False,20년,35
user_0663,30,M,30000,True,종신,56
user_0233,25,M,20000,True,10년,24
user_1782,45,F,50000,False,10년,47
user_1740,45,F,70000,False,종신,95
user_1861,50,F,50000,False,종신,86
user_0952,35,F,45000,False,20년,76
user_0241,25,M,15000,False,20년,9
user_0388,25,M,30000,True,10년,28
user_0788,30,M,35000,False,종신,36
user_0100,20,M,20000,False,10년,83
user_1222,35,F,45000,True,종신,49
user_1153,35,F,35000,False,20년,54
user_0285,25,M,30000,True,20년,42
user_1786,45,F,35000,False,종신,53
user_0724,30,M,35000,True,10년,28
user_0895,30,M,40000,False,10년,31
user_0513,30,M,30000,False,종신,12
user_1166,35,F,65000,False,종신,35
user_0937,35,F,30000,False,20년,24
user_0479,25,M,35000,False,10년,9
user_1414,40,F,60000,False,종신,50
user_0501,30,M,35000,False,10년,28
user_1394,40,F,40000,False,20년,57
user_0129,20,M,20000,False,10년,8
user_1647,45,F,50000,False,종신,35
user_1834,50,F,55000,True,종신,49
user_1858,50,F,45000,False,종신,4
user_0586,30,M,30000,False,10년,34
user_0620,30,M,30000,True,10년,24
user_1102,35,F,10000,False,20년,4
user_0260,25,M,25000,True,종신,17
user_0693,30,M,20000,False,종신,10
user_1863,50,F,60000,True,10년,83
user_1816,50,F,40000,False,종신,18
user_0028,20,M,20000,False,10년,48
user_0506,30,M,25000,False,10년,72
user_0068,20,M,25000,True,10년,72
user_0232,25,M,20000,False,10년,35
user_0915,35,F,40000,False,10년,41
user_0300,25,M,25000,False,10년,31
user_1370,40,F,30000,False,20년,91
user_0067,20,M,20000,False,10년,73
user_0171,20,M,15000,False,20년,83
user_1281,40,F,40000,False,20년,17
user_0052,20,M,20000,True,10년,79
user_1460,40,F,45000,False,10년,92
user_0980,35,F,50000,False,10년,17
user_0916,35,F,45000,False,20년,6
user_1702,45,F,55000,False,10년,74
user_1764,45,F,30000,False,종신,43
user_0090,20,M,25000,False,20년,75
user_1976,55,F,55000,False,20년,19
user_0931,35,F,35000,False,종신,52
user_0183,20,M,15000,False,10년,8
user_1884,50,F,45000,False,종신,15
user_1608,45,F,70000,True,10년,22
user_0059,20,M,20000,True,종신,16
user_0235,25,M,30000,False,20년,75
user_1797,45,F,45000,False,종신,50
user_1983,55,F,50000,False,종신,41
user_0607,30,M,25000,False,20년,34
user_1887,50,F,40000,True,종신,86
user_0750,30,M,20000,True,20년,48
user_1874,50,F,60000,False,종신,86
user_0474,25,M,25000,False,20년,36
user_1968,55,F,60000,False,20년,48
user_1512,40,F,40000,False,종신,30
user_1713,45,F,25000,True,20년,47
user_1771,45,F,50000,False,종신,53
user_1016,35,F,40000,False,20년,49
user_0047,20,M,20000,True,20년,28
user_0494,25,M,15000,False,20년,77
user_1230,35,F,60000,False,10년,40
user_0688,30,M,25000,False,10년,46
user_0391,25,M,15000,False,20년,77
user_1193,35,F,35000,False,종신,43
user_1024,35,F,60000,False,10년,12
user_0523,30,M,25000,False,20년,83
user_1122,35,F,50000,False,종신,41
user_1908,50,F,35000,True,20년,41
user_0855,30,M,40000,False,종신,5
user_1331,40,F,55000,False,20년,80
user_0242,25,M,20000,False,10년,45
user_0891,30,M,35000,False,10년,51
user_0599,30,M,25000,False,20년,81
user_0864,30,M,45000,True,10년,80
user_0616,30,M,30000,False,20년,12
user_0566,30,M,25000,True,20년,47
user_0007,20,M,30000,True,20년,38
user_1480,40,F,35000,True,10년,74
user_1244,35,F,30000,True,20년,5
user_1720,45,F,45000,True,10년,60
user_0195,20,M,20000,True,10년,79
user_0472,25,M,10000,False,종신,45
user_1173,35,F,40000,False,10년,34
user_1274,40,F,35000,False,20년,80
user_0999,35,F,35000,True,10년,17
user_1867,50,F,60000,False,20년,86
user_0797,30,M,30000,False,종신,4
user_1204,35,F,45000,False,종신,22
user_1785,45,F,50000,False,종신,55
user_0618,30,M,35000,False,종신,5
user_0906,35,F,40000,False,20년,22
user_0379,25,M,30000,False,20년,68
user_1208,35,F,35000,True,20년,73
user_0189,20,M,15000,False,20년,45
user_1783,45,F,30000,False,10년,68
user_0954,35,F,55000,False,10년,54
user_0649,30,M,30000,False,20년,23
user_1638,45,F,55000,False,종신,21
user_0166,20,M,20000,False,20년,8
user_1442,40,F,50000,False,종신,88
user_0322,25,M,25000,False,종신,31
user_1439,40,F,45000,True,20년,49
user_0427,25,M,15000,False,10년,31
user_0428,25,M,25000,True,20년,84
user_1633,45,F,40000,False,종신,11
user_1435,40,F,40000,False,종신,43
user_0504,30,M,35000,False,종신,29
user_1342,40,F,40000,False,20년,61
user_0570,30,M,30000,True,20년,16
user_0375,25,M,30000,False,20년,79
user_1286,40,F,25000,False,20년,92
user_1470,40,F,45000,False,20년,58
user_0685,30,M,20000,False,20년,65
user_0081,20,M,20000,False,20년,79
user_1809,50,F,30000,False,종신,52
user_1219,35,F,30000,False,20년,13
user_0740,30,M,35000,False,10년,54
user_0813,30,M,40000,False,20년,57
user_0336,25,M,20000,True,10년,58
user_1655,45,F,55000,True,종신,54
user_0547,30,M,35000,True,10년,87
user_0625,30,M,40000,True,10년,91
user_1379,40,F,35000,False,종신,30
user_1285,40,F,30000,False,종신,6
user_1171,35,F,50000,False,10년,94
user_0115,20,M,20000,False,20년,73
user_0894,30,M,40000,False,10년,10
user_0117,20,M,20000,False,종신,45
user_0406,25,M,25000,False,20년,77
user_0486,25,M,15000,True,20년,73
user_0847,30,M,30000,False,20년,57
user_0331,25,M,20000,False,10년,31
user_0493,25,M,20000,True,20년,16
user_0017,20,M,15000,False,10년,12
user_1301,40,F,35000,False,20년,79
user_1549,40,F,50000,True,10년,3
user_0822,30,M,40000,False,10년,34
user_0292,25,M,20000,False,10년,31
user_0112,20,M,20000,False,20년,43
user_1391,40,F,45000,True,20년,91
user_0671,30,M,40000,False,10년,34
user_0473,25,M,10000,False,20년,12
user_1489,40,F,25000,False,종신,53
user_0820,30,M,35000,False,10년,43
user_0772,30,M,25000,False,20년,16
user_0647,30,M,10000,False,10년,31
user_0876,30,M,45000,True,20년,23
user_0458,25,M,15000,False,10년,7
user_0341,25,M,15000,False,10년,34
user_1297,40,F,50000,True,종신,29
user_0829,30,M,25000,False,20년,82
user_0181,20,M,25000,False,20년,31
user_1856,50,F,40000,False,종신,49
user_0237,25,M,10000,False,20년,43
user_0160,20,M,25000,False,10년,2
user_0032,20,M,30000,False,20년,66
user_1821,50,F,50000,True,종신,17
user_0814,30,M,30000,False,10년,87
user_1907,50,F,30000,False,종신,11
user_0219,25,M,20000,False,종신,9
user_1714,45,F,60000,False,종신,5
user_1121,35,F,50000,True,10년,95
user_1333,40,F,40000,False,20년,52
user_1837,50,F,35000,False,종신,46
user_1673,45,F,45000,False,종신,5
user_1062,35,F,10000,False,20년,47
user_1596,45,F,40000,False,종신,15
user_1133,35,F,55000,False,20년,84
user_1611,45,F,45000,False,20년,22
user_0901,35,F,45000,False,20년,17
user_0476,25,M,20000,False,20년,2
user_1627,45,F,45000,False,종신,30
user_1098,35,F,20000,True,20년,54
user_1351,40,F,30000,False,종신,4
user_0970,35,F,25000,False,종신,50
user_1832,50,F,55000,False,종신,35
user_0872,30,M,25000,True,10년,66
user_1363,40,F,40000,True,20년,50
user_1000,35,F,45000,False,10년,40
user_1891,50,F,55000,False,20년,60
user_1679,45,F,60000,False,20년,20
user_0080,20,M,10000,False,20년,7
user_0374,25,M,25000,False,20년,77
user_0704,30,M,20000,True,종신,17
user_0637,30,M,35000,False,20년,35
user_1392,40,F,35000,False,20년,29
user_0230,25,M,25000,True,10년,73
user_1526,40,F,50000,False,20년,48
user_0247,25,M,20000,False,10년,2
user_0977,35,F,35000,True,20년,22
user_0848,30,M,45000,False,10년,68
user_0936,35,F,35000,False,종신,45
user_1580,45,F,40000,False,20년,4
user_0170,20,M,15000,False,종신,6
user_0046,20,M,15000,False,10년,8
user_0293,25,M,15000,False,종신,35
user_1496,40,F,60000,False,10년,3
user_0562,30,M,45000,False,종신,4
user_1271,40,F,50000,False,종신,55
user_1882,50,F,70000,False,종신,15
user_1516,40,F,40000,False,20년,66
user_1621,45,F,50000,False,10년,27
user_0444,25,M,20000,False,20년,6
user_0844,30,M,35000,False,20년,18
user_1324,40,F,45000,True,20년,72
user_0785,30,M,35000,True,10년,82
user_0573,30,M,30000,False,10년,76
user_0420,25,M,20000,False,20년,31
user_0366,25,M,20000,False,10년,46
user_1481,40,F,45000,False,종신,15
user_0841,30,M,30000,True,20년,47
user_1018,35,F,35000,False,10년,82
user_1216,35,F,50000,False,10년,1
user_1944,50,F,45000,False,20년,15
user_0316,25,M,20000,False,10년,9
user_1372,40,F,55000,False,20년,5
user_1278,40,F,45000,True,20년,22
user_0643,30,M,30000,False,10년,56
user_1322,40,F,45000,True,20년,50
user_0490,25,M,25000,False,종신,45
user_0672,30,M,15000,False,10년,73
user_0945,35,F,60000,False,20년,35
user_1634,45,F,60000,False,20년,29
user_1995,55,F,65000,False,종신,29
user_1061,35,F,50000,False,20년,56
user_0902,35,F,35000,True,10년,30
user_0728,30,M,30000,False,10년,63
user_0069,20,M,20000,False,종신,9
user_1600,45,F,40000,False,종신,41
user_0944,35,F,40000,False,종신,30
user_1726,45,F,65000,False,종신,20
user_0962,35,F,55000,True,20년,92
user_0930,35,F,40000,False,20년,72
user_0328,25,M,25000,False,20년,8
user_0048,20,M,25000,False,20년,77
user_1639,45,F,75000,True,종신,49
user_1135,35,F,40000,False,종신,56
user_0158,20,M,20000,False,20년,72
user_1057,35,F,40000,False,10년,42
user_0383,25,M,10000,False,20년,2
user_0357,25,M,20000,False,종신,7
user_1241,35,F,35000,True,종신,49
user_0571,30,M,30000,False,20년,63
user_0461,25,M,30000,False,10년,18
user_1941,50,F,55000,False,종신,11
user_0025,20,M,15000,False,10년,73
user_0038,20,M,10000,False,종신,46
user_0801,30,M,35000,False,20년,51
user_1420,40,F,45000,True,10년,22
user_1784,45,F,60000,True,종신,20
user_1060,35,F,35000,False,종신,1
user_0397,25,M,10000,False,20년,46
user_1026,35,F,45000,False,20년,11
user_1397,40,F,25000,True,종신,51
user_0926,35,F,25000,False,종신,12
user_1893,50,F,45000,False,20년,59
user_0498,25,M,20000,False,20년,46
user_0714,30,M,35000,False,종신,46
user_1382,40,F,35000,True,종신,17
user_0938,35,F,45000,False,종신,1
user_1615,45,F,50000,False,20년,18
user_0226,25,M,25000,False,종신,45
user_0288,25,M,25000,False,10년,77
user_0804,30,M,25000,False,종신,31
user_1021,35,F,45000,False,종신,41
user_1179,35,F,30000,True,10년,69
user_1531,40,F,40000,False,20년,20
user_1735,45,F,60000,False,종신,90
user_0640,30,M,20000,False,10년,35
user_0882,30,M,25000,False,20년,35
user_0859,30,M,25000,False,종신,18
user_0687,30,M,30000,False,20년,4
user_1875,50,F,65000,False,10년,21
user_1454,40,F,65000,False,10년,73
user_0984,35,F,40000,False,10년,8
user_1730,45,F,70000,False,20년,65
user_1375,40,F,55000,False,10년,28
user_1820,50,F,40000,False,20년,47
user_1854,50,F,60000,False,종신,20
user_1727,45,F,45000,False,종신,21
user_0070,20,M,15000,False,종신,43
user_0459,25,M,15000,False,20년,9
user_1997,55,F,60000,False,종신,50
user_1892,50,F,50000,False,종신,36
user_1927,50,F,20000,False,종신,52
user_0533,30,M,30000,False,10년,83
user_0240,25,M,25000,True,종신,17
user_1674,45,F,40000,False,종신,17
user_1205,35,F,40000,False,10년,3
user_1053,35,F,45000,True,20년,30
user_0676,30,M,25000,True,10년,72
user_0337,25,M,15000,True,10년,28
user_1672,45,F,45000,False,20년,53
user_1181,35,F,40000,True,10년,61
user_1478,40,F,45000,False,20년,40
user_0395,25,M,25000,False,종신,43
user_1356,40,F,15000,False,20년,16
user_1646,45,F,55000,False,종신,5
user_1229,35,F,50000,False,20년,68
user_1592,45,F,15000,False,종신,45
user_1947,50,F,55000,False,종신,53
user_1999,55,F,60000,True,종신,40
user_1529,40,F,35000,False,20년,27
user_0516,30,M,35000,False,10년,75
user_0888,30,M,25000,False,20년,75
user_0065,20,M,25000,False,20년,65
user_0282,25,M,25000,True,20년,42
user_0207,25,M,25000,False,종신,31
user_0959,35,F,45000,False,20년,36
user_0167,20,M,25000,True,20년,23
user_1715,45,F,45000,False,20년,88
user_0734,30,M,20000,True,20년,24
user_0998,35,F,45000,True,10년,93
user_1678,45,F,70000,False,종신,36
user_0667,30,M,30000,False,10년,13
user_0792,30,M,30000,False,10년,48
user_0626,30,M,25000,True,10년,83
user_1174,35,F,40000,False,20년,68
user_0711,30,M,30000,False,20년,75
user_1008,35,F,45000,False,종신,45
user_0832,30,M,25000,False,10년,67
user_1987,55,F,70000,False,10년,87
user_0536,30,M,30000,False,10년,18
user_0002,20,M,20000,True,20년,65
user_1805,50,F,30000,False,10년,24
user_0217,25,M,15000,True,20년,84
user_1140,35,F,45000,False,종신,88
user_0782,30,M,20000,False,20년,4
user_0951,35,F,40000,True,20년,72
user_0886,30,M,45000,False,10년,84
user_1058,35,F,50000,True,20년,23
user_1620,45,F,65000,True,종신,50
user_0543,30,M,35000,False,10년,82
user_0124,20,M,15000,False,종신,2
user_0208,25,M,25000,False,종신,36
user_0274,25,M,20000,False,10년,16
user_1296,40,F,40000,False,10년,91
user_1228,35,F,40000,False,20년,93
user_0907,35,F,25000,False,종신,54
user_0761,30,M,25000,False,종신,17
user_1868,50,F,65000,False,종신,89
user_0327,25,M,25000,False,10년,75
user_1629,45,F,50000,False,종신,20
user_1314,40,F,45000,False,20년,80
user_0325,25,M,15000,False,10년,2
user_1894,50,F,50000,False,10년,63
user_1275,40,F,50000,False,종신,17
user_1456,40,F,20000,True,20년,23
user_1054,35,F,45000,False,20년,8
user_0006,20,M,20000,False,종신,36
user_0296,25,M,15000,False,10년,12
user_1169,35,F,45000,False,10년,68
user_0287,25,M,20000,False,20년,4
user_0211,25,M,25000,False,20년,24
user_1265,40,F,40000,False,종신,40
user_1666,45,F,50000,False,20년,79
user_1188,35,F,40000,False,20년,31
user_0986,35,F,30000,False,종신,45
user_1487,40,F,25000,True,20년,84
user_0550,30,M,25000,True,10년,72
user_1268,40,F,30000,False,10년,24
user_0677,30,M,20000,True,10년,16
user_0809,30,M,40000,False,10년,80
user_0899,30,M,40000,False,10년,1
user_0871,30,M,30000,False,20년,79
user_1212,35,F,35000,False,20년,51
user_1960,55,F,65000,True,종신,96
user_0539,30,M,35000,False,20년,74
user_1920,50,F,45000,True,10년,95
user_0794,30,M,20000,False,종신,10
user_1541,40,F,40000,False,종신,53
user_0433,25,M,20000,False,종신,9
user_0770,30,M,45000,True,종신,40
user_0323,25,M,15000,False,10년,44
user_0991,35,F,40000,False,20년,81
user_1437,40,F,40000,False,10년,95
user_1525,40,F,35000,False,10년,74
user_1552,45,F,50000,True,종신,29
user_1005,35,F,45000,False,종신,29
user_1068,35,F,50000,True,종신,53
user_0925,35,F,50000,False,10년,22
user_1974,55,F,65000,False,20년,17
user_0492,25,M,25000,False,종신,9
user_0082,20,M,20000,False,20년,13
user_1307,40,F,40000,False,20년,29
user_0538,30,M,25000,False,20년,17
user_1261,40,F,45000,True,20년,11
user_1781,45,F,35000,True,종신,3
user_0787,30,M,35000,False,종신,56
user_1245,35,F,35000,False,종신,30
user_1413,40,F,45000,False,20년,44
user_1251,40,F,45000,True,종신,51
user_0860,30,M,35000,False,20년,16
user_1015,35,F,55000,True,20년,92
user_1318,40,F,35000,False,20년,76
user_0934,35,F,20000,False,20년,9
user_0866,30,M,25000,False,10년,36
user_1957,55,F,30000,False,10년,84
user_1266,40,F,25000,False,20년,93
user_1175,35,F,30000,False,종신,31
user_0244,25,M,25000,False,종신,35
user_1872,50,F,45000,True,종신,17
user_1564,45,F,60000,False,20년,95
user_1434,40,F,35000,False,10년,27
user_0107,20,M,30000,False,10년,83
user_0659,30,M,30000,False,종신,35
user_0590,30,M,25000,False,10년,58
user_0591,30,M,30000,False,20년,46
user_1843,50,F,45000,True,10년,28
user_1465,40,F,35000,False,종신,11
user_0118,20,M,15000,False,20년,8
user_1560,45,F,45000,True,10년,22
user_1304,40,F,30000,True,종신,54
user_0412,25,M,15000,False,20년,13
user_1107,35,F,45000,True,10년,15
user_1732,45,F,45000,False,20년,93
user_1937,50,F,55000,False,20년,86
user_0981,35,F,50000,False,20년,87
user_1123,35,F,45000,False,종신,95
user_0510,30,M,25000,True,10년,24
user_0774,30,M,35000,True,10년,53
user_0180,20,M,35000,False,종신,43
user_0351,25,M,20000,False,10년,58
user_1498,40,F,50000,False,종신,11
user_0803,30,M,30000,False,20년,75
user_0131,20,M,10000,True,20년,28
user_0698,30,M,20000,True,20년,28
user_1967,55,F,55000,False,종신,46
user_0365,25,M,25000,False,20년,45
user_0313,25,M,25000,False,20년,45
user_0747,30,M,30000,False,20년,8
user_0086,20,M,15000,True,종신,69
user_0359,25,M,20000,False,종신,45
user_0030,20,M,20000,False,10년,12
user_0838,30,M,25000,False,20년,10
user_0754,30,M,35000,False,10년,80
user_1840,50,F,50000,True,종신,94
user_1988,55,F,70000,False,20년,87
user_0875,30,M,30000,False,종신,44
user_1815,50,F,45000,False,20년,67
user_0569,30,M,15000,False,20년,42
user_1009,35,F,50000,False,10년,9
user_0278,25,M,15000,False,10년,28
user_1668,45,F,45000,False,종신,21
user_0218,25,M,20000,False,종신,7
user_0442,25,M,20000,False,20년,65
user_1553,45,F,40000,False,20년,52
user_0109,20,M,20000,False,종신,4
user_0447,25,M,20000,True,10년,28
user_1998,55,F,45000,False,10년,70
user_1374,40,F,25000,False,종신,4
user_1695,45,F,50000,False,종신,56
user_1637,45,F,40000,True,10년,53
user_1377,40,F,35000,False,20년,51
user_0332,25,M,15000,True,종신,74
user_1818,50,F,40000,False,종신,49
user_0101,20,M,15000,False,종신,44
user_1500,40,F,45000,False,20년,41
user_1091,35,F,40000,False,10년,65
user_0631,30,M,20000,False,20년,44
user_0549,30,M,35000,False,종신,9
user_1458,40,F,45000,False,종신,56
user_0295,25,M,20000,False,10년,72
user_1410,40,F,35000,False,20년,66
user_1475,40,F,30000,False,종신,55
user_1082,35,F,35000,False,10년,80
user_1159,35,F,50000,False,종신,49
user_1416,40,F,50000,False,종신,56
user_1532,40,F,20000,False,20년,69
user_1306,40,F,30000,False,종신,50
user_0974,35,F,35000,False,20년,57
user_1557,45,F,60000,False,20년,74
user_0204,25,M,25000,False,20년,9
user_1415,40,F,35000,True,20년,84
user_1604,45,F,40000,True,종신,56
user_0989,35,F,40000,False,10년,3
user_1041,35,F,55000,True,종신,56
user_0577,30,M,30000,False,종신,4
user_1667,45,F,40000,False,종신,20
user_1337,40,F,35000,False,20년,73
user_1905,50,F,50000,False,종신,15
user_1765,45,F,45000,True,종신,55
user_1922,50,F,60000,False,종신,88
user_0778,30,M,30000,False,20년,46
user_1039,35,F,40000,False,20년,1
user_0726,30,M,30000,False,20년,28
user_0187,20,M,20000,False,20년,45
user_0011,20,M,20000,True,종신,93
user_1801,50,F,75000,False,종신,97
user_1240,35,F,55000,False,종신,43
user_1020,35,F,45000,False,종신,12
user_0781,30,M,30000,True,20년,72
user_0719,30,M,25000,False,10년,46
user_1127,35,F,45000,False,종신,52
user_0346,25,M,20000,False,10년,6
user_0737,30,M,30000,False,20년,72
user_0736,30,M,35000,False,종신,31
user_0575,30,M,35000,True,10년,92
user_0384,25,M,15000,False,10년,12
user_0324,25,M,30000,False,10년,63
user_0093,20,M,15000,False,종신,46
user_0362,25,M,30000,False,20년,8
user_0373,25,M,25000,False,종신,46
user_1737,45,F,35000,False,20년,69
user_0580,30,M,40000,True,10년,16
user_0988,35,F,50000,True,10년,40
user_0497,25,M,15000,False,20년,46
user_0355,25,M,20000,True,10년,16
user_0074,20,M,30000,False,20년,48
user_0072,20,M,30000,False,종신,9
user_1424,40,F,30000,False,20년,61
user_1918,50,F,45000,False,10년,7
user_1430,40,F,35000,False,10년,83
user_1427,40,F,60000,False,20년,94
user_1196,35,F,45000,True,종신,95
user_1432,40,F,50000,False,20년,74
user_1864,50,F,30000,True,20년,21
user_0257,25,M,25000,False,종신,43
user_1609,45,F,55000,False,종신,3
user_0289,25,M,20000,False,10년,2
user_1459,40,F,55000,False,20년,40
user_1871,50,F,35000,False,종신,30
user_0630,30,M,40000,False,10년,72
user_1399,40,F,50000,False,20년,69
user_1505,40,F,40000,False,20년,49
user_0617,30,M,30000,True,10년,47
user_0389,25,M,25000,False,종신,46
user_0837,30,M,40000,True,20년,53
user_0443,25,M,10000,True,종신,9
user_0281,25,M,20000,False,10년,35
user_1038,35,F,25000,False,10년,13
user_0689,30,M,35000,False,20년,74
user_1288,40,F,45000,False,20년,69
user_1113,35,F,50000,False,10년,21
user_0306,25,M,20000,False,10년,6
user_0126,20,M,30000,True,10년,73
user_1035,35,F,35000,False,종신,45
user_1848,50,F,40000,False,20년,29
user_0537,30,M,25000,False,10년,84
user_0229,25,M,15000,True,10년,28
user_1535,40,F,35000,False,20년,48
user_0402,25,M,15000,False,종신,46
user_0364,25,M,20000,True,20년,58
user_1001,35,F,55000,False,20년,62
user_0148,20,M,15000,False,종신,8
user_1760,45,F,65000,False,20년,30
user_0417,25,M,30000,False,20년,87
user_0196,20,M,20000,True,종신,72
user_1561,45,F,50000,False,20년,48
user_1345,40,F,50000,False,20년,87
user_1075,35,F,50000,False,종신,11
user_1622,45,F,35000,True,20년,27
user_1233,35,F,40000,False,20년,3
user_1990,55,F,65000,False,종신,54
user_0923,35,F,40000,True,20년,47
user_0924,35,F,35000,False,20년,80
user_0013,20,M,20000,False,20년,35
user_0009,20,M,20000,False,20년,84
user_0469,25,M,15000,False,10년,7
user_1914,50,F,55000,False,종신,86
user_0279,25,M,20000,False,20년,68
user_1047,35,F,45000,False,20년,73
user_0642,30,M,40000,False,10년,77
user_1978,55,F,75000,False,종신,78
user_1693,45,F,60000,False,종신,50
user_0041,20,M,25000,False,20년,8
user_0122,20,M,15000,False,20년,2
user_0329,25,M,25000,False,20년,82
user_1346,40,F,25000,False,10년,65
user_0076,20,M,25000,False,20년,73
user_1881,50,F,60000,True,20년,57
user_1993,55,F,80000,True,20년,19
user_0111,20,M,10000,False,10년,6
user_1824,50,F,40000,False,20년,70
user_0349,25,M,15000,False,10년,31
user_1719,45,F,60000,False,종신,17
user_1898,50,F,70000,False,종신,44
user_0083,20,M,25000,False,10년,6
user_1792,45,F,50000,False,20년,60
user_0971,35,F,40000,True,10년,30
user_0795,30,M,20000,False,10년,72
user_0731,30,M,30000,False,종신,10
user_0623,30,M,45000,False,20년,42
user_0049,20,M,20000,False,20년,2
user_0010,20,M,25000,False,20년,6
user_0579,30,M,20000,False,20년,34
user_0338,25,M,20000,False,종신,12
user_0495,25,M,30000,True,10년,72
user_0310,25,M,20000,True,종신,5
user_1126,35,F,30000,True,20년,42
user_1155,35,F,55000,False,20년,66
user_1728,45,F,60000,False,종신,86
user_0705,30,M,20000,False,20년,72
user_1813,50,F,70000,True,10년,11
user_1649,45,F,65000,True,20년,55
user_0246,25,M,20000,False,10년,6
user_0272,25,M,15000,False,10년,8
user_0061,20,M,20000,False,종신,46
user_1079,35,F,55000,True,20년,21
user_1566,45,F,45000,True,종신,40
user_0825,30,M,25000,False,20년,58
user_0073,20,M,20000,False,종신,36
user_1312,40,F,50000,False,20년,58
user_0033,20,M,20000,True,종신,4
user_1539,40,F,30000,True,종신,3
user_0662,30,M,25000,False,10년,31
user_1936,50,F,30000,False,10년,54
user_1112,35,F,40000,False,20년,9
user_0985,35,F,40000,False,20년,35
user_1758,45,F,60000,True,종신,3
user_0157,20,M,30000,False,20년,7
user_1524,40,F,30000,False,20년,44
user_1323,40,F,40000,False,20년,17
user_1877,50,F,45000,False,종신,49
user_0942,35,F,50000,False,종신,46
user_1445,40,F,45000,False,20년,79
user_0064,20,M,15000,True,10년,28
user_1930,50,F,75000,False,20년,21
user_0746,30,M,25000,False,10년,9
user_1295,40,F,40000,False,10년,65
user_1223,35,F,45000,False,20년,67
user_0830,30,M,30000,True,10년,16
user_1794,45,F,60000,True,종신,94
user_1812,50,F,50000,True,종신,5
user_1279,40,F,40000,False,20년,54
user_1939,50,F,65000,True,종신,56
user_0955,35,F,40000,False,20년,81
user_1926,50,F,40000,False,종신,53
user_1857,50,F,65000,False,10년,82
user_0561,30,M,30000,False,20년,34
user_1003,35,F,40000,False,20년,76
user_1551,45,F,50000,False,20년,13
user_0063,20,M,15000,False,10년,77
user_1900,50,F,45000,False,종신,45
user_1013,35,F,60000,False,20년,77
user_1083,35,F,35000,False,종신,31
user_1040,35,F,50000,False,20년,61
user_0596,30,M,25000,False,20년,45
user_1292,40,F,65000,False,20년,73
user_1027,35,F,40000,False,20년,8
user_0264,25,M,15000,False,종신,2
user_1522,40,F,45000,False,20년,27
user_1248,35,F,30000,False,종신,7
user_0721,30,M,30000,False,종신,46
user_1652,45,F,55000,False,10년,24
user_0656,30,M,30000,False,20년,92
user_0624,30,M,40000,False,20년,34
user_1327,40,F,30000,True,20년,23
user_0763,30,M,50000,False,10년,73
user_0958,35,F,45000,False,10년,62
user_0653,30,M,30000,False,10년,45
user_1182,35,F,55000,False,종신,40
user_0152,20,M,20000,False,종신,43
user_1401,40,F,30000,True,20년,27
user_1574,45,F,35000,False,20년,95
user_0352,25,M,25000,True,종신,17
user_1167,35,F,55000,False,20년,63
user_1108,35,F,30000,False,10년,17
user_1619,45,F,45000,False,종신,50
user_0142,20,M,25000,False,종신,4
user_1605,45,F,45000,False,10년,5
user_1971,55,F,70000,True,종신,20
user_0578,30,M,35000,False,20년,44
user_0245,25,M,15000,False,10년,77
user_1563,45,F,20000,False,종신,51
user_1676,45,F,45000,False,20년,72
user_1101,35,F,50000,False,20년,42
user_0881,30,M,50000,False,20년,35
user_1780,45,F,40000,False,종신,21
user_1299,40,F,45000,False,20년,95
user_0826,30,M,40000,False,20년,3
user_1845,50,F,50000,False,종신,86
user_1723,45,F,60000,False,20년,60
user_0410,25,M,25000,False,20년,36
user_0768,30,M,40000,False,20년,68
user_0816,30,M,20000,False,20년,36
user_0077,20,M,20000,False,종신,45
user_1100,35,F,45000,False,종신,62
user_1097,35,F,40000,False,20년,42
user_1669,45,F,60000,True,20년,38
user_0205,25,M,15000,False,20년,44
user_0651,30,M,45000,True,10년,91
user_0836,30,M,30000,False,10년,16
user_0508,30,M,25000,False,20년,58
user_0852,30,M,25000,False,종신,35
user_0436,25,M,20000,False,종신,43
user_0213,25,M,25000,True,20년,24
user_1538,40,F,35000,True,20년,72
user_1510,40,F,55000,True,20년,90
user_0094,20,M,20000,True,10년,28
user_1462,40,F,30000,True,20년,28
user_1860,50,F,55000,True,20년,94
user_0684,30,M,35000,False,20년,13
user_1028,35,F,40000,False,10년,79
user_0648,30,M,30000,False,20년,45
user_0948,35,F,35000,False,20년,24
user_0715,30,M,30000,False,20년,77
user_1134,35,F,45000,True,20년,51
user_1077,35,F,25000,False,10년,49
user_0291,25,M,20000,False,10년,28
user_1499,40,F,50000,False,10년,61
user_1502,40,F,35000,False,종신,11
user_1545,40,F,35000,False,20년,44
user_0702,30,M,35000,False,20년,91
user_0521,30,M,20000,False,종신,8
user_0499,25,M,15000,False,20년,45
user_1776,45,F,35000,False,20년,38
user_1953,55,F,45000,False,20년,79
user_0854,30,M,40000,True,종신,11
user_1260,40,F,40000,False,종신,95
user_0003,20,M,25000,False,종신,12
user_0223,25,M,25000,True,10년,38
user_1160,35,F,35000,False,10년,7
user_0712,30,M,30000,False,종신,6
user_0019,20,M,15000,False,10년,35
user_1917,50,F,40000,False,종신,21
user_1653,45,F,50000,False,종신,56
user_1234,35,F,65000,False,20년,45
user_1471,40,F,50000,False,20년,27
user_0186,20,M,25000,False,종신,35
user_1473,40,F,40000,False,20년,71
user_1055,35,F,35000,True,10년,23
user_1334,40,F,55000,False,20년,20
user_0418,25,M,20000,False,10년,4
user_1770,45,F,55000,True,종신,54
user_1709,45,F,50000,False,종신,51
user_0020,20,M,15000,False,10년,34
user_1298,40,F,35000,False,20년,81
user_1742,45,F,50000,False,종신,55
user_1725,45,F,40000,True,10년,58
user_1355,40,F,35000,False,10년,83
user_0450,25,M,15000,False,10년,8
user_1931,50,F,35000,False,종신,8
user_0913,35,F,40000,False,종신,12
user_1778,45,F,50000,False,20년,10
user_1955,55,F,50000,False,종신,41
user_0843,30,M,20000,False,10년,82
user_0943,35,F,45000,True,10년,11
user_0138,20,M,20000,True,10년,24
user_0382,25,M,15000,False,종신,9
user_1534,40,F,40000,False,종신,94
user_0439,25,M,10000,True,20년,28
user_0330,25,M,25000,False,20년,43
user_1578,45,F,65000,False,종신,3
user_0421,25,M,30000,False,종신,6
user_1906,50,F,55000,False,20년,95
user_0378,25,M,20000,False,10년,84
user_0680,30,M,40000,False,종신,1
user_0950,35,F,40000,False,종신,94
user_1120,35,F,50000,True,종신,50
user_1839,50,F,50000,False,종신,86
user_1136,35,F,50000,False,20년,45
user_0297,25,M,25000,False,10년,43
user_0827,30,M,40000,False,20년,45
user_0456,25,M,15000,False,10년,45
user_0482,25,M,15000,False,10년,6
user_0694,30,M,35000,False,20년,2
user_0416,25,M,15000,False,20년,12
user_0085,20,M,15000,True,종신,8
user_1550,40,F,50000,True,종신,53
user_0973,35,F,50000,False,종신,10
user_1464,40,F,30000,False,종신,50
user_1443,40,F,40000,True,10년,94
user_0668,30,M,40000,True,20년,17
user_0144,20,M,20000,False,10년,48
user_0729,30,M,25000,False,10년,36
user_0525,30,M,25000,False,20년,77
user_1071,35,F,40000,False,20년,16
user_1880,50,F,40000,True,종신,53
user_0681,30,M,35000,True,10년,82
user_1450,40,F,40000,False,종신,94
user_0159,20,M,15000,True,20년,83
user_0531,30,M,35000,True,20년,58
user_1369,40,F,35000,False,종신,49
user_1628,45,F,65000,False,종신,86
user_1959,55,F,75000,False,종신,51
user_1152,35,F,20000,False,20년,4
user_1099,35,F,50000,False,10년,88
user_1128,35,F,30000,False,10년,66
user_1973,55,F,70000,False,20년,72
user_1438,40,F,55000,False,10년,24
user_1904,50,F,55000,False,종신,52
user_0753,30,M,25000,False,20년,35
user_1203,35,F,40000,False,20년,62
user_0509,30,M,30000,False,20년,9
user_1938,50,F,55000,False,종신,52
user_0145,20,M,20000,True,10년,84
user_1383,40,F,60000,False,10년,8
user_0602,30,M,25000,False,10년,92
user_0708,30,M,40000,True,20년,52
user_1350,40,F,40000,False,20년,84
user_0445,25,M,15000,False,10년,68
user_1469,40,F,30000,False,10년,56
user_1092,35,F,40000,False,10년,69
user_0759,30,M,25000,False,20년,79
user_1139,35,F,45000,False,20년,41
user_0878,30,M,30000,False,20년,31
user_1814,50,F,60000,False,종신,54
user_1178,35,F,40000,False,20년,75
user_1378,40,F,50000,True,종신,54
user_0842,30,M,35000,False,종신,45
user_0178,20,M,25000,False,10년,35
user_1706,45,F,45000,False,10년,80
user_0789,30,M,30000,False,10년,10
user_1300,40,F,45000,False,종신,40
user_1694,45,F,35000,False,10년,2
user_0629,30,M,30000,False,종신,10
user_1163,35,F,25000,True,10년,49
user_1403,40,F,50000,True,10년,49
user_1190,35,F,30000,False,20년,66
user_0147,20,M,15000,False,20년,28
user_1138,35,F,30000,False,종신,30
user_1349,40,F,25000,True,종신,18
user_1889,50,F,45000,False,종신,22
user_1841,50,F,50000,True,20년,27
user_0940,35,F,35000,True,20년,16
user_0053,20,M,15000,False,10년,44
user_1330,40,F,45000,False,20년,67
user_0432,25,M,10000,False,10년,43
user_0584,30,M,45000,False,20년,43
user_0001,20,M,20000,False,20년,31
user_0912,35,F,40000,False,종신,55
user_1587,45,F,50000,False,10년,55
user_0350,25,M,20000,False,10년,36
user_1536,40,F,25000,False,20년,3
user_1302,40,F,50000,True,20년,42
user_0862,30,M,20000,True,20년,48
user_0043,20,M,20000,False,20년,31
user_1712,45,F,50000,False,20년,60
user_1482,40,F,35000,False,10년,54
user_1484,40,F,35000,False,20년,61
user_1912,50,F,75000,False,20년,80
user_0982,35,F,45000,False,20년,76
user_0265,25,M,20000,False,10년,65
user_1411,40,F,55000,True,종신,94
user_0793,30,M,30000,False,종신,1
user_0890,30,M,40000,False,종신,7
user_1078,35,F,35000,False,종신,1
user_1704,45,F,65000,True,20년,69
user_1156,35,F,50000,False,20년,83
user_1317,40,F,30000,True,종신,18
user_1746,45,F,55000,False,20년,91
user_0969,35,F,40000,True,종신,5
user_0560,30,M,25000,True,10년,87
user_1044,35,F,40000,True,20년,42
user_1503,40,F,30000,False,20년,15
user_0710,30,M,40000,False,20년,45
user_0709,30,M,15000,False,10년,13
user_0315,25,M,25000,False,10년,17
user_1963,55,F,70000,True,10년,41
user_0917,35,F,45000,True,20년,80
user_1942,50,F,45000,False,종신,43
user_0522,30,M,35000,False,10년,31
user_0457,25,M,20000,False,종신,35
user_1519,40,F,30000,True,20년,73
user_1986,55,F,70000,False,10년,30
user_1344,40,F,50000,False,20년,48
user_0123,20,M,25000,False,10년,8
user_1643,45,F,50000,False,종신,15
user_0099,20,M,20000,False,20년,48
user_0992,35,F,20000,True,20년,28
user_0909,35,F,45000,False,20년,51
user_1913,50,F,60000,False,20년,74
user_0619,30,M,35000,False,10년,8
user_0621,30,M,25000,False,10년,47
user_1520,40,F,60000,False,20년,28
user_1559,45,F,70000,False,종신,95
user_0735,30,M,35000,False,10년,46
user_1644,45,F,55000,False,종신,56
user_0783,30,M,35000,False,10년,52
user_0592,30,M,25000,True,종신,17
user_1157,35,F,35000,False,종신,44
user_1537,40,F,45000,False,20년,92
user_0333,25,M,20000,False,10년,45
user_1603,45,F,40000,True,종신,55
user_1290,40,F,20000,True,20년,82
user_0317,25,M,25000,False,10년,13
user_1718,45,F,50000,False,종신,17
user_0354,25,M,20000,False,20년,45
user_1648,45,F,60000,True,20년,51
user_1711,45,F,65000,False,종신,85
user_0380,25,M,15000,False,10년,77
user_0546,30,M,25000,False,10년,34
user_1699,45,F,55000,False,20년,27
user_1367,40,F,40000,False,20년,76
user_1767,45,F,75000,False,20년,31
user_1341,40,F,40000,False,종신,55
user_0188,20,M,20000,False,10년,34
user_0900,30,M,25000,False,20년,66
user_1790,45,F,65000,False,20년,15
user_0277,25,M,20000,False,20년,45
user_1787,45,F,45000,False,20년,50
user_1855,50,F,60000,False,20년,65
user_1546,40,F,45000,False,20년,20
user_0850,30,M,25000,False,20년,68
user_0639,30,M,20000,False,20년,77
user_1749,45,F,50000,True,20년,27
user_1125,35,F,55000,False,20년,10
user_1989,55,F,50000,False,종신,3
user_0742,30,M,20000,False,20년,48
user_0104,20,M,15000,False,20년,44
user_0819,30,M,30000,False,20년,48
user_0976,35,F,20000,True,20년,42
user_1696,45,F,75000,False,종신,30
user_1494,40,F,40000,False,10년,58
user_1762,45,F,60000,False,종신,40
user_0446,25,M,25000,False,20년,84
user_1052,35,F,45000,False,종신,7
user_1910,50,F,50000,True,종신,53
user_1572,45,F,35000,False,종신,29
user_1544,40,F,35000,False,종신,29
user_0757,30,M,35000,False,20년,68
user_1444,40,F,25000,False,20년,72
user_0164,20,M,15000,False,20년,84
user_0014,20,M,10000,False,10년,6
user_1466,40,F,45000,True,20년,18
user_1373,40,F,25000,False,10년,73
user_1086,35,F,45000,False,10년,55
user_0169,20,M,20000,False,20년,13
user_1798,45,F,40000,False,10년,11
user_1830,50,F,50000,False,종신,5
user_0582,30,M,25000,False,종신,44
user_1636,45,F,45000,False,종신,15
user_0225,25,M,20000,False,10년,24
user_0893,30,M,35000,False,20년,17
user_0060,20,M,25000,False,10년,31
user_1033,35,F,45000,False,10년,7
user_1215,35,F,35000,False,종신,36
user_1186,35,F,50000,False,20년,7
user_0987,35,F,55000,False,10년,75
user_1305,40,F,45000,False,종신,17
user_0236,25,M,25000,False,10년,44
user_0919,35,F,35000,False,종신,55
user_0568,30,M,25000,False,20년,65
user_1095,35,F,45000,False,20년,51
user_1239,35,F,45000,False,20년,34
user_0553,30,M,40000,True,20년,47
user_0320,25,M,20000,False,10년,46
user_0918,35,F,40000,False,20년,95
user_1530,40,F,30000,False,20년,66
user_0441,25,M,20000,False,20년,43
user_1663,45,F,25000,True,종신,54
user_0393,25,M,15000,False,10년,31
user_0597,30,M,30000,False,20년,6
user_1066,35,F,30000,False,20년,54
user_0833,30,M,25000,False,10년,84
user_0394,25,M,30000,False,20년,12
user_1017,35,F,35000,False,종신,49
user_1571,45,F,60000,True,20년,24
user_0540,30,M,25000,True,10년,67
user_1225,35,F,40000,False,20년,9
user_1491,40,F,35000,False,10년,49
user_1594,45,F,60000,True,20년,76
user_0545,30,M,15000,False,종신,10
user_1200,35,F,55000,False,종신,45
user_1757,45,F,50000,False,20년,79
user_0765,30,M,40000,False,종신,54
user_1426,40,F,20000,False,종신,17
user_1625,45,F,70000,False,10년,49
user_1613,45,F,60000,False,20년,19
user_0644,30,M,20000,False,20년,93
user_0037,20,M,20000,False,20년,83
user_1528,40,F,55000,False,10년,58
user_0920,35,F,40000,False,종신,54
user_1890,50,F,50000,False,20년,56
user_0505,30,M,25000,False,10년,58
user_1387,40,F,55000,False,20년,15
user_1775,45,F,40000,False,종신,53
user_1827,50,F,35000,False,20년,18
user_1556,45,F,55000,True,종신,86
user_1833,50,F,60000,True,종신,86
user_0798,30,M,35000,False,20년,68
user_1602,45,F,65000,False,종신,3
user_0673,30,M,30000,False,10년,29
user_0381,25,M,15000,False,20년,9
user_0957,35,F,45000,False,20년,36
user_1352,40,F,20000,False,20년,16
user_0574,30,M,30000,False,종신,52
user_0214,25,M,25000,True,종신,17
user_1924,50,F,55000,False,종신,20
user_0192,20,M,25000,True,20년,48
user_1361,40,F,40000,False,20년,49
user_1866,50,F,30000,False,20년,61
user_0165,20,M,25000,False,10년,43
user_1235,35,F,30000,True,20년,87
user_0487,25,M,15000,False,10년,34
user_1573,45,F,55000,False,10년,95
user_0371,25,M,20000,False,20년,75
user_0897,30,M,30000,False,10년,16
user_0784,30,M,35000,False,10년,83
user_0453,25,M,15000,False,10년,6
user_0464,25,M,20000,False,20년,73
user_1031,35,F,35000,False,종신,22
user_0239,25,M,15000,False,종신,45
user_0638,30,M,30000,False,종신,46
user_1072,35,F,45000,True,10년,81
user_0723,30,M,20000,False,10년,72
user_0646,30,M,30000,False,종신,10
user_1191,35,F,40000,False,10년,8
user_0299,25,M,25000,False,종신,10
user_0874,30,M,25000,False,10년,12
user_1736,45,F,30000,True,종신,52
user_0146,20,M,25000,False,20년,28
user_0150,20,M,20000,False,20년,84
user_0105,20,M,20000,False,20년,46
user_0905,35,F,40000,False,20년,76
user_1476,40,F,45000,False,10년,18
user_0557,30,M,25000,False,10년,77
user_0168,20,M,30000,False,10년,83
user_1885,50,F,50000,False,종신,40
user_0979,35,F,25000,False,20년,54
user_1589,45,F,40000,False,종신,53
user_1992,55,F,70000,True,종신,17
user_0585,30,M,30000,False,10년,46
user_1948,50,F,50000,False,20년,48
user_1585,45,F,55000,False,종신,11
user_0110,20,M,20000,False,20년,28
user_0802,30,M,25000,False,20년,7
user_1558,45,F,40000,False,20년,4
user_1417,40,F,40000,True,20년,19
user_0091,20,M,20000,False,20년,83
user_0308,25,M,15000,False,10년,43
user_0967,35,F,35000,False,10년,93
user_0743,30,M,25000,True,10년,58
user_1788,45,F,40000,True,종신,20
user_0670,30,M,40000,True,20년,57
user_1747,45,F,60000,False,종신,30
user_1154,35,F,25000,False,20년,10
user_0106,20,M,20000,True,종신,36
user_0634,30,M,25000,False,종신,35
user_1829,50,F,50000,False,종신,17
user_0056,20,M,25000,False,10년,46
user_0385,25,M,15000,True,종신,24
user_1395,40,F,35000,True,10년,67
user_0026,20,M,20000,False,20년,8
user_1733,45,F,50000,True,종신,5
user_0426,25,M,25000,False,20년,72
user_0800,30,M,30000,False,10년,43
user_1440,40,F,45000,False,종신,4
user_0554,30,M,30000,False,20년,93
user_0431,25,M,15000,False,10년,4
user_1850,50,F,55000,True,20년,72
user_0910,35,F,60000,False,20년,94
user_1211,35,F,30000,False,20년,24
user_1811,50,F,45000,False,종신,11
user_1940,50,F,50000,False,20년,18
user_1903,50,F,65000,False,종신,20
user_1309,40,F,50000,False,10년,16
user_0042,20,M,20000,False,20년,48
user_1319,40,F,35000,False,종신,4
user_1590,45,F,50000,False,종신,40
user_1722,45,F,45000,False,종신,95
user_1952,55,F,80000,False,종신,88
user_1189,35,F,45000,False,20년,58
user_1565,45,F,60000,True,종신,21
user_1187,35,F,30000,False,20년,58
user_0947,35,F,25000,False,20년,50
user_0587,30,M,25000,False,종신,12
user_1521,40,F,50000,False,10년,18
user_1873,50,F,45000,True,종신,88
user_0422,25,M,30000,False,20년,42
user_1360,40,F,40000,False,종신,15
user_0706,30,M,35000,True,10년,52
user_1562,45,F,40000,False,종신,22
user_0438,25,M,15000,False,10년,73
user_0664,30,M,25000,False,10년,68
user_1741,45,F,50000,False,종신,54
user_1232,35,F,25000,False,20년,2
user_1485,40,F,40000,True,종신,29
user_0311,25,M,20000,True,종신,83
user_0956,35,F,50000,True,20년,53
user_0024,20,M,15000,False,20년,2
user_1739,45,F,60000,False,종신,18
user_1477,40,F,40000,False,10년,74
user_1842,50,F,25000,True,종신,11
user_1294,40,F,50000,True,10년,58
user_0865,30,M,25000,True,20년,28
user_1406,40,F,30000,True,20년,3
user_1310,40,F,45000,False,10년,27
user_1665,45,F,65000,False,종신,95
user_1106,35,F,30000,True,20년,80
user_1428,40,F,30000,False,종신,94
user_0790,30,M,20000,False,20년,36
user_0396,25,M,20000,False,10년,6
user_1348,40,F,50000,False,20년,57
user_0088,20,M,20000,False,종신,10
user_1951,55,F,35000,False,20년,82
user_0471,25,M,20000,True,20년,24
user_1597,45,F,55000,False,종신,40
user_1172,35,F,45000,False,10년,13
user_1237,35,F,55000,False,10년,34
user_0467,25,M,25000,False,10년,68
user_0769,30,M,25000,False,10년,42
user_0376,25,M,15000,True,종신,63
user_0290,25,M,15000,True,20년,72
user_1089,35,F,35000,False,20년,40
user_1419,40,F,55000,False,종신,31
user_0133,20,M,15000,False,10년,72
user_0810,30,M,25000,False,종신,44
user_0606,30,M,45000,False,20년,91
user_0839,30,M,35000,False,20년,73
user_1690,45,F,45000,False,종신,19
user_1067,35,F,25000,False,20년,63
user_0994,35,F,35000,False,20년,43
user_0084,20,M,15000,False,10년,9
user_1972,55,F,15000,True,20년,82
user_0600,30,M,35000,False,종신,1
user_1641,45,F,50000,False,20년,87
user_1396,40,F,40000,False,종신,30
user_0594,30,M,30000,False,10년,63
user_0911,35,F,35000,False,종신,45
user_0071,20,M,20000,False,10년,77
user_1846,50,F,40000,True,종신,51
user_1586,45,F,60000,False,10년,64
user_1081,35,F,35000,False,20년,6
user_1446,40,F,35000,True,20년,55
user_1162,35,F,65000,False,종신,8
user_0604,30,M,40000,False,10년,69
user_0628,30,M,30000,True,종신,51
user_1645,45,F,35000,False,종신,50
user_1807,50,F,55000,False,종신,3
user_1227,35,F,40000,False,10년,8
user_0831,30,M,20000,True,종신,17
user_1954,55,F,50000,False,10년,12
user_1347,40,F,15000,False,20년,12
user_0198,20,M,20000,False,10년,2
user_0415,25,M,20000,False,10년,83
user_0811,30,M,30000,False,종신,36
user_1795,45,F,55000,False,종신,21
user_0271,25,M,25000,True,종신,17
user_1254,40,F,45000,False,10년,41
user_0386,25,M,20000,False,20년,68
user_0700,30,M,30000,False,종신,35
user_1802,50,F,50000,False,종신,15
user_1277,40,F,65000,False,10년,21
user_1311,40,F,40000,False,10년,15
user_0128,20,M,15000,False,종신,35
user_0713,30,M,25000,False,10년,72
user_1688,45,F,50000,False,종신,18
user_0184,20,M,20000,False,10년,2
user_0314,25,M,25000,False,종신,4
user_1449,40,F,50000,False,20년,93
user_1170,35,F,50000,True,20년,38
user_1165,35,F,50000,False,20년,72
user_1825,50,F,50000,True,종신,51
user_1823,50,F,45000,False,종신,22
user_1588,45,F,45000,True,20년,24
user_1316,40,F,25000,False,20년,16
user_1675,45,F,70000,False,20년,66
user_1479,40,F,30000,False,종신,53
user_0551,30,M,30000,True,20년,72
user_1010,35,F,35000,False,종신,36
user_1194,35,F,45000,False,20년,4
user_0268,25,M,15000,False,종신,46
user_0779,30,M,30000,False,10년,75
user_0716,30,M,40000,True,10년,41
user_0548,30,M,30000,False,20년,92
user_0302,25,M,15000,False,10년,44
user_1340,40,F,40000,False,종신,43
user_1217,35,F,35000,False,종신,51
user_1130,35,F,45000,False,10년,76
user_0739,30,M,40000,False,종신,40
user_1270,40,F,50000,False,20년,17
user_0966,35,F,55000,False,종신,19
user_0253,25,M,30000,False,10년,83
user_0870,30,M,45000,False,10년,17
user_0176,20,M,25000,False,20년,31
user_1752,45,F,60000,False,20년,50
user_0051,20,M,20000,False,20년,34
user_0858,30,M,35000,False,종신,35
user_1935,50,F,80000,False,종신,96
user_1149,35,F,55000,False,20년,23
user_1689,45,F,55000,True,종신,15
user_1624,45,F,40000,False,종신,15
user_0873,30,M,20000,False,10년,77
user_1046,35,F,50000,False,종신,43
user_0434,25,M,25000,False,10년,17
user_0390,25,M,15000,False,20년,72
user_0321,25,M,20000,False,20년,75
user_0134,20,M,20000,False,10년,75
user_0805,30,M,25000,False,10년,82
user_0749,30,M,25000,False,20년,18
user_0249,25,M,30000,True,10년,79
user_1210,35,F,55000,False,20년,47
user_0155,20,M,20000,True,20년,83
user_0023,20,M,20000,False,20년,65
user_0887,30,M,35000,False,20년,73
user_0555,30,M,30000,False,20년,65
user_0972,35,F,35000,False,20년,16
user_0216,25,M,25000,False,10년,44
user_0356,25,M,15000,False,10년,84
user_0454,25,M,25000,False,20년,83
user_0892,30,M,35000,False,종신,1
user_0363,25,M,20000,False,종신,6
user_1354,40,F,50000,False,20년,18
user_0202,25,M,25000,False,종신,36
user_0738,30,M,35000,True,20년,81
user_1657,45,F,50000,True,10년,24
user_1721,45,F,55000,False,20년,55
user_0203,25,M,25000,False,10년,75
user_0448,25,M,15000,False,종신,43
user_1876,50,F,65000,False,20년,60
user_1879,50,F,30000,False,종신,49
user_0057,20,M,15000,True,20년,73
user_1365,40,F,50000,True,종신,20
user_0177,20,M,20000,False,10년,44
user_0808,30,M,25000,True,20년,74
user_1984,55,F,75000,True,종신,94
user_0939,35,F,40000,False,20년,61
user_0477,25,M,25000,True,종신,17
user_1708,45,F,75000,False,종신,15
user_1180,35,F,30000,True,10년,53
user_0012,20,M,20000,False,종신,2
user_0462,25,M,20000,True,20년,28
user_0703,30,M,25000,False,10년,68
user_1584,45,F,50000,False,종신,95
user_0995,35,F,30000,True,종신,5
user_1630,45,F,60000,False,20년,48
user_1393,40,F,60000,False,20년,80
user_1343,40,F,45000,False,종신,15
user_0627,30,M,25000,True,20년,67
user_0751,30,M,25000,False,20년,68
user_1859,50,F,55000,False,20년,66
user_1176,35,F,35000,True,10년,24
user_1870,50,F,45000,True,종신,22
user_1408,40,F,55000,False,20년,79
user_0377,25,M,25000,False,10년,44
user_0411,25,M,25000,False,10년,2
user_0589,30,M,35000,False,20년,72
user_0730,30,M,25000,False,10년,4
user_1969,55,F,55000,False,종신,55
user_1313,40,F,55000,False,20년,23
user_0141,20,M,20000,False,20년,83
user_1115,35,F,40000,True,종신,29
user_0113,20,M,20000,False,20년,24
user_0558,30,M,25000,False,10년,12
user_1686,45,F,65000,False,20년,38
user_1226,35,F,40000,False,종신,55
user_1660,45,F,65000,False,20년,95
user_1975,55,F,60000,False,종신,29
user_1103,35,F,60000,False,종신,30
user_1090,35,F,40000,True,종신,52
user_0353,25,M,25000,True,10년,83
user_0275,25,M,15000,False,10년,44
user_1497,40,F,60000,False,종신,29
user_0387,25,M,20000,False,20년,31
user_1368,40,F,30000,False,10년,68
user_0520,30,M,35000,False,10년,1
user_1756,45,F,65000,False,종신,50
user_0413,25,M,10000,True,20년,28
user_1364,40,F,30000,False,종신,53
user_0632,30,M,40000,False,종신,4
user_1808,50,F,55000,False,종신,50
user_1774,45,F,50000,False,종신,35
user_1168,35,F,45000,False,20년,61
user_1070,35,F,45000,False,20년,6
user_0149,20,M,25000,False,20년,45
user_0849,30,M,25000,False,10년,47
user_0228,25,M,15000,False,종신,12
user_1080,35,F,50000,False,20년,57
user_0270,25,M,20000,True,종신,4
user_0161,20,M,15000,True,종신,56
user_0468,25,M,25000,False,10년,58
user_1703,45,F,60000,False,종신,56
user_0666,30,M,30000,False,20년,24
user_0601,30,M,35000,False,20년,75
user_1509,40,F,40000,False,20년,52
user_1142,35,F,55000,True,20년,16
user_0717,30,M,30000,False,종신,2
user_1685,45,F,35000,False,종신,21
user_0500,25,M,15000,False,20년,72
user_1030,35,F,30000,False,종신,50
user_1700,45,F,50000,True,종신,55
user_1796,45,F,40000,False,종신,40
user_1925,50,F,75000,False,종신,40
user_1878,50,F,45000,False,20년,19
user_1527,40,F,60000,False,20년,40
user_0514,30,M,25000,True,종신,17
user_1177,35,F,25000,False,10년,10
user_1533,40,F,45000,False,20년,23
user_0598,30,M,25000,False,종신,31
user_0657,30,M,30000,False,종신,36
user_0821,30,M,25000,True,20년,93
user_0922,35,F,30000,True,20년,92
user_0997,35,F,60000,False,20년,63
user_0932,35,F,60000,False,20년,42
user_0605,30,M,35000,False,종신,35
user_1902,50,F,45000,False,종신,55
user_1463,40,F,40000,True,종신,11
user_0401,25,M,10000,False,종신,12
user_0475,25,M,30000,False,종신,44
user_0799,30,M,30000,False,10년,35
user_0718,30,M,30000,True,20년,69
user_0466,25,M,20000,False,20년,44
user_1731,45,F,45000,True,종신,17
user_1076,35,F,35000,False,종신,21
user_1985,55,F,75000,False,종신,22
user_0340,25,M,15000,False,20년,2
user_0869,30,M,35000,False,10년,1
user_1357,40,F,35000,False,10년,81
user_0449,25,M,15000,True,10년,72
user_0481,25,M,20000,False,20년,42
user_0139,20,M,25000,True,10년,42
user_0092,20,M,25000,False,종신,46
user_1034,35,F,45000,False,20년,27
user_0530,30,M,25000,True,10년,58
